Month,App,City ID,Basket,Payment to Merchants,Trips,Total Eater Fees,Gross Bookings,Payments to Couriers,Incentive to Existing Eaters,Incentive to New Eaters,Discount due to other promotions/subscriptions,Revenue gained due to subscription,Net Revenue,New Eaters,Active Eaters,%SMB,%ENT
2022-06-01,UberEats,A1,621053.0,-481974.0,21611.0,139391.0,816252.0,-91373.0,-14504.0,-4116.0,-26954.0,9578.0,140782.0,479.0,6335.0,0.8553000000000001,0.1447
2022-07-01,UberEats,A1,667092.0,-523571.0,22872.0,148795.0,875819.0,-80897.0,-24031.0,-4206.0,-30560.0,10161.0,152843.0,507.0,6574.0,0.862,0.138
2022-08-01,UberEats,A1,658657.0,-515046.0,22779.0,147561.0,865491.0,-81375.0,-29258.0,-3588.0,-31315.0,10170.0,147834.0,462.0,6457.0,0.8643000000000001,0.13570000000000002
2022-09-01,UberEats,A1,642730.0,-502474.0,21903.0,144560.0,845123.0,-77920.0,-26255.0,-3615.0,-31777.0,9550.0,142037.0,434.0,6333.0,0.8595,0.1405
2022-10-01,UberEats,A1,666774.0,-520271.0,22268.0,153080.0,881265.0,-86008.0,-26220.0,-4178.0,-37651.0,10297.0,137224.0,450.0,6422.0,0.8579000000000001,0.1421
2022-11-01,UberEats,A1,612664.0,-479248.0,20645.0,140042.0,808995.0,-82680.0,-19362.0,-4121.0,-33965.0,10298.0,129461.0,396.0,6099.0,0.8571,0.1429
2022-12-01,UberEats,A1,667001.0,-521460.0,21904.0,153496.0,881328.0,-84155.0,-26152.0,-4653.0,-38660.0,10903.0,146156.0,417.0,6397.0,0.8640000000000001,0.136
2023-01-01,UberEats,A1,671522.0,-524118.0,22539.0,154456.0,887255.0,-78399.0,-33424.0,-4943.0,-40690.0,10951.0,147537.0,443.0,6386.0,0.8644,0.1356
2023-02-01,UberEats,A1,647947.0,-507023.0,21607.0,150977.0,856360.0,-74954.0,-34979.0,-3348.0,-41504.0,10411.0,137812.0,399.0,6255.0,0.8489,0.15109999999999998
2023-03-01,UberEats,A1,763424.0,-600978.0,25806.0,154222.0,985247.0,-93278.0,-42157.0,-3874.0,-37924.0,10926.0,134812.0,514.0,6935.0,0.8419,0.15810000000000002
2023-04-01,UberEats,A1,749681.0,-590873.0,25197.0,151809.0,967549.0,-92570.0,-48318.0,-4761.0,-36181.0,10945.0,128543.0,499.0,6949.0,0.8347,0.1653
2023-05-01,UberEats,A1,758758.0,-599069.0,25682.0,157347.0,982367.0,-98421.0,-40672.0,-5123.0,-36479.0,12585.0,141084.0,552.0,7112.0,0.8344,0.1656
2023-06-01,UberEats,A1,732942.0,-579434.0,24996.0,151654.0,949083.0,-85272.0,-30752.0,-5490.0,-34574.0,13031.0,150956.0,589.0,7002.0,0.8377,0.1623
2022-06-01,UberEats,A2,244111.0,-195057.0,9033.0,58394.0,321942.0,-39883.0,-5426.0,-1367.0,-8998.0,3689.0,52730.0,170.0,2598.0,0.815,0.185
2022-07-01,UberEats,A2,262713.0,-210994.0,9600.0,61893.0,345593.0,-37591.0,-8209.0,-1264.0,-12263.0,3992.0,42653.0,176.0,2660.0,0.8325,0.1675
2022-08-01,UberEats,A2,257576.0,-206676.0,9414.0,61992.0,340251.0,-35916.0,-10557.0,-1201.0,-13340.0,4024.0,46423.0,169.0,2636.0,0.8304,0.1696
2022-09-01,UberEats,A2,252042.0,-203149.0,9082.0,61804.0,334079.0,-33434.0,-7516.0,-1242.0,-14116.0,3818.0,48080.0,159.0,2633.0,0.8206,0.1794
2022-10-01,UberEats,A2,265897.0,-213296.0,9359.0,65665.0,352687.0,-35007.0,-7598.0,-1385.0,-16852.0,4160.0,52118.0,164.0,2731.0,0.8142,0.1858
2022-11-01,UberEats,A2,245440.0,-197556.0,8741.0,60112.0,325190.0,-32924.0,-4757.0,-1333.0,-14961.0,4310.0,53464.0,146.0,2596.0,0.8069,0.1931
2022-12-01,UberEats,A2,261111.0,-210032.0,9097.0,63795.0,345730.0,-31337.0,-6235.0,-1439.0,-16103.0,4470.0,56772.0,143.0,2605.0,0.8125,0.1875
2023-01-01,UberEats,A2,274579.0,-220705.0,9679.0,67324.0,363813.0,-29480.0,-8195.0,-1354.0,-18299.0,4594.0,62499.0,152.0,2658.0,0.8147,0.18530000000000002
2023-02-01,UberEats,A2,258209.0,-206928.0,8956.0,62162.0,340963.0,-29636.0,-8475.0,-916.0,-18077.0,4339.0,53706.0,138.0,2600.0,0.8156,0.1844
2023-03-01,UberEats,A2,303699.0,-244901.0,10521.0,74246.0,402010.0,-34458.0,-10437.0,-817.0,-21015.0,4777.0,60832.0,171.0,2871.0,0.8145,0.1855
2023-04-01,UberEats,A2,296077.0,-238766.0,10251.0,71981.0,391557.0,-35111.0,-8458.0,-1372.0,-20401.0,4834.0,61484.0,167.0,2856.0,0.8129000000000001,0.18710000000000002
2023-05-01,UberEats,A2,293871.0,-237381.0,10150.0,70041.0,387008.0,-35107.0,-10258.0,-1236.0,-18990.0,5494.0,63844.0,164.0,2793.0,0.8193,0.1807
2023-06-01,UberEats,A2,284331.0,-229953.0,9884.0,67439.0,374052.0,-35804.0,-6237.0,-1307.0,-18146.0,5673.0,62649.0,174.0,2724.0,0.8219,0.17809999999999998
2022-06-01,UberEats,B1,500918.0,-397273.0,18171.0,114673.0,649215.0,-67298.0,-11260.0,-3006.0,-21823.0,6743.0,101386.0,335.0,4997.0,0.8020999999999999,0.1979
2022-07-01,UberEats,B1,513794.0,-411005.0,18432.0,113135.0,661454.0,-61842.0,-13601.0,-2928.0,-24532.0,7243.0,97253.0,362.0,5035.0,0.8001,0.1999
2022-08-01,UberEats,B1,518868.0,-414023.0,18655.0,114070.0,667975.0,-67102.0,-19050.0,-2324.0,-25064.0,7119.0,86399.0,331.0,5119.0,0.8034,0.1966
2022-09-01,UberEats,B1,521420.0,-415968.0,18238.0,118349.0,674914.0,-65484.0,-21308.0,-2455.0,-28592.0,6566.0,78897.0,328.0,5121.0,0.8099,0.19010000000000002
2022-10-01,UberEats,B1,580791.0,-462090.0,19974.0,127972.0,748024.0,-71399.0,-25025.0,-2681.0,-31751.0,7303.0,84549.0,336.0,5421.0,0.8186,0.1814
2022-11-01,UberEats,B1,549047.0,-437812.0,19085.0,119672.0,705788.0,-70448.0,-17939.0,-2843.0,-28433.0,7433.0,98285.0,310.0,5271.0,0.8093,0.1907
2022-12-01,UberEats,B1,572197.0,-456109.0,19343.0,131599.0,742190.0,-69918.0,-19307.0,-3377.0,-34915.0,7975.0,111104.0,319.0,5401.0,0.8057,0.1943
2023-01-01,UberEats,B1,572609.0,-455323.0,19654.0,127712.0,738894.0,-61741.0,-20107.0,-2532.0,-34093.0,8024.0,121751.0,316.0,5331.0,0.8129000000000001,0.18710000000000002
2023-02-01,UberEats,B1,565270.0,-450406.0,19463.0,128560.0,731749.0,-64963.0,-23407.0,-1666.0,-36641.0,7766.0,113661.0,294.0,5300.0,0.8047,0.1953
2023-03-01,UberEats,B1,639165.0,-511038.0,21845.0,145205.0,827084.0,-77298.0,-26038.0,-1290.0,-42550.0,8435.0,123156.0,344.0,5648.0,0.8048000000000001,0.19519999999999998
2023-04-01,UberEats,B1,617548.0,-497229.0,20932.0,136947.0,795538.0,-77297.0,-23357.0,-2334.0,-40713.0,8433.0,110057.0,305.0,5524.0,0.7995,0.2005
2023-05-01,UberEats,B1,579818.0,-465541.0,19868.0,116427.0,734920.0,-77474.0,-20482.0,-2282.0,-29107.0,8937.0,105616.0,322.0,5520.0,0.8001999999999999,0.1998
2023-06-01,UberEats,B1,556253.0,-446910.0,19068.0,110888.0,704014.0,-78526.0,-8090.0,-2318.0,-26083.0,9396.0,104529.0,353.0,5365.0,0.8019,0.1981
2022-06-01,UberEats,C1,85924.0,-68469.0,3126.0,22144.0,116471.0,-13549.0,-2740.0,-1345.0,-4707.0,1926.0,18318.0,137.0,1172.0,0.8001,0.1999
2022-07-01,UberEats,C1,97946.0,-78971.0,3529.0,22652.0,130028.0,-14486.0,-4060.0,-1369.0,-5087.0,2078.0,17419.0,152.0,1272.0,0.8112,0.1888
2022-08-01,UberEats,C1,95620.0,-76597.0,3483.0,22241.0,127102.0,-13539.0,-4264.0,-1233.0,-5101.0,2089.0,18555.0,141.0,1236.0,0.8129000000000001,0.18710000000000002
2022-09-01,UberEats,C1,94478.0,-75536.0,3350.0,22361.0,125978.0,-12904.0,-4387.0,-1220.0,-5468.0,2024.0,17574.0,131.0,1207.0,0.8038,0.1962
2022-10-01,UberEats,C1,101618.0,-81148.0,3535.0,24924.0,136450.0,-12775.0,-4526.0,-1363.0,-6613.0,2251.0,18867.0,134.0,1241.0,0.8029999999999999,0.19699999999999998
2022-06-01,Postmates,A1,37403.0,-29870.0,1314.0,7737.0,48571.0,-5158.0,-1272.0,-115.0,-590.0,339.0,7644.0,60.0,483.0,0.8391,0.1609
2022-07-01,Postmates,A1,38312.0,-30649.0,1331.0,7616.0,49351.0,-4626.0,-1469.0,-117.0,-592.0,333.0,7906.0,62.0,481.0,0.8404,0.15960000000000002
2022-08-01,Postmates,A1,38312.0,-30649.0,1326.0,7205.0,48831.0,-4653.0,-2167.0,-80.0,-584.0,322.0,6939.0,58.0,468.0,0.8428,0.1572
2022-09-01,Postmates,A1,37143.0,-29870.0,1280.0,6565.0,47013.0,-4356.0,-2038.0,-54.0,-533.0,302.0,6107.0,50.0,464.0,0.8405,0.1595
2022-10-01,Postmates,A1,37662.0,-30130.0,1272.0,6833.0,47922.0,-4594.0,-2075.0,-186.0,-631.0,320.0,5756.0,48.0,440.0,0.8327,0.1673
2022-11-01,Postmates,A1,33896.0,-27013.0,1149.0,6145.0,43117.0,-4066.0,-1729.0,-143.0,-558.0,291.0,5510.0,34.0,396.0,0.8375,0.1625
2022-12-01,Postmates,A1,34935.0,-27922.0,1153.0,6260.0,44286.0,-3892.0,-1538.0,-125.0,-582.0,289.0,6378.0,32.0,381.0,0.8489,0.15109999999999998
2023-01-01,Postmates,A1,33117.0,-26234.0,1116.0,6099.0,42208.0,-3510.0,-1753.0,-119.0,-572.0,284.0,6332.0,33.0,323.0,0.8423999999999999,0.1576
2023-02-01,Postmates,A1,30779.0,-24545.0,1036.0,5744.0,39351.0,-3516.0,-1524.0,-88.0,-540.0,263.0,5798.0,29.0,307.0,0.8381000000000001,0.16190000000000002
2023-03-01,Postmates,A1,36494.0,-29091.0,1198.0,6688.0,46494.0,-4135.0,-2351.0,-710.0,-671.0,303.0,6212.0,53.0,345.0,0.8404,0.15960000000000002
2023-04-01,Postmates,A1,32987.0,-26234.0,1091.0,6183.0,42078.0,-3810.0,-1485.0,-260.0,-563.0,265.0,6444.0,30.0,311.0,0.8378,0.16219999999999998
2023-05-01,Postmates,A1,33377.0,-26623.0,1111.0,6450.0,42727.0,-4126.0,-1973.0,-194.0,-560.0,282.0,6125.0,36.0,310.0,0.8342,0.16579999999999998
2023-06-01,Postmates,A1,29870.0,-23896.0,993.0,6625.0,39351.0,-3307.0,-1443.0,-295.0,-634.0,290.0,6842.0,40.0,297.0,0.8466,0.1534
2022-06-01,Postmates,A2,10718.0,-8706.0,389.0,2310.0,13896.0,-1195.0,-344.0,-36.0,-235.0,131.0,2419.0,19.0,161.0,0.8458,0.1542
2022-07-01,Postmates,A2,11397.0,-9292.0,419.0,2342.0,14675.0,-1283.0,-418.0,-44.0,-207.0,123.0,1889.0,22.0,166.0,0.8327,0.1673
2022-08-01,Postmates,A2,11307.0,-9221.0,411.0,2235.0,14416.0,-1332.0,-628.0,-20.0,-212.0,116.0,1722.0,20.0,161.0,0.8401000000000001,0.15990000000000001
2022-09-01,Postmates,A2,11504.0,-9411.0,414.0,2160.0,14545.0,-1369.0,-595.0,-18.0,-211.0,108.0,1575.0,19.0,163.0,0.8369,0.1631
2022-10-01,Postmates,A2,12080.0,-9863.0,424.0,2321.0,15325.0,-1485.0,-612.0,-29.0,-253.0,117.0,1663.0,17.0,163.0,0.8192,0.1808
2022-11-01,Postmates,A2,11257.0,-9193.0,393.0,1931.0,14026.0,-1410.0,-839.0,-42.0,-213.0,112.0,1226.0,13.0,146.0,0.8153,0.18469999999999998
2022-12-01,Postmates,A2,11436.0,-9344.0,397.0,1721.0,14026.0,-1238.0,-693.0,-38.0,-167.0,99.0,1268.0,13.0,140.0,0.8286,0.1714
2023-01-01,Postmates,A2,11686.0,-9497.0,407.0,1795.0,14416.0,-1210.0,-919.0,-33.0,-184.0,102.0,1279.0,12.0,120.0,0.8212999999999999,0.1787
2023-02-01,Postmates,A2,11400.0,-9265.0,384.0,1701.0,14026.0,-1236.0,-1040.0,-44.0,-198.0,97.0,935.0,12.0,118.0,0.8220999999999999,0.1779
2023-03-01,Postmates,A2,14675.0,-11906.0,493.0,2234.0,18052.0,-1583.0,-1318.0,-311.0,-246.0,108.0,1261.0,25.0,150.0,0.8278,0.1722
2023-04-01,Postmates,A2,13506.0,-10967.0,460.0,2085.0,16623.0,-1596.0,-980.0,-118.0,-229.0,99.0,1431.0,13.0,133.0,0.818,0.182
2023-05-01,Postmates,A2,13896.0,-11254.0,470.0,2082.0,17013.0,-1694.0,-1441.0,-90.0,-221.0,110.0,1139.0,18.0,132.0,0.823,0.177
2023-06-01,Postmates,A2,12987.0,-10592.0,446.0,1949.0,15974.0,-1773.0,-1074.0,-148.0,-195.0,105.0,1187.0,22.0,134.0,0.8292,0.17079999999999998
2022-06-01,Postmates,B1,8420.0,-6829.0,274.0,1786.0,10775.0,-773.0,-369.0,-77.0,-337.0,112.0,1663.0,23.0,139.0,0.8823000000000001,0.1177
2022-07-01,Postmates,B1,9100.0,-7405.0,292.0,1791.0,11505.0,-815.0,-561.0,-78.0,-289.0,109.0,1516.0,27.0,146.0,0.8833,0.1167
2022-08-01,Postmates,B1,9842.0,-7962.0,309.0,1828.0,12337.0,-869.0,-958.0,-48.0,-297.0,107.0,1219.0,29.0,152.0,0.8876000000000001,0.1124
2022-09-01,Postmates,B1,10450.0,-8484.0,329.0,1894.0,13117.0,-857.0,-913.0,-26.0,-345.0,112.0,1210.0,23.0,159.0,0.8883,0.1117
2022-10-01,Postmates,B1,10887.0,-8798.0,338.0,2005.0,13636.0,-893.0,-903.0,-72.0,-336.0,110.0,1318.0,23.0,151.0,0.8806,0.11939999999999999
2022-11-01,Postmates,B1,10973.0,-8876.0,338.0,1710.0,13377.0,-1008.0,-1249.0,-89.0,-267.0,100.0,920.0,17.0,146.0,0.8791,0.1209
2022-12-01,Postmates,B1,10902.0,-8812.0,330.0,1513.0,13117.0,-1090.0,-976.0,-90.0,-227.0,90.0,949.0,18.0,140.0,0.8745,0.1255
2023-01-01,Postmates,B1,10817.0,-8679.0,321.0,1514.0,13117.0,-995.0,-1497.0,-193.0,-237.0,94.0,631.0,23.0,118.0,0.8806,0.11939999999999999
2023-02-01,Postmates,B1,12535.0,-10026.0,370.0,1784.0,15195.0,-1181.0,-2157.0,-263.0,-320.0,102.0,327.0,31.0,140.0,0.8815999999999999,0.1184
2023-03-01,Postmates,B1,15455.0,-12466.0,450.0,2148.0,18701.0,-1548.0,-2590.0,-825.0,-388.0,113.0,381.0,50.0,171.0,0.8789,0.1211
2023-04-01,Postmates,B1,15195.0,-12164.0,441.0,2146.0,18312.0,-1741.0,-2388.0,-519.0,-405.0,114.0,225.0,40.0,167.0,0.8835,0.1165
2023-05-01,Postmates,B1,15195.0,-12136.0,434.0,1988.0,18052.0,-1908.0,-2918.0,-379.0,-351.0,132.0,-293.0,30.0,152.0,0.8835999999999999,0.1164
2023-06-01,Postmates,B1,14026.0,-11249.0,415.0,1797.0,16753.0,-2043.0,-2487.0,-725.0,-260.0,123.0,-426.0,51.0,171.0,0.8895000000000001,0.1105
2022-06-01,Postmates,C1,26364.0,-21299.0,891.0,6331.0,35325.0,-3245.0,-1044.0,-40.0,-1144.0,609.0,5926.0,25.0,329.0,0.8526,0.1474
2022-07-01,Postmates,C1,27143.0,-22078.0,912.0,6062.0,35844.0,-3429.0,-1225.0,-40.0,-963.0,579.0,5505.0,26.0,332.0,0.8527,0.14730000000000001
2022-08-01,Postmates,C1,27403.0,-22208.0,903.0,5874.0,35844.0,-3271.0,-2561.0,-19.0,-740.0,529.0,4465.0,25.0,319.0,0.8512000000000001,0.14880000000000002
2022-09-01,Postmates,C1,27403.0,-22338.0,908.0,4472.0,34286.0,-3164.0,-1999.0,-14.0,-567.0,447.0,3442.0,23.0,330.0,0.8473999999999999,0.15259999999999999
2022-10-01,Postmates,C1,28701.0,-23247.0,957.0,4435.0,35714.0,-3304.0,-1670.0,-72.0,-539.0,434.0,3423.0,23.0,314.0,0.8326,0.1674
2022-11-01,UberEats,C1,94222.0,-75534.0,3317.0,22915.0,126298.0,-12932.0,-3274.0,-1415.0,-6063.0,2176.0,16954.0,123.0,1193.0,0.7947,0.2053
2022-12-01,UberEats,C1,104539.0,-83649.0,3620.0,25720.0,140427.0,-15664.0,-4309.0,-1460.0,-7097.0,2313.0,17350.0,129.0,1278.0,0.8006,0.19940000000000002
2023-01-01,UberEats,C1,107950.0,-86268.0,3806.0,26603.0,145037.0,-15821.0,-5591.0,-1505.0,-7787.0,2370.0,17162.0,142.0,1295.0,0.8098000000000001,0.1902
2023-02-01,UberEats,C1,101950.0,-81533.0,3582.0,25506.0,137049.0,-13045.0,-5683.0,-769.0,-7734.0,2266.0,18514.0,116.0,1226.0,0.7986,0.2014
2023-03-01,UberEats,C1,126097.0,-101665.0,4436.0,26515.0,164444.0,-18151.0,-7799.0,-554.0,-7070.0,2355.0,15837.0,156.0,1441.0,0.7968000000000001,0.2032
2023-04-01,UberEats,C1,123401.0,-99382.0,4347.0,26284.0,161259.0,-19636.0,-7653.0,-1400.0,-6781.0,2343.0,14617.0,148.0,1438.0,0.7883,0.21170000000000003
2023-05-01,UberEats,C1,123557.0,-99813.0,4382.0,26998.0,162052.0,-19982.0,-6518.0,-1522.0,-6876.0,2743.0,16373.0,164.0,1478.0,0.7870999999999999,0.21289999999999998
2023-06-01,UberEats,C1,121290.0,-98201.0,4327.0,26370.0,159118.0,-16555.0,-4423.0,-1537.0,-6624.0,2860.0,20357.0,175.0,1477.0,0.7889,0.21109999999999998
2022-06-01,UberEats,C2,755121.0,-601029.0,28639.0,157544.0,990746.0,-99704.0,-16305.0,-4766.0,-19168.0,8238.0,159683.0,563.0,8367.0,0.7478,0.2522
2022-07-01,UberEats,C2,793928.0,-639848.0,29861.0,175295.0,1051452.0,-97484.0,-24744.0,-4570.0,-31695.0,9702.0,154721.0,599.0,8545.0,0.7601,0.23989999999999997
2022-08-01,UberEats,C2,784581.0,-630780.0,29750.0,173942.0,1039870.0,-98820.0,-29871.0,-3962.0,-33222.0,9814.0,151607.0,579.0,8448.0,0.7609,0.2391
2022-09-01,UberEats,C2,780465.0,-628212.0,29038.0,172847.0,1033556.0,-94437.0,-33948.0,-3738.0,-35651.0,9117.0,134883.0,526.0,8298.0,0.7585999999999999,0.2414
2022-10-01,UberEats,C2,885620.0,-711366.0,32027.0,189993.0,1166533.0,-91476.0,-38020.0,-5112.0,-40585.0,10080.0,141044.0,669.0,8829.0,0.7655,0.2345
2022-11-01,UberEats,C2,817744.0,-657329.0,30037.0,180480.0,1082417.0,-92967.0,-28315.0,-4795.0,-39352.0,10206.0,157759.0,529.0,8426.0,0.7661,0.2339
2022-12-01,UberEats,C2,878357.0,-732067.0,31235.0,201521.0,1169409.0,-110420.0,-33443.0,-5517.0,-47925.0,10803.0,129536.0,562.0,8828.0,0.7715000000000001,0.2285
2023-01-01,UberEats,C2,890435.0,-714981.0,32441.0,201754.0,1182953.0,-85354.0,-33609.0,-5885.0,-50297.0,11342.0,183797.0,566.0,8739.0,0.7755,0.2245
2023-02-01,UberEats,C2,863115.0,-695308.0,31086.0,193411.0,1144028.0,-73536.0,-38422.0,-3898.0,-51710.0,11145.0,164830.0,490.0,8520.0,0.7712,0.2288
2023-03-01,UberEats,C2,1038501.0,-842765.0,37542.0,204925.0,1348327.0,-94671.0,-48592.0,-4275.0,-50579.0,11921.0,164936.0,619.0,9514.0,0.7659999999999999,0.23399999999999999
2023-04-01,UberEats,C2,977363.0,-793011.0,35469.0,191351.0,1266942.0,-90034.0,-44117.0,-5164.0,-46051.0,11987.0,162959.0,573.0,9254.0,0.7603,0.2397
2023-05-01,UberEats,C2,974022.0,-791569.0,35567.0,191099.0,1262573.0,-95070.0,-47844.0,-5093.0,-44694.0,14127.0,161446.0,594.0,9372.0,0.76,0.24
2023-06-01,UberEats,C2,949501.0,-772759.0,34500.0,185133.0,1230222.0,-89858.0,-34727.0,-5583.0,-42579.0,14714.0,167768.0,643.0,9349.0,0.7622,0.2378
2022-06-01,UberEats,C3,270752.0,-213282.0,9226.0,57142.0,350544.0,-31442.0,-6128.0,-1548.0,-9382.0,3618.0,66365.0,180.0,2784.0,0.7998999999999999,0.20010000000000003
2022-07-01,UberEats,C3,282188.0,-224375.0,9442.0,61006.0,366763.0,-27908.0,-7190.0,-1758.0,-10869.0,3812.0,69620.0,199.0,2841.0,0.7943000000000001,0.2057
2022-08-01,UberEats,C3,280320.0,-222881.0,9468.0,60905.0,364716.0,-25710.0,-9193.0,-1521.0,-11201.0,3832.0,68557.0,192.0,2847.0,0.7974,0.2026
2022-09-01,UberEats,C3,284802.0,-226268.0,9395.0,61403.0,369940.0,-28867.0,-9884.0,-1513.0,-11604.0,3640.0,64819.0,189.0,2857.0,0.8007,0.1993
2022-10-01,UberEats,C3,312872.0,-248585.0,10249.0,62062.0,400726.0,-33675.0,-11382.0,-1644.0,-11384.0,3820.0,60894.0,194.0,3004.0,0.8031999999999999,0.1968
2022-11-01,UberEats,C3,290706.0,-231026.0,9588.0,62153.0,377262.0,-29097.0,-7785.0,-1874.0,-12335.0,3863.0,70954.0,178.0,2890.0,0.7992,0.20079999999999998
2022-12-01,UberEats,C3,319776.0,-254363.0,10316.0,69191.0,415773.0,-32297.0,-9710.0,-4616.0,-14604.0,4118.0,75193.0,214.0,3096.0,0.8020999999999999,0.1979
2023-01-01,UberEats,C3,312861.0,-248756.0,10307.0,67941.0,407040.0,-28650.0,-9902.0,-1833.0,-14960.0,4154.0,77685.0,194.0,3003.0,0.8023,0.1977
2023-02-01,UberEats,C3,304829.0,-242786.0,10062.0,65906.0,395666.0,-28660.0,-11793.0,-1076.0,-15529.0,4043.0,70946.0,177.0,2967.0,0.7920999999999999,0.2079
2023-03-01,UberEats,C3,342513.0,-274102.0,11273.0,74397.0,445427.0,-32402.0,-13006.0,-787.0,-17595.0,4358.0,79403.0,201.0,3151.0,0.7870999999999999,0.21289999999999998
2023-04-01,UberEats,C3,333928.0,-267443.0,10979.0,71837.0,433398.0,-31451.0,-11801.0,-1549.0,-16794.0,4424.0,78586.0,188.0,3142.0,0.7837999999999999,0.2162
2023-05-01,UberEats,C3,328524.0,-263720.0,10787.0,70072.0,426177.0,-29639.0,-10769.0,-1526.0,-15931.0,5122.0,80528.0,193.0,3146.0,0.7889,0.21109999999999998
2023-06-01,UberEats,C3,316769.0,-254687.0,10258.0,66375.0,410075.0,-28237.0,-5251.0,-1531.0,-14748.0,5328.0,81614.0,203.0,3047.0,0.8004000000000001,0.1996
2022-06-01,UberEats,D1,659744.0,-525156.0,25621.0,160412.0,872896.0,-87475.0,-15161.0,-4532.0,-26543.0,9749.0,162135.0,547.0,7116.0,0.7531,0.2469
2022-07-01,UberEats,D1,703238.0,-566255.0,27027.0,169530.0,929215.0,-84987.0,-22407.0,-4529.0,-31305.0,10391.0,161253.0,575.0,7275.0,0.7645000000000001,0.23550000000000001
2022-08-01,UberEats,D1,695422.0,-558214.0,26794.0,169038.0,920581.0,-84770.0,-29827.0,-3938.0,-32748.0,10514.0,155184.0,543.0,7250.0,0.7655,0.2345
2022-09-01,UberEats,D1,677644.0,-544301.0,25715.0,164228.0,896404.0,-75573.0,-27028.0,-3631.0,-32877.0,10017.0,153519.0,484.0,7047.0,0.7568,0.2432
2022-10-01,UberEats,D1,719700.0,-578046.0,26933.0,172028.0,948961.0,-82328.0,-27978.0,-4266.0,-36713.0,10847.0,160757.0,516.0,7312.0,0.7526999999999999,0.2473
2022-11-01,UberEats,D1,674839.0,-543107.0,25302.0,165350.0,894288.0,-78562.0,-24784.0,-4410.0,-36219.0,10882.0,151650.0,465.0,7031.0,0.7431,0.2569
2022-12-01,UberEats,D1,727838.0,-587021.0,26653.0,180135.0,966003.0,-79264.0,-26751.0,-5220.0,-41704.0,11585.0,164480.0,488.0,7299.0,0.7501000000000001,0.24989999999999998
2023-01-01,UberEats,D1,723043.0,-580826.0,26738.0,178090.0,958859.0,-74187.0,-30308.0,-5995.0,-44261.0,11571.0,167221.0,526.0,7257.0,0.7579,0.2421
2023-02-01,UberEats,D1,692658.0,-555882.0,25070.0,171058.0,919018.0,-71696.0,-36641.0,-4281.0,-45665.0,11130.0,150130.0,467.0,7036.0,0.7559,0.2441
2023-03-01,UberEats,D1,825035.0,-668069.0,30111.0,185996.0,1076302.0,-84644.0,-42836.0,-5357.0,-46769.0,12137.0,162143.0,578.0,7764.0,0.7504000000000001,0.24960000000000002
2022-11-01,Postmates,C1,27403.0,-22338.0,910.0,4311.0,34286.0,-3295.0,-2297.0,-60.0,-524.0,411.0,2436.0,17.0,297.0,0.828,0.172
2022-12-01,Postmates,C1,30000.0,-24286.0,975.0,4343.0,37013.0,-3355.0,-1982.0,-44.0,-543.0,396.0,3216.0,16.0,301.0,0.8423999999999999,0.1576
2023-01-01,Postmates,C1,29221.0,-23506.0,965.0,4269.0,36104.0,-3083.0,-2191.0,-46.0,-553.0,389.0,3242.0,18.0,265.0,0.8397,0.1603
2023-02-01,Postmates,C1,27273.0,-22078.0,890.0,4146.0,33896.0,-2901.0,-2482.0,-52.0,-552.0,356.0,2895.0,19.0,255.0,0.8398,0.1602
2023-03-01,Postmates,C1,31169.0,-25195.0,1010.0,4755.0,38831.0,-3481.0,-2201.0,-238.0,-652.0,397.0,3679.0,23.0,271.0,0.8393,0.1607
2023-04-01,Postmates,C1,29481.0,-23896.0,960.0,4490.0,36753.0,-3392.0,-2100.0,-137.0,-586.0,357.0,3521.0,23.0,267.0,0.8308,0.16920000000000002
2023-05-01,Postmates,C1,30000.0,-24156.0,970.0,4524.0,37143.0,-3392.0,-2588.0,-94.0,-574.0,372.0,3263.0,24.0,258.0,0.8309000000000001,0.1691
2023-06-01,Postmates,C1,27662.0,-22338.0,910.0,4198.0,34286.0,-3219.0,-1485.0,-190.0,-530.0,362.0,3590.0,22.0,249.0,0.8379000000000001,0.16210000000000002
2022-06-01,Postmates,C2,25714.0,-21039.0,883.0,5109.0,33636.0,-2380.0,-947.0,-109.0,-499.0,253.0,5354.0,48.0,393.0,0.8348,0.16519999999999999
2022-07-01,Postmates,C2,26753.0,-21948.0,909.0,5135.0,34805.0,-2397.0,-1238.0,-85.0,-530.0,246.0,4998.0,53.0,403.0,0.8338,0.16620000000000001
2022-08-01,Postmates,C2,27013.0,-22208.0,905.0,4899.0,34805.0,-2436.0,-1914.0,-62.0,-511.0,235.0,4285.0,53.0,394.0,0.8484999999999999,0.1515
2022-09-01,Postmates,C2,26753.0,-21948.0,889.0,4528.0,34156.0,-2205.0,-1806.0,-45.0,-509.0,223.0,3790.0,44.0,400.0,0.8533,0.1467
2022-10-01,Postmates,C2,28571.0,-23506.0,927.0,4909.0,36623.0,-1991.0,-1852.0,-143.0,-563.0,236.0,3877.0,45.0,381.0,0.8493999999999999,0.1506
2022-11-01,Postmates,C2,25325.0,-20779.0,831.0,4386.0,32468.0,-1941.0,-1640.0,-139.0,-498.0,212.0,3942.0,31.0,341.0,0.8484,0.1516
2022-12-01,Postmates,C2,25974.0,-21429.0,832.0,4618.0,33377.0,-1931.0,-1280.0,-116.0,-576.0,205.0,4455.0,31.0,333.0,0.8488,0.1512
2023-01-01,Postmates,C2,24805.0,-20260.0,810.0,4635.0,32078.0,-1713.0,-1739.0,-192.0,-565.0,210.0,4192.0,32.0,266.0,0.8371,0.1629
2023-02-01,Postmates,C2,23247.0,-19091.0,755.0,4249.0,30000.0,-1523.0,-1607.0,-188.0,-559.0,201.0,3533.0,30.0,259.0,0.8416,0.15839999999999999
2023-03-01,Postmates,C2,30130.0,-24675.0,942.0,5468.0,38701.0,-2001.0,-2916.0,-1166.0,-754.0,241.0,3660.0,68.0,320.0,0.8406,0.1594
2023-04-01,Postmates,C2,25844.0,-21169.0,820.0,4831.0,33377.0,-1816.0,-1672.0,-521.0,-615.0,213.0,4229.0,31.0,266.0,0.8365,0.1635
2023-05-01,Postmates,C2,24805.0,-20390.0,797.0,4777.0,32208.0,-1902.0,-2163.0,-194.0,-596.0,234.0,3659.0,32.0,257.0,0.8345,0.1655
2023-06-01,Postmates,C2,23636.0,-19351.0,760.0,4887.0,30909.0,-1801.0,-1747.0,-394.0,-548.0,228.0,4057.0,41.0,269.0,0.8429000000000001,0.15710000000000002
2022-06-01,Postmates,C3,3382.0,-2738.0,107.0,603.0,4257.0,-326.0,-167.0,-39.0,-50.0,25.0,674.0,11.0,55.0,0.7985,0.20149999999999998
2022-07-01,Postmates,C3,3748.0,-3040.0,115.0,639.0,4687.0,-314.0,-254.0,-38.0,-51.0,28.0,665.0,13.0,58.0,0.8088,0.1912
2022-08-01,Postmates,C3,4086.0,-3307.0,122.0,667.0,5076.0,-317.0,-454.0,-30.0,-56.0,30.0,549.0,13.0,60.0,0.8176000000000001,0.18239999999999998
2022-09-01,Postmates,C3,4119.0,-3347.0,124.0,631.0,5075.0,-331.0,-420.0,-13.0,-57.0,29.0,497.0,11.0,61.0,0.8137000000000001,0.1863
2022-10-01,Postmates,C3,4421.0,-3569.0,130.0,700.0,5469.0,-368.0,-425.0,-41.0,-66.0,32.0,535.0,10.0,60.0,0.8156,0.1844
2022-11-01,Postmates,C3,4442.0,-3575.0,130.0,636.0,5428.0,-375.0,-556.0,-47.0,-61.0,30.0,433.0,8.0,58.0,0.8243,0.1757
2022-12-01,Postmates,C3,4506.0,-3628.0,129.0,575.0,5429.0,-398.0,-444.0,-40.0,-57.0,28.0,460.0,8.0,55.0,0.8406999999999999,0.1593
2023-01-01,Postmates,C3,4410.0,-3519.0,128.0,582.0,5332.0,-375.0,-618.0,-69.0,-64.0,28.0,349.0,10.0,49.0,0.8170999999999999,0.18289999999999998
2023-02-01,Postmates,C3,4782.0,-3812.0,138.0,640.0,5790.0,-422.0,-729.0,-79.0,-85.0,29.0,295.0,10.0,52.0,0.8218000000000001,0.1782
2023-03-01,Postmates,C3,6048.0,-4850.0,172.0,802.0,7312.0,-508.0,-953.0,-364.0,-112.0,36.0,365.0,19.0,66.0,0.8240999999999999,0.1759
2023-04-01,Postmates,C3,5706.0,-4571.0,164.0,761.0,6903.0,-494.0,-768.0,-163.0,-102.0,35.0,472.0,10.0,61.0,0.8229000000000001,0.1771
2023-05-01,Postmates,C3,5983.0,-4784.0,172.0,807.0,7252.0,-501.0,-1044.0,-89.0,-105.0,45.0,327.0,11.0,62.0,0.8206,0.1794
2023-06-01,Postmates,C3,5284.0,-4252.0,152.0,693.0,6389.0,-446.0,-684.0,-177.0,-80.0,40.0,486.0,15.0,62.0,0.8217,0.1783
2022-06-01,Postmates,D1,18312.0,-14935.0,680.0,4068.0,23896.0,-1882.0,-649.0,-110.0,-330.0,183.0,4374.0,47.0,293.0,0.7843000000000001,0.2157
2022-07-01,Postmates,D1,19091.0,-15584.0,702.0,4102.0,24675.0,-1943.0,-827.0,-98.0,-362.0,183.0,4109.0,49.0,298.0,0.7783,0.2217
2022-08-01,Postmates,D1,19740.0,-16104.0,717.0,4062.0,25325.0,-2054.0,-1365.0,-61.0,-375.0,187.0,3547.0,49.0,295.0,0.7859,0.2141
2022-09-01,Postmates,D1,19610.0,-15974.0,705.0,3756.0,24935.0,-1850.0,-1322.0,-25.0,-351.0,179.0,3319.0,41.0,288.0,0.7879999999999999,0.212
2022-10-01,Postmates,D1,20000.0,-16234.0,710.0,3987.0,25455.0,-2004.0,-1292.0,-72.0,-396.0,184.0,3504.0,37.0,274.0,0.7752,0.2248
2022-11-01,Postmates,D1,19221.0,-15714.0,682.0,3402.0,24156.0,-1901.0,-1558.0,-124.0,-361.0,176.0,2646.0,30.0,255.0,0.7753,0.22469999999999998
2022-12-01,Postmates,D1,20260.0,-16494.0,715.0,3029.0,24805.0,-1947.0,-1229.0,-128.0,-274.0,150.0,2722.0,30.0,253.0,0.7816,0.2184
2023-01-01,Postmates,D1,20000.0,-16234.0,707.0,3087.0,24675.0,-1943.0,-1646.0,-183.0,-308.0,160.0,2501.0,31.0,214.0,0.7789,0.2211
2023-02-01,Postmates,D1,19221.0,-15455.0,654.0,3143.0,23896.0,-1898.0,-1748.0,-155.0,-382.0,151.0,2281.0,27.0,203.0,0.7817000000000001,0.2183
2023-03-01,Postmates,D1,24545.0,-20000.0,818.0,3860.0,30390.0,-2353.0,-2453.0,-1202.0,-484.0,181.0,2710.0,59.0,252.0,0.7959999999999999,0.204
2023-04-01,UberEats,D1,795296.0,-642114.0,29195.0,178136.0,1036489.0,-81435.0,-37850.0,-6910.0,-43873.0,12287.0,167781.0,607.0,7723.0,0.7433,0.25670000000000004
2023-05-01,UberEats,D1,809911.0,-655320.0,29716.0,179773.0,1052950.0,-86307.0,-41269.0,-5763.0,-42008.0,14170.0,170395.0,606.0,7854.0,0.7562000000000001,0.2438
2023-06-01,UberEats,D1,790384.0,-639394.0,29074.0,174842.0,1027103.0,-79394.0,-27697.0,-6586.0,-40725.0,14590.0,172897.0,655.0,7785.0,0.7519,0.2481
2022-06-01,UberEats,D2,207631.0,-165383.0,7330.0,51580.0,275364.0,-28691.0,-4720.0,-1541.0,-8783.0,3677.0,50756.0,187.0,2363.0,0.7384000000000001,0.2616
2022-07-01,UberEats,D2,216837.0,-174024.0,7539.0,53472.0,289566.0,-25244.0,-6838.0,-1424.0,-11261.0,4033.0,51368.0,189.0,2374.0,0.7587999999999999,0.2412
2022-08-01,UberEats,D2,221183.0,-177481.0,7684.0,56293.0,296706.0,-27865.0,-9453.0,-1341.0,-13037.0,4103.0,47205.0,185.0,2408.0,0.7574,0.2426
2022-09-01,UberEats,D2,215598.0,-173080.0,7408.0,54105.0,288398.0,-26453.0,-7655.0,-1428.0,-12636.0,3859.0,41851.0,179.0,2373.0,0.748,0.252
2022-10-01,UberEats,D2,234879.0,-188527.0,7995.0,55851.0,311007.0,-24798.0,-8693.0,-1584.0,-12862.0,4111.0,45838.0,188.0,2496.0,0.7570999999999999,0.2429
2022-11-01,UberEats,D2,216881.0,-174191.0,7359.0,54460.0,290205.0,-24983.0,-7333.0,-1666.0,-13197.0,4148.0,47319.0,172.0,2356.0,0.7469,0.2531
2022-12-01,UberEats,D2,224676.0,-181330.0,7439.0,57696.0,301850.0,-26053.0,-7956.0,-1841.0,-15120.0,4326.0,48492.0,176.0,2407.0,0.7471,0.2529
2023-01-01,UberEats,D2,236570.0,-190814.0,7951.0,60213.0,316541.0,-25722.0,-9710.0,-1954.0,-16651.0,4457.0,53006.0,191.0,2457.0,0.7508,0.2492
2023-02-01,UberEats,D2,227554.0,-183584.0,7714.0,57411.0,303667.0,-24076.0,-11129.0,-1224.0,-15871.0,4254.0,49254.0,168.0,2391.0,0.7448999999999999,0.2551
2023-03-01,UberEats,D2,268582.0,-217661.0,8997.0,66624.0,357084.0,-25638.0,-13600.0,-1033.0,-18543.0,4578.0,56749.0,195.0,2600.0,0.7464,0.2536
2023-04-01,UberEats,D2,261336.0,-211741.0,8790.0,64297.0,346858.0,-27597.0,-11335.0,-1719.0,-17526.0,4589.0,56428.0,186.0,2573.0,0.7437999999999999,0.2562
2023-05-01,UberEats,D2,261562.0,-212102.0,8811.0,60829.0,343404.0,-28337.0,-11917.0,-1681.0,-15587.0,5215.0,55461.0,201.0,2621.0,0.75,0.25
2023-06-01,UberEats,D2,256308.0,-208262.0,8546.0,60054.0,337094.0,-26615.0,-6017.0,-1780.0,-15234.0,5398.0,57431.0,213.0,2610.0,0.7481,0.2519
2022-06-01,UberEats,E1,52830.0,-42317.0,2117.0,14965.0,71941.0,-6592.0,-1140.0,-442.0,-2919.0,1007.0,15021.0,54.0,660.0,0.585,0.415
2022-07-01,UberEats,E1,55291.0,-44747.0,2193.0,15867.0,75530.0,-6269.0,-1409.0,-441.0,-3434.0,1051.0,15572.0,55.0,667.0,0.607,0.39299999999999996
2022-08-01,UberEats,E1,51879.0,-41818.0,2088.0,15095.0,71151.0,-5814.0,-1675.0,-365.0,-3369.0,1075.0,14511.0,49.0,646.0,0.6167,0.3833
2022-09-01,UberEats,E1,49883.0,-40241.0,1968.0,14118.0,68017.0,-5091.0,-1500.0,-327.0,-3232.0,1026.0,13572.0,45.0,618.0,0.6013000000000001,0.3987
2022-10-01,UberEats,E1,55549.0,-44813.0,2178.0,14764.0,74761.0,-6497.0,-1612.0,-394.0,-3386.0,1103.0,13721.0,50.0,658.0,0.5820000000000001,0.418
2022-11-01,UberEats,E1,54959.0,-44364.0,2153.0,15654.0,75026.0,-6607.0,-1429.0,-417.0,-3748.0,1089.0,14395.0,48.0,658.0,0.5801,0.4199
2022-12-01,UberEats,E1,57913.0,-46842.0,2195.0,16488.0,79030.0,-6278.0,-1541.0,-433.0,-4249.0,1156.0,15297.0,49.0,679.0,0.5876,0.41240000000000004
2023-01-01,UberEats,E1,57628.0,-46404.0,2216.0,16218.0,78470.0,-6195.0,-1739.0,-395.0,-4513.0,1165.0,15225.0,49.0,658.0,0.5943,0.4057
2023-02-01,UberEats,E1,56002.0,-45003.0,2138.0,15886.0,76387.0,-5824.0,-1707.0,-242.0,-4548.0,1133.0,14774.0,44.0,650.0,0.5947,0.4053
2023-03-01,UberEats,E1,61944.0,-49954.0,2359.0,17286.0,84155.0,-6209.0,-1502.0,-185.0,-5002.0,1189.0,16276.0,53.0,687.0,0.5887,0.4113
2023-04-01,UberEats,E1,59505.0,-47979.0,2265.0,16679.0,80907.0,-6635.0,-1277.0,-265.0,-4859.0,1203.0,15343.0,45.0,661.0,0.5837,0.4163
2023-05-01,UberEats,E1,60265.0,-48676.0,2303.0,17064.0,82102.0,-6797.0,-1579.0,-298.0,-4940.0,1396.0,15601.0,47.0,672.0,0.5848,0.4152
2023-06-01,UberEats,E1,57390.0,-46303.0,2184.0,16041.0,77996.0,-5985.0,-881.0,-336.0,-4578.0,1426.0,15732.0,51.0,657.0,0.5877,0.41229999999999994
2022-06-01,UberEats,F1,15790.0,-12668.0,581.0,4368.0,21652.0,-2235.0,-396.0,-235.0,-744.0,380.0,4151.0,22.0,199.0,0.6368,0.3632
2022-07-01,UberEats,F1,17205.0,-13947.0,637.0,5063.0,23924.0,-2346.0,-390.0,-244.0,-1103.0,400.0,4496.0,26.0,213.0,0.6372,0.3628
2022-08-01,UberEats,F1,16306.0,-13171.0,616.0,4863.0,22762.0,-2242.0,-375.0,-216.0,-1120.0,414.0,4290.0,23.0,203.0,0.6377,0.36229999999999996
2022-09-01,UberEats,F1,16215.0,-13055.0,596.0,4757.0,22552.0,-2016.0,-484.0,-219.0,-1175.0,413.0,4137.0,23.0,198.0,0.6356,0.3644
2022-10-01,UberEats,F1,16842.0,-13529.0,606.0,4931.0,23415.0,-1901.0,-395.0,-219.0,-1268.0,453.0,4631.0,21.0,199.0,0.6355,0.36450000000000005
2022-11-01,UberEats,F1,15128.0,-12183.0,551.0,4526.0,21135.0,-1814.0,-228.0,-233.0,-1192.0,436.0,4220.0,20.0,192.0,0.6183,0.38170000000000004
2022-12-01,UberEats,F1,16499.0,-13282.0,586.0,4966.0,23075.0,-2032.0,-291.0,-272.0,-1385.0,450.0,4534.0,22.0,203.0,0.6235,0.3765
2023-01-01,UberEats,F1,16817.0,-13487.0,610.0,5120.0,23586.0,-1988.0,-418.0,-263.0,-1523.0,456.0,4371.0,24.0,202.0,0.6417,0.3583
2023-02-01,UberEats,F1,17397.0,-13934.0,619.0,5257.0,24272.0,-2091.0,-551.0,-133.0,-1558.0,444.0,4314.0,21.0,205.0,0.6384000000000001,0.3616
2023-03-01,UberEats,F1,20654.0,-16614.0,728.0,6252.0,28912.0,-2730.0,-934.0,-111.0,-1912.0,473.0,4271.0,26.0,229.0,0.6154,0.3846
2023-04-01,UberEats,F1,19589.0,-15757.0,688.0,6014.0,27499.0,-2412.0,-892.0,-242.0,-1849.0,472.0,4220.0,25.0,224.0,0.5932999999999999,0.4067
2023-05-01,UberEats,F1,18873.0,-15202.0,669.0,5892.0,26548.0,-2384.0,-704.0,-261.0,-1823.0,550.0,4524.0,26.0,219.0,0.6148,0.38520000000000004
2023-06-01,UberEats,F1,18178.0,-14653.0,645.0,5628.0,25594.0,-2187.0,-590.0,-273.0,-1733.0,560.0,4486.0,28.0,220.0,0.6236,0.3764
2022-06-01,UberEats,G1,23699.0,-18939.0,866.0,6744.0,32949.0,-3446.0,-824.0,-536.0,-1461.0,717.0,5972.0,52.0,342.0,0.6670999999999999,0.3329
2022-07-01,UberEats,G1,25410.0,-20496.0,924.0,7540.0,35672.0,-3398.0,-1001.0,-488.0,-2125.0,783.0,6198.0,52.0,352.0,0.6797,0.32030000000000003
2023-04-01,Postmates,D1,22338.0,-18052.0,762.0,3597.0,27662.0,-2170.0,-1938.0,-490.0,-428.0,170.0,3052.0,34.0,230.0,0.7851,0.21489999999999998
2023-05-01,Postmates,D1,23506.0,-19091.0,790.0,3696.0,28961.0,-2325.0,-3109.0,-359.0,-435.0,196.0,2128.0,41.0,234.0,0.7926000000000001,0.20739999999999997
2023-06-01,Postmates,D1,21429.0,-17403.0,733.0,3406.0,26494.0,-2116.0,-1909.0,-706.0,-371.0,181.0,2640.0,53.0,241.0,0.7886,0.2114
2022-06-01,Postmates,D2,27013.0,-22078.0,917.0,5474.0,34675.0,-3061.0,-890.0,-64.0,-593.0,348.0,5641.0,33.0,364.0,0.8099,0.19010000000000002
2022-07-01,Postmates,D2,27143.0,-22208.0,913.0,5384.0,34805.0,-2728.0,-965.0,-50.0,-532.0,333.0,5621.0,32.0,356.0,0.8112,0.1888
2022-08-01,Postmates,D2,27143.0,-22338.0,912.0,5271.0,34805.0,-2938.0,-1413.0,-22.0,-588.0,323.0,4685.0,32.0,352.0,0.8112999999999999,0.1887
2022-09-01,Postmates,D2,26753.0,-21948.0,880.0,4750.0,33766.0,-2594.0,-1337.0,-19.0,-503.0,297.0,3863.0,27.0,349.0,0.8206,0.1794
2022-10-01,Postmates,D2,27273.0,-22338.0,889.0,4908.0,34545.0,-2376.0,-1388.0,-83.0,-503.0,307.0,4131.0,26.0,330.0,0.8219,0.17809999999999998
2022-11-01,Postmates,D2,24416.0,-19870.0,790.0,4523.0,30909.0,-2320.0,-1258.0,-64.0,-491.0,290.0,4101.0,19.0,291.0,0.813,0.187
2022-12-01,Postmates,D2,24675.0,-20130.0,770.0,4609.0,31299.0,-2366.0,-1188.0,-49.0,-549.0,284.0,4271.0,17.0,278.0,0.8291,0.1709
2023-01-01,Postmates,D2,24416.0,-19870.0,766.0,4646.0,31039.0,-2363.0,-1453.0,-29.0,-568.0,286.0,4344.0,17.0,235.0,0.8238,0.17620000000000002
2023-02-01,Postmates,D2,22468.0,-18182.0,712.0,4301.0,28571.0,-2032.0,-1266.0,-28.0,-494.0,261.0,4212.0,13.0,220.0,0.8184999999999999,0.1815
2023-03-01,Postmates,D2,25844.0,-21169.0,810.0,4868.0,32857.0,-2281.0,-1433.0,-170.0,-546.0,278.0,4843.0,20.0,235.0,0.8225,0.1775
2023-04-01,Postmates,D2,24675.0,-20130.0,782.0,4814.0,31558.0,-2433.0,-1040.0,-82.0,-520.0,251.0,5042.0,13.0,222.0,0.8156,0.1844
2023-05-01,Postmates,D2,23896.0,-19481.0,758.0,4750.0,30519.0,-2320.0,-1321.0,-78.0,-504.0,263.0,4913.0,15.0,213.0,0.8173999999999999,0.1826
2023-06-01,Postmates,D2,21818.0,-17792.0,682.0,4848.0,28442.0,-2136.0,-705.0,-72.0,-531.0,263.0,5099.0,14.0,204.0,0.8269,0.17309999999999998
2022-06-01,Postmates,E1,2138.0,-1752.0,86.0,536.0,2839.0,-258.0,-71.0,-7.0,-41.0,27.0,530.0,4.0,31.0,0.5811,0.4189
2022-07-01,Postmates,E1,2398.0,-1975.0,94.0,573.0,3159.0,-289.0,-110.0,-8.0,-49.0,27.0,525.0,5.0,32.0,0.5922999999999999,0.4077
2022-08-01,Postmates,E1,2249.0,-1851.0,91.0,527.0,2957.0,-272.0,-137.0,-2.0,-46.0,26.0,442.0,4.0,30.0,0.5920000000000001,0.408
2022-09-01,Postmates,E1,1908.0,-1571.0,76.0,420.0,2482.0,-204.0,-132.0,-5.0,-33.0,23.0,330.0,4.0,27.0,0.6022,0.3978
2022-10-01,Postmates,E1,2190.0,-1799.0,86.0,485.0,2852.0,-262.0,-128.0,-13.0,-45.0,24.0,395.0,3.0,27.0,0.5679,0.4321
2022-11-01,Postmates,E1,2212.0,-1818.0,88.0,436.0,2825.0,-275.0,-181.0,-10.0,-46.0,24.0,288.0,3.0,27.0,0.5571,0.4429
2022-12-01,Postmates,E1,2266.0,-1867.0,88.0,363.0,2811.0,-251.0,-127.0,-9.0,-33.0,23.0,301.0,3.0,28.0,0.5914,0.4086
2023-01-01,Postmates,E1,2213.0,-1806.0,87.0,365.0,2755.0,-254.0,-153.0,-13.0,-36.0,21.0,288.0,3.0,23.0,0.5659000000000001,0.4341
2023-02-01,Postmates,E1,2108.0,-1716.0,81.0,382.0,2658.0,-237.0,-166.0,-13.0,-40.0,18.0,276.0,3.0,22.0,0.5719,0.42810000000000004
2023-03-01,Postmates,E1,2546.0,-2076.0,94.0,438.0,3186.0,-261.0,-228.0,-81.0,-47.0,20.0,309.0,5.0,26.0,0.5752,0.42479999999999996
2023-04-01,Postmates,E1,2330.0,-1896.0,89.0,417.0,2932.0,-288.0,-173.0,-21.0,-42.0,19.0,293.0,3.0,24.0,0.5523,0.44770000000000004
2023-05-01,Postmates,E1,2464.0,-2008.0,94.0,432.0,3090.0,-300.0,-262.0,-10.0,-49.0,24.0,237.0,4.0,24.0,0.5394,0.4606
2023-06-01,Postmates,E1,2262.0,-1844.0,85.0,391.0,2832.0,-251.0,-164.0,-38.0,-40.0,22.0,309.0,4.0,23.0,0.5634,0.4366
2022-06-01,Postmates,F1,2245.0,-1822.0,79.0,583.0,3037.0,-276.0,-89.0,-8.0,-73.0,49.0,568.0,3.0,27.0,0.652,0.348
2022-07-01,Postmates,F1,2294.0,-1869.0,81.0,582.0,3090.0,-287.0,-117.0,-5.0,-74.0,44.0,521.0,3.0,27.0,0.6397999999999999,0.3602
2022-08-01,Postmates,F1,2216.0,-1804.0,78.0,547.0,2971.0,-281.0,-144.0,-3.0,-71.0,41.0,456.0,3.0,25.0,0.6552,0.3448
2022-09-01,Postmates,F1,2121.0,-1724.0,74.0,494.0,2813.0,-245.0,-164.0,-1.0,-63.0,37.0,383.0,3.0,25.0,0.6446,0.3554
2022-10-01,Postmates,F1,2118.0,-1723.0,73.0,499.0,2815.0,-228.0,-143.0,-9.0,-63.0,38.0,431.0,2.0,23.0,0.6546,0.3454
2022-11-01,Postmates,F1,1952.0,-1587.0,66.0,390.0,2520.0,-212.0,-169.0,-2.0,-49.0,32.0,291.0,2.0,22.0,0.6652,0.3348
2022-12-01,Postmates,F1,2239.0,-1821.0,75.0,341.0,2776.0,-256.0,-164.0,-6.0,-37.0,29.0,273.0,2.0,23.0,0.6496,0.3504
2023-01-01,Postmates,F1,2250.0,-1818.0,76.0,356.0,2805.0,-254.0,-193.0,-5.0,-42.0,29.0,237.0,2.0,20.0,0.6573,0.3427
2023-02-01,Postmates,F1,2239.0,-1803.0,73.0,414.0,2850.0,-258.0,-206.0,-2.0,-58.0,30.0,270.0,2.0,20.0,0.6631,0.3369
2023-03-01,Postmates,F1,2604.0,-2108.0,86.0,492.0,3329.0,-330.0,-220.0,-34.0,-66.0,30.0,278.0,4.0,23.0,0.6448,0.3552
2023-04-01,Postmates,F1,2355.0,-1905.0,78.0,445.0,3010.0,-282.0,-157.0,-20.0,-61.0,27.0,302.0,2.0,21.0,0.6313,0.36869999999999997
2023-05-01,Postmates,F1,2365.0,-1912.0,80.0,450.0,3024.0,-302.0,-190.0,-7.0,-59.0,30.0,289.0,3.0,20.0,0.6175999999999999,0.3824
2023-06-01,Postmates,F1,2139.0,-1733.0,71.0,405.0,2736.0,-261.0,-145.0,-16.0,-54.0,28.0,291.0,3.0,20.0,0.6361,0.3639
2022-06-01,Postmates,G1,1821.0,-1489.0,67.0,421.0,2423.0,-231.0,-81.0,-15.0,-39.0,28.0,396.0,6.0,31.0,0.6776000000000001,0.3224
2022-07-01,Postmates,G1,1805.0,-1487.0,67.0,409.0,2395.0,-226.0,-107.0,-12.0,-38.0,27.0,356.0,6.0,30.0,0.6583,0.3417
2022-08-01,UberEats,G1,24548.0,-19687.0,913.0,7335.0,34546.0,-3244.0,-1008.0,-484.0,-2097.0,783.0,6185.0,53.0,351.0,0.6767,0.3233
2022-09-01,UberEats,G1,24599.0,-19694.0,905.0,7308.0,34574.0,-3126.0,-1121.0,-477.0,-2104.0,764.0,5874.0,51.0,349.0,0.6581999999999999,0.3418
2022-10-01,UberEats,G1,26157.0,-20904.0,949.0,7910.0,36919.0,-3231.0,-1056.0,-523.0,-2430.0,846.0,6107.0,52.0,362.0,0.6523,0.3477
2022-11-01,UberEats,G1,24706.0,-19829.0,903.0,7411.0,34802.0,-3128.0,-780.0,-586.0,-2299.0,804.0,5335.0,48.0,351.0,0.6409,0.3591
2022-12-01,UberEats,G1,26384.0,-21154.0,948.0,8121.0,37366.0,-3276.0,-997.0,-617.0,-2711.0,847.0,5898.0,50.0,362.0,0.6454000000000001,0.3546
2023-01-01,UberEats,G1,27091.0,-21622.0,990.0,8374.0,38403.0,-3272.0,-1306.0,-607.0,-2950.0,855.0,5443.0,56.0,366.0,0.6604000000000001,0.3396
2023-02-01,UberEats,G1,27137.0,-21656.0,985.0,8390.0,38341.0,-3104.0,-1508.0,-313.0,-3023.0,827.0,5733.0,46.0,362.0,0.6415000000000001,0.35850000000000004
2023-03-01,UberEats,G1,31822.0,-25533.0,1144.0,9694.0,44926.0,-3564.0,-2092.0,-238.0,-3556.0,903.0,4827.0,59.0,412.0,0.638,0.36200000000000004
2023-04-01,UberEats,G1,31233.0,-25088.0,1116.0,9533.0,44081.0,-3502.0,-1909.0,-559.0,-3472.0,912.0,4778.0,56.0,403.0,0.6369,0.36310000000000003
2023-05-01,UberEats,G1,29742.0,-23776.0,1062.0,9233.0,42068.0,-3477.0,-1605.0,-558.0,-3398.0,1059.0,5781.0,57.0,388.0,0.6435,0.3565
2023-06-01,UberEats,G1,28929.0,-23135.0,1022.0,8814.0,40846.0,-3330.0,-1285.0,-552.0,-3202.0,1084.0,6381.0,60.0,380.0,0.6557999999999999,0.3442
2022-06-01,UberEats,H1,485214.0,-385758.0,18371.0,114443.0,638314.0,-68135.0,-11654.0,-4319.0,-13897.0,6714.0,120818.0,505.0,5534.0,0.7661,0.2339
2022-07-01,UberEats,H1,512821.0,-411680.0,19036.0,120897.0,674677.0,-64677.0,-16841.0,-4325.0,-20838.0,7456.0,112515.0,521.0,5625.0,0.7834,0.21660000000000001
2022-08-01,UberEats,H1,512222.0,-410252.0,19047.0,121534.0,675015.0,-64627.0,-23145.0,-3820.0,-22279.0,7631.0,112693.0,490.0,5611.0,0.7886,0.2114
2022-09-01,UberEats,H1,497271.0,-398060.0,18275.0,118091.0,655365.0,-56194.0,-20139.0,-3560.0,-22618.0,7326.0,110116.0,439.0,5450.0,0.7796,0.22039999999999998
2022-10-01,UberEats,H1,534757.0,-427882.0,19408.0,122961.0,700203.0,-61672.0,-21121.0,-3998.0,-24227.0,7903.0,115918.0,468.0,5651.0,0.7768999999999999,0.2231
2022-11-01,UberEats,H1,504230.0,-404715.0,18180.0,120124.0,664804.0,-59228.0,-19176.0,-4143.0,-25001.0,7997.0,116573.0,419.0,5471.0,0.7720999999999999,0.2279
2022-12-01,UberEats,H1,531324.0,-426234.0,18801.0,127290.0,700998.0,-59200.0,-20825.0,-4811.0,-28291.0,8492.0,125020.0,421.0,5567.0,0.7784,0.2216
2023-01-01,UberEats,H1,539860.0,-432627.0,19383.0,129368.0,712267.0,-56470.0,-24387.0,-5806.0,-30967.0,8617.0,126299.0,476.0,5624.0,0.7834,0.21660000000000001
2023-02-01,UberEats,H1,530992.0,-426203.0,18860.0,126988.0,700344.0,-56604.0,-28942.0,-3990.0,-31352.0,8189.0,116018.0,426.0,5578.0,0.7802,0.2198
2023-03-01,UberEats,H1,629544.0,-508209.0,22234.0,139459.0,818577.0,-67380.0,-35615.0,-5196.0,-33660.0,8960.0,121250.0,552.0,6214.0,0.7759,0.2241
2023-04-01,UberEats,H1,611782.0,-493416.0,21643.0,133137.0,793151.0,-65690.0,-31189.0,-5610.0,-31329.0,9100.0,122755.0,539.0,6209.0,0.7706999999999999,0.2293
2023-05-01,UberEats,H1,621782.0,-502855.0,22268.0,134754.0,805154.0,-67979.0,-31294.0,-5715.0,-30631.0,10612.0,128390.0,579.0,6345.0,0.7687,0.23129999999999998
2023-06-01,UberEats,H1,609115.0,-492607.0,21810.0,131655.0,788403.0,-62761.0,-24489.0,-7233.0,-30061.0,11026.0,129646.0,627.0,6312.0,0.7674,0.23260000000000003
2022-06-01,UberEats,I1,76534.0,-61231.0,2956.0,19320.0,101709.0,-19972.0,-1957.0,-1170.0,-2121.0,1037.0,10494.0,116.0,1062.0,0.5545,0.44549999999999995
2022-07-01,UberEats,I1,81397.0,-65838.0,3106.0,20027.0,107686.0,-19539.0,-2564.0,-1182.0,-3102.0,1139.0,9732.0,126.0,1101.0,0.5927,0.4073
2022-08-01,UberEats,I1,76951.0,-62116.0,2988.0,20383.0,103244.0,-18461.0,-2359.0,-1019.0,-3210.0,1186.0,11467.0,111.0,1056.0,0.5985,0.40149999999999997
2022-09-01,UberEats,I1,77910.0,-62716.0,2940.0,20723.0,104602.0,-18347.0,-3014.0,-970.0,-3445.0,1220.0,11302.0,104.0,1047.0,0.5939,0.4061
2022-10-01,UberEats,I1,80415.0,-64638.0,2976.0,22887.0,109493.0,-18674.0,-2335.0,-977.0,-4522.0,1412.0,13464.0,100.0,1053.0,0.5811999999999999,0.4188
2022-11-01,UberEats,I1,79198.0,-63771.0,2956.0,21454.0,106717.0,-18784.0,-1934.0,-1065.0,-4030.0,1373.0,13036.0,99.0,1055.0,0.5690999999999999,0.43090000000000006
2022-12-01,UberEats,I1,84317.0,-68029.0,3090.0,23216.0,113946.0,-18016.0,-2439.0,-1069.0,-4853.0,1496.0,14821.0,98.0,1090.0,0.5752,0.42479999999999996
2023-01-01,UberEats,I1,83277.0,-66930.0,3076.0,22956.0,112584.0,-16502.0,-2825.0,-1108.0,-5228.0,1528.0,15829.0,105.0,1084.0,0.5943999999999999,0.4056
2023-02-01,UberEats,I1,81672.0,-65780.0,2993.0,22185.0,110115.0,-15807.0,-3404.0,-610.0,-5041.0,1483.0,14944.0,93.0,1073.0,0.5797,0.4203
2023-03-01,UberEats,I1,93260.0,-75383.0,3403.0,24776.0,125126.0,-17925.0,-3700.0,-509.0,-5626.0,1570.0,16280.0,109.0,1159.0,0.57,0.43
2023-04-01,UberEats,I1,87172.0,-70452.0,3180.0,23654.0,117526.0,-16921.0,-3117.0,-1055.0,-5454.0,1620.0,16231.0,100.0,1112.0,0.5636,0.4364
2023-05-01,UberEats,I1,87029.0,-70633.0,3183.0,24303.0,117969.0,-16878.0,-2843.0,-1070.0,-5606.0,1916.0,17165.0,110.0,1133.0,0.5633,0.43670000000000003
2023-06-01,UberEats,I1,79261.0,-64474.0,2869.0,24348.0,109689.0,-14970.0,-1927.0,-957.0,-5085.0,1994.0,18357.0,102.0,1053.0,0.5710999999999999,0.4289
2022-06-01,UberEats,K1,49523.0,-40103.0,1889.0,13005.0,67671.0,-7603.0,-1342.0,-908.0,-2047.0,1092.0,11378.0,94.0,716.0,0.6674,0.3326
2022-07-01,UberEats,K1,54130.0,-44304.0,2062.0,14423.0,74178.0,-7750.0,-2172.0,-917.0,-3300.0,1229.0,10545.0,103.0,761.0,0.6809000000000001,0.3191
2022-08-01,UberEats,K1,52706.0,-43137.0,2037.0,14141.0,72334.0,-7626.0,-2056.0,-910.0,-3390.0,1267.0,10459.0,103.0,750.0,0.6775,0.3225
2022-09-01,UberEats,K1,50991.0,-41683.0,1920.0,13547.0,69850.0,-7088.0,-1550.0,-846.0,-3460.0,1250.0,10349.0,89.0,708.0,0.6586,0.3414
2022-10-01,UberEats,K1,55029.0,-44945.0,2027.0,14372.0,75083.0,-7677.0,-1462.0,-982.0,-3779.0,1337.0,10655.0,94.0,737.0,0.6729999999999999,0.327
2022-11-01,UberEats,K1,53636.0,-43922.0,1969.0,14366.0,73873.0,-8087.0,-1649.0,-1065.0,-3865.0,1314.0,9960.0,90.0,736.0,0.6654000000000001,0.3346
2022-12-01,UberEats,K1,57908.0,-47392.0,2086.0,15954.0,79839.0,-9074.0,-2232.0,-1157.0,-4705.0,1402.0,10210.0,95.0,764.0,0.6744,0.3256
2022-08-01,Postmates,G1,1837.0,-1510.0,69.0,398.0,2420.0,-230.0,-139.0,-8.0,-37.0,27.0,312.0,5.0,30.0,0.6851999999999999,0.3148
2022-09-01,Postmates,G1,1900.0,-1574.0,69.0,366.0,2455.0,-212.0,-151.0,-8.0,-34.0,27.0,269.0,5.0,32.0,0.6627,0.3373
2022-10-01,Postmates,G1,1836.0,-1509.0,68.0,375.0,2396.0,-213.0,-120.0,-10.0,-34.0,25.0,280.0,4.0,29.0,0.6487,0.3513
2022-11-01,Postmates,G1,1851.0,-1519.0,68.0,339.0,2375.0,-222.0,-179.0,-12.0,-35.0,24.0,143.0,3.0,28.0,0.6385000000000001,0.3615
2022-12-01,Postmates,G1,2044.0,-1682.0,74.0,317.0,2561.0,-246.0,-140.0,-10.0,-28.0,23.0,180.0,4.0,28.0,0.6542,0.3458
2023-01-01,Postmates,G1,1966.0,-1599.0,72.0,320.0,2480.0,-235.0,-166.0,-21.0,-31.0,21.0,141.0,4.0,22.0,0.6467,0.3533
2023-02-01,Postmates,G1,1889.0,-1529.0,66.0,330.0,2406.0,-215.0,-195.0,-12.0,-42.0,22.0,154.0,3.0,21.0,0.648,0.35200000000000004
2023-03-01,Postmates,G1,2345.0,-1905.0,81.0,408.0,2986.0,-263.0,-224.0,-64.0,-53.0,23.0,124.0,6.0,26.0,0.6541,0.34590000000000004
2023-04-01,Postmates,G1,2166.0,-1757.0,75.0,378.0,2757.0,-258.0,-173.0,-26.0,-46.0,21.0,114.0,4.0,24.0,0.6509999999999999,0.349
2023-05-01,Postmates,G1,2065.0,-1675.0,73.0,361.0,2629.0,-259.0,-182.0,-17.0,-40.0,23.0,153.0,4.0,23.0,0.6376,0.3624
2023-06-01,Postmates,G1,2022.0,-1639.0,73.0,357.0,2580.0,-268.0,-153.0,-24.0,-38.0,23.0,186.0,4.0,23.0,0.6411,0.3589
2022-06-01,Postmates,H1,13766.0,-11189.0,500.0,2800.0,17662.0,-1380.0,-524.0,-83.0,-201.0,125.0,3177.0,34.0,219.0,0.7967,0.20329999999999998
2022-07-01,Postmates,H1,14286.0,-11714.0,520.0,2870.0,18312.0,-1473.0,-696.0,-85.0,-220.0,122.0,2760.0,37.0,222.0,0.7889,0.21109999999999998
2022-08-01,Postmates,H1,14545.0,-11926.0,526.0,2804.0,18571.0,-1550.0,-1121.0,-48.0,-224.0,121.0,2393.0,38.0,217.0,0.7929,0.2071
2022-09-01,Postmates,H1,14156.0,-11586.0,508.0,2541.0,17792.0,-1306.0,-1056.0,-30.0,-204.0,114.0,2137.0,31.0,212.0,0.8001,0.1999
2022-10-01,Postmates,H1,14545.0,-11877.0,513.0,2624.0,18312.0,-1434.0,-1049.0,-54.0,-211.0,121.0,2204.0,28.0,204.0,0.7870999999999999,0.21289999999999998
2022-11-01,Postmates,H1,14156.0,-11578.0,497.0,2316.0,17662.0,-1465.0,-1273.0,-79.0,-206.0,115.0,1758.0,22.0,192.0,0.792,0.20800000000000002
2022-12-01,Postmates,H1,14675.0,-11998.0,506.0,2124.0,18052.0,-1429.0,-990.0,-85.0,-190.0,110.0,1967.0,21.0,184.0,0.7953,0.2047
2023-01-01,Postmates,H1,14416.0,-11648.0,503.0,2152.0,17662.0,-1403.0,-1423.0,-173.0,-211.0,109.0,1613.0,25.0,155.0,0.7896,0.2104
2023-02-01,Postmates,H1,14416.0,-11622.0,487.0,2187.0,17662.0,-1414.0,-1520.0,-215.0,-238.0,103.0,1506.0,23.0,154.0,0.7962,0.20379999999999998
2023-03-01,Postmates,H1,18831.0,-15325.0,617.0,2781.0,23117.0,-1829.0,-2198.0,-1174.0,-326.0,127.0,1660.0,54.0,200.0,0.8014,0.1986
2023-04-01,Postmates,H1,16883.0,-13636.0,562.0,2525.0,20779.0,-1673.0,-1746.0,-381.0,-299.0,121.0,1780.0,27.0,175.0,0.7936,0.2064
2023-05-01,Postmates,H1,18312.0,-14805.0,613.0,2739.0,22468.0,-1853.0,-2702.0,-347.0,-322.0,150.0,1192.0,36.0,184.0,0.7865000000000001,0.21350000000000002
2023-06-01,Postmates,H1,16364.0,-13247.0,560.0,2491.0,20130.0,-1668.0,-1811.0,-594.0,-265.0,134.0,1586.0,45.0,191.0,0.7881999999999999,0.2118
2022-06-01,Postmates,I1,32468.0,-26104.0,1154.0,8053.0,43117.0,-7070.0,-1334.0,-68.0,-1035.0,599.0,5043.0,31.0,422.0,0.6368,0.3632
2022-07-01,Postmates,I1,32468.0,-26234.0,1140.0,8056.0,42987.0,-6822.0,-1456.0,-58.0,-1088.0,568.0,4744.0,28.0,410.0,0.6491,0.35090000000000005
2022-08-01,Postmates,I1,31429.0,-25455.0,1102.0,8105.0,41948.0,-6635.0,-2136.0,-22.0,-1017.0,548.0,4443.0,27.0,392.0,0.6666,0.33340000000000003
2022-09-01,Postmates,I1,30390.0,-24675.0,1051.0,7516.0,40260.0,-6324.0,-2116.0,-45.0,-949.0,522.0,3958.0,24.0,381.0,0.6579,0.3421
2022-10-01,Postmates,I1,31429.0,-25455.0,1079.0,7847.0,41818.0,-6609.0,-1970.0,-59.0,-988.0,534.0,4269.0,21.0,378.0,0.6365,0.3635
2022-11-01,Postmates,I1,27662.0,-22338.0,955.0,7811.0,37662.0,-5813.0,-874.0,-86.0,-1078.0,527.0,5479.0,17.0,338.0,0.6327,0.36729999999999996
2022-12-01,Postmates,I1,28442.0,-22987.0,954.0,8089.0,38831.0,-5363.0,-916.0,-73.0,-1226.0,526.0,6124.0,17.0,330.0,0.6470999999999999,0.3529
2023-01-01,Postmates,I1,26104.0,-21039.0,880.0,7472.0,35584.0,-4677.0,-982.0,-73.0,-1171.0,510.0,6002.0,16.0,292.0,0.6503,0.3497
2023-02-01,Postmates,I1,24545.0,-19740.0,820.0,6987.0,33506.0,-4292.0,-834.0,-101.0,-1077.0,487.0,5778.0,15.0,280.0,0.659,0.341
2023-03-01,Postmates,I1,28571.0,-23117.0,945.0,8035.0,38831.0,-4950.0,-1387.0,-321.0,-1259.0,534.0,6176.0,23.0,309.0,0.6518999999999999,0.3481
2023-04-01,Postmates,I1,25065.0,-20260.0,846.0,7106.0,34156.0,-4521.0,-778.0,-90.0,-1054.0,468.0,5945.0,13.0,274.0,0.6425,0.3575
2023-05-01,Postmates,I1,25455.0,-20649.0,852.0,7174.0,34675.0,-4567.0,-1098.0,-103.0,-1020.0,481.0,5809.0,17.0,276.0,0.6553,0.3447
2023-06-01,Postmates,I1,22727.0,-18312.0,761.0,7043.0,31558.0,-4065.0,-647.0,-132.0,-813.0,441.0,6065.0,15.0,256.0,0.6592,0.3408
2022-06-01,Postmates,K1,11047.0,-9035.0,395.0,2785.0,14935.0,-1350.0,-433.0,-31.0,-372.0,256.0,2663.0,15.0,154.0,0.7651,0.2349
2022-07-01,Postmates,K1,11134.0,-9157.0,393.0,2702.0,14935.0,-1312.0,-542.0,-49.0,-388.0,236.0,2325.0,16.0,153.0,0.758,0.242
2022-08-01,Postmates,K1,10984.0,-9023.0,381.0,2531.0,14675.0,-1255.0,-748.0,-23.0,-374.0,219.0,2050.0,14.0,143.0,0.7704000000000001,0.2296
2022-09-01,Postmates,K1,10678.0,-8815.0,364.0,2279.0,14026.0,-1121.0,-826.0,-20.0,-348.0,213.0,1737.0,11.0,143.0,0.775,0.225
2022-10-01,Postmates,K1,10663.0,-8780.0,359.0,2369.0,14156.0,-1129.0,-674.0,-32.0,-359.0,213.0,1839.0,10.0,131.0,0.7598999999999999,0.2401
2022-11-01,Postmates,K1,9342.0,-7687.0,317.0,2247.0,12615.0,-1027.0,-312.0,-30.0,-337.0,200.0,2028.0,7.0,117.0,0.7563,0.2437
2022-12-01,Postmates,K1,9556.0,-7867.0,319.0,2206.0,12728.0,-1060.0,-302.0,-16.0,-317.0,182.0,2095.0,8.0,115.0,0.7606,0.2394
2023-01-01,UberEats,K1,58757.0,-48091.0,2157.0,15971.0,81118.0,-7827.0,-2365.0,-1103.0,-4947.0,1412.0,12236.0,100.0,764.0,0.6862999999999999,0.31370000000000003
2023-02-01,UberEats,K1,58728.0,-48133.0,2106.0,15958.0,80863.0,-7871.0,-2852.0,-612.0,-5103.0,1350.0,10804.0,88.0,759.0,0.6869,0.3131
2023-03-01,UberEats,K1,69854.0,-57569.0,2522.0,16215.0,93337.0,-8889.0,-3685.0,-442.0,-4576.0,1413.0,10621.0,113.0,880.0,0.6886,0.3114
2023-04-01,UberEats,K1,63430.0,-52124.0,2320.0,14651.0,84791.0,-8128.0,-2617.0,-990.0,-3988.0,1377.0,10993.0,97.0,830.0,0.6687000000000001,0.33130000000000004
2023-05-01,UberEats,K1,64136.0,-52998.0,2357.0,14687.0,85417.0,-8184.0,-2480.0,-1080.0,-3850.0,1617.0,11362.0,112.0,852.0,0.6877,0.3123
2023-06-01,UberEats,K1,64013.0,-52837.0,2350.0,14557.0,84979.0,-8047.0,-1474.0,-1072.0,-3718.0,1699.0,13125.0,118.0,856.0,0.6943,0.3057
2022-06-01,UberEats,K2,26586.0,-21668.0,1118.0,6989.0,35670.0,-4271.0,-780.0,-292.0,-674.0,349.0,6058.0,32.0,305.0,0.4697,0.5303
2022-07-01,UberEats,K2,28639.0,-23603.0,1214.0,7577.0,38477.0,-4284.0,-993.0,-293.0,-1180.0,396.0,5899.0,34.0,317.0,0.4938,0.5062
2022-08-01,UberEats,K2,26914.0,-22077.0,1150.0,7124.0,36198.0,-3982.0,-1218.0,-240.0,-1183.0,421.0,5504.0,31.0,304.0,0.5136,0.4864
2022-09-01,UberEats,K2,27622.0,-22663.0,1147.0,7345.0,37179.0,-4287.0,-1376.0,-246.0,-1302.0,417.0,5245.0,29.0,305.0,0.4921,0.5079
2022-10-01,UberEats,K2,27265.0,-22273.0,1132.0,7490.0,36941.0,-3590.0,-1260.0,-236.0,-1510.0,468.0,6193.0,28.0,300.0,0.48560000000000003,0.5144
2022-11-01,UberEats,K2,26368.0,-21585.0,1085.0,7104.0,35615.0,-3578.0,-995.0,-254.0,-1426.0,445.0,5857.0,26.0,295.0,0.4851,0.5149
2022-12-01,UberEats,K2,26767.0,-21948.0,1069.0,7253.0,36169.0,-3182.0,-811.0,-239.0,-1583.0,470.0,6411.0,26.0,297.0,0.486,0.514
2023-01-01,UberEats,K2,28471.0,-23266.0,1144.0,7684.0,38440.0,-3470.0,-1015.0,-246.0,-1862.0,471.0,6506.0,29.0,307.0,0.48479999999999995,0.5152
2023-02-01,UberEats,K2,28928.0,-23490.0,1128.0,7636.0,38891.0,-3825.0,-1020.0,-167.0,-1908.0,470.0,6238.0,26.0,305.0,0.5021,0.4979
2023-03-01,UberEats,K2,32880.0,-26881.0,1300.0,8972.0,44485.0,-4484.0,-804.0,-150.0,-2289.0,514.0,7481.0,33.0,330.0,0.483,0.517
2023-04-01,UberEats,K2,32193.0,-26312.0,1274.0,9007.0,43766.0,-4559.0,-748.0,-210.0,-2284.0,531.0,7461.0,29.0,327.0,0.4694,0.5306000000000001
2023-05-01,UberEats,K2,30644.0,-25027.0,1226.0,8665.0,41741.0,-3604.0,-737.0,-201.0,-2220.0,652.0,8120.0,29.0,320.0,0.4863,0.5136999999999999
2023-06-01,UberEats,K2,27577.0,-22508.0,1096.0,7716.0,37489.0,-3319.0,-501.0,-226.0,-1958.0,666.0,7339.0,30.0,300.0,0.4987,0.5013000000000001
2022-06-01,UberEats,K3,26526.0,-21390.0,1012.0,6113.0,35666.0,-4049.0,-785.0,-387.0,-706.0,530.0,5640.0,45.0,368.0,0.5529999999999999,0.447
2022-07-01,UberEats,K3,27883.0,-22669.0,1059.0,6749.0,37859.0,-4030.0,-774.0,-344.0,-1167.0,596.0,5914.0,45.0,379.0,0.5710000000000001,0.429
2022-08-01,UberEats,K3,26612.0,-21559.0,1048.0,6519.0,36225.0,-3842.0,-653.0,-344.0,-1163.0,599.0,5939.0,44.0,373.0,0.5778,0.42219999999999996
2022-09-01,UberEats,K3,25361.0,-20538.0,986.0,6244.0,34550.0,-3421.0,-774.0,-329.0,-1158.0,581.0,5391.0,40.0,362.0,0.5693,0.4307
2022-10-01,UberEats,K3,25367.0,-20505.0,956.0,6662.0,35012.0,-3260.0,-660.0,-342.0,-1377.0,649.0,5942.0,38.0,360.0,0.5813,0.41869999999999996
2022-11-01,UberEats,K3,23181.0,-18809.0,889.0,5922.0,31810.0,-3057.0,-396.0,-361.0,-1204.0,588.0,5308.0,35.0,338.0,0.568,0.43200000000000005
2022-12-01,UberEats,K3,23263.0,-18899.0,854.0,5910.0,31890.0,-3025.0,-528.0,-411.0,-1332.0,593.0,5113.0,37.0,336.0,0.5710000000000001,0.429
2023-01-01,UberEats,K3,25493.0,-20513.0,953.0,6578.0,35066.0,-3148.0,-853.0,-433.0,-1609.0,600.0,5565.0,41.0,350.0,0.573,0.42700000000000005
2023-02-01,UberEats,K3,25167.0,-20257.0,958.0,6503.0,34517.0,-2953.0,-979.0,-230.0,-1563.0,582.0,5470.0,37.0,349.0,0.5467,0.4533
2023-03-01,UberEats,K3,29893.0,-24165.0,1103.0,7571.0,40940.0,-3631.0,-1507.0,-173.0,-1891.0,618.0,4681.0,45.0,387.0,0.5457,0.4543
2023-04-01,UberEats,K3,28607.0,-23081.0,1061.0,7403.0,39344.0,-3387.0,-1383.0,-380.0,-1833.0,627.0,4559.0,42.0,378.0,0.5459,0.45409999999999995
2023-05-01,UberEats,K3,28201.0,-22765.0,1045.0,7555.0,39011.0,-3630.0,-1181.0,-407.0,-1917.0,741.0,5566.0,46.0,378.0,0.5536,0.4464
2023-06-01,UberEats,K3,27171.0,-21991.0,985.0,7072.0,37449.0,-3915.0,-896.0,-374.0,-1776.0,768.0,4971.0,48.0,363.0,0.5563,0.4437
2022-06-01,UberEats,L1,214387.0,-172783.0,7615.0,49717.0,281515.0,-28577.0,-6184.0,-1952.0,-11311.0,3825.0,45252.0,213.0,2290.0,0.7021999999999999,0.2978
2022-07-01,UberEats,L1,236798.0,-188498.0,8309.0,51922.0,307929.0,-30414.0,-9271.0,-1865.0,-10917.0,4001.0,42268.0,237.0,2458.0,0.7273999999999999,0.2726
2022-08-01,UberEats,L1,229342.0,-182001.0,8105.0,50543.0,298508.0,-24436.0,-10668.0,-1605.0,-11183.0,4000.0,51093.0,209.0,2369.0,0.727,0.273
2022-09-01,UberEats,L1,227033.0,-180477.0,7949.0,50796.0,296174.0,-26395.0,-9995.0,-1636.0,-11643.0,3775.0,46168.0,195.0,2356.0,0.6999,0.30010000000000003
2022-10-01,UberEats,L1,240168.0,-190739.0,8299.0,53481.0,313126.0,-25149.0,-10136.0,-1738.0,-13007.0,4189.0,49411.0,199.0,2434.0,0.6956,0.3044
2022-11-01,UberEats,L1,226010.0,-180117.0,7800.0,51191.0,295535.0,-25864.0,-8697.0,-1809.0,-12630.0,4197.0,49041.0,179.0,2317.0,0.6943,0.3057
2022-12-01,UberEats,L1,246884.0,-196527.0,8368.0,56370.0,323163.0,-27558.0,-10089.0,-2150.0,-14358.0,4433.0,54290.0,198.0,2437.0,0.7076,0.2924
2023-01-01,UberEats,L1,250025.0,-200033.0,8564.0,57033.0,327234.0,-26244.0,-10867.0,-1994.0,-15478.0,4498.0,56770.0,203.0,2444.0,0.7095,0.2905
2023-02-01,UberEats,L1,236772.0,-188575.0,8041.0,54152.0,310049.0,-25122.0,-10393.0,-1185.0,-15286.0,4316.0,53880.0,177.0,2353.0,0.7049,0.29510000000000003
2023-03-01,UberEats,L1,271696.0,-217391.0,9186.0,61719.0,355147.0,-28418.0,-12108.0,-1155.0,-17587.0,4553.0,58759.0,217.0,2558.0,0.701,0.299
2023-04-01,UberEats,L1,256783.0,-205608.0,8723.0,57237.0,334546.0,-27220.0,-9444.0,-1909.0,-15805.0,4509.0,57752.0,199.0,2504.0,0.6957,0.3043
2023-05-01,UberEats,L1,270867.0,-216945.0,9127.0,59149.0,351615.0,-31131.0,-10858.0,-1957.0,-15629.0,5213.0,58808.0,219.0,2669.0,0.7062999999999999,0.2937
2023-01-01,Postmates,K1,9317.0,-7657.0,317.0,2094.0,12426.0,-994.0,-370.0,-21.0,-288.0,169.0,2118.0,7.0,101.0,0.7667,0.23329999999999998
2023-02-01,Postmates,K1,8516.0,-6998.0,286.0,1930.0,11354.0,-938.0,-276.0,-19.0,-271.0,145.0,1902.0,6.0,95.0,0.7691,0.2309
2023-03-01,Postmates,K1,9726.0,-8008.0,323.0,2167.0,12922.0,-1045.0,-463.0,-97.0,-312.0,167.0,1961.0,10.0,102.0,0.7778,0.22219999999999998
2023-04-01,Postmates,K1,8778.0,-7204.0,295.0,2000.0,11723.0,-940.0,-261.0,-33.0,-278.0,154.0,2026.0,6.0,92.0,0.7656999999999999,0.2343
2023-05-01,Postmates,K1,8603.0,-7077.0,288.0,1971.0,11480.0,-936.0,-369.0,-28.0,-266.0,165.0,1917.0,7.0,91.0,0.78,0.22
2023-06-01,Postmates,K1,8134.0,-6696.0,278.0,1918.0,10880.0,-909.0,-246.0,-36.0,-232.0,154.0,2011.0,8.0,90.0,0.7846,0.21539999999999998
2022-06-01,Postmates,K2,1218.0,-1010.0,48.0,342.0,1656.0,-157.0,-42.0,-7.0,-38.0,20.0,307.0,3.0,16.0,0.5109,0.4891
2022-07-01,Postmates,K2,1334.0,-1107.0,53.0,372.0,1811.0,-179.0,-59.0,-10.0,-41.0,19.0,308.0,3.0,16.0,0.5242,0.4758
2022-08-01,Postmates,K2,1357.0,-1127.0,52.0,351.0,1817.0,-173.0,-84.0,-4.0,-39.0,17.0,272.0,3.0,16.0,0.5427000000000001,0.4573
2022-09-01,Postmates,K2,1260.0,-1043.0,49.0,319.0,1681.0,-179.0,-80.0,-1.0,-36.0,17.0,232.0,2.0,15.0,0.5104,0.48960000000000004
2022-10-01,Postmates,K2,1208.0,-995.0,47.0,306.0,1610.0,-145.0,-62.0,-2.0,-40.0,19.0,261.0,2.0,14.0,0.5265,0.47350000000000003
2022-11-01,Postmates,K2,1190.0,-986.0,44.0,253.0,1540.0,-143.0,-80.0,-5.0,-31.0,15.0,171.0,2.0,13.0,0.5207999999999999,0.4792
2022-12-01,Postmates,K2,1230.0,-1023.0,46.0,199.0,1528.0,-131.0,-63.0,-2.0,-18.0,12.0,163.0,2.0,13.0,0.5044,0.49560000000000004
2023-01-01,Postmates,K2,1248.0,-1032.0,48.0,215.0,1564.0,-146.0,-72.0,-10.0,-22.0,13.0,167.0,2.0,12.0,0.49219999999999997,0.5078
2023-02-01,Postmates,K2,1268.0,-1045.0,47.0,262.0,1632.0,-164.0,-85.0,-5.0,-34.0,14.0,170.0,1.0,12.0,0.5339,0.4661
2023-03-01,Postmates,K2,1510.0,-1246.0,55.0,302.0,1932.0,-193.0,-108.0,-38.0,-36.0,16.0,205.0,3.0,14.0,0.5478000000000001,0.4522
2023-04-01,Postmates,K2,1414.0,-1166.0,52.0,290.0,1815.0,-195.0,-85.0,-16.0,-37.0,14.0,200.0,2.0,13.0,0.5104,0.48960000000000004
2023-05-01,Postmates,K2,1441.0,-1186.0,53.0,293.0,1848.0,-164.0,-127.0,-15.0,-39.0,16.0,198.0,2.0,13.0,0.4903,0.5097
2023-06-01,Postmates,K2,1276.0,-1049.0,48.0,260.0,1638.0,-155.0,-84.0,-18.0,-26.0,13.0,197.0,2.0,13.0,0.5152,0.48479999999999995
2022-06-01,Postmates,K3,1297.0,-1073.0,47.0,274.0,1715.0,-160.0,-63.0,-11.0,-15.0,16.0,240.0,4.0,23.0,0.5925,0.4075
2022-07-01,Postmates,K3,1327.0,-1095.0,47.0,279.0,1754.0,-169.0,-84.0,-9.0,-18.0,17.0,226.0,4.0,23.0,0.6448999999999999,0.35509999999999997
2022-08-01,Postmates,K3,1419.0,-1168.0,52.0,295.0,1872.0,-188.0,-140.0,-6.0,-21.0,18.0,192.0,5.0,24.0,0.6379,0.36210000000000003
2022-09-01,Postmates,K3,1490.0,-1243.0,54.0,270.0,1925.0,-166.0,-145.0,-5.0,-20.0,16.0,158.0,4.0,26.0,0.6258,0.37420000000000003
2022-10-01,Postmates,K3,1383.0,-1139.0,50.0,270.0,1806.0,-160.0,-130.0,-8.0,-17.0,14.0,169.0,3.0,22.0,0.6145,0.38549999999999995
2022-11-01,Postmates,K3,1309.0,-1076.0,46.0,229.0,1681.0,-157.0,-150.0,-4.0,-18.0,15.0,95.0,2.0,21.0,0.6343,0.3657
2022-12-01,Postmates,K3,1224.0,-1011.0,42.0,180.0,1533.0,-146.0,-118.0,-6.0,-15.0,14.0,77.0,2.0,18.0,0.6501,0.34990000000000004
2023-01-01,Postmates,K3,1322.0,-1076.0,46.0,209.0,1673.0,-153.0,-182.0,-5.0,-19.0,13.0,55.0,2.0,17.0,0.6017,0.3983
2023-02-01,Postmates,K3,1333.0,-1083.0,46.0,216.0,1691.0,-140.0,-154.0,-6.0,-24.0,14.0,89.0,2.0,16.0,0.598,0.402
2023-03-01,Postmates,K3,1599.0,-1310.0,54.0,255.0,2024.0,-178.0,-172.0,-49.0,-27.0,15.0,65.0,3.0,19.0,0.5781000000000001,0.4219
2023-04-01,Postmates,K3,1433.0,-1172.0,50.0,236.0,1823.0,-160.0,-131.0,-22.0,-22.0,14.0,77.0,2.0,17.0,0.5771999999999999,0.4228
2023-05-01,Postmates,K3,1399.0,-1141.0,50.0,235.0,1784.0,-185.0,-159.0,-17.0,-22.0,14.0,59.0,3.0,18.0,0.597,0.40299999999999997
2023-06-01,Postmates,K3,1311.0,-1070.0,46.0,219.0,1673.0,-207.0,-116.0,-18.0,-17.0,12.0,53.0,3.0,16.0,0.619,0.381
2022-06-01,Postmates,L1,75584.0,-62208.0,2665.0,16753.0,98571.0,-7933.0,-2467.0,-84.0,-1748.0,959.0,17662.0,50.0,777.0,0.743,0.257
2022-07-01,Postmates,L1,78442.0,-63896.0,2726.0,15974.0,100779.0,-7691.0,-2843.0,-92.0,-1469.0,933.0,15974.0,51.0,779.0,0.7465999999999999,0.2534
2022-08-01,Postmates,L1,76753.0,-62597.0,2665.0,14675.0,97792.0,-7353.0,-3677.0,-40.0,-1392.0,891.0,15844.0,46.0,743.0,0.7494,0.2506
2022-09-01,Postmates,L1,74675.0,-60909.0,2567.0,13636.0,94416.0,-7133.0,-3509.0,-35.0,-1297.0,843.0,13896.0,40.0,726.0,0.7406,0.2594
2022-10-01,Postmates,L1,76494.0,-62338.0,2610.0,13896.0,96494.0,-6883.0,-3665.0,-85.0,-1336.0,845.0,13766.0,35.0,714.0,0.7332,0.2668
2022-11-01,Postmates,L1,75325.0,-61558.0,2540.0,12375.0,93766.0,-7260.0,-5618.0,-107.0,-1290.0,816.0,10699.0,30.0,685.0,0.733,0.267
2022-12-01,Postmates,L1,81299.0,-66364.0,2684.0,11897.0,99870.0,-7520.0,-5284.0,-83.0,-1275.0,780.0,11667.0,31.0,694.0,0.7478,0.2522
2023-01-01,Postmates,L1,81688.0,-66494.0,2730.0,11711.0,100000.0,-7402.0,-6157.0,-132.0,-1316.0,763.0,11691.0,38.0,656.0,0.7454000000000001,0.2546
2023-02-01,Postmates,L1,78312.0,-63636.0,2569.0,11326.0,95974.0,-7069.0,-6854.0,-149.0,-1303.0,724.0,10480.0,29.0,632.0,0.7445999999999999,0.2554
2023-03-01,Postmates,L1,88571.0,-72208.0,2908.0,12772.0,108442.0,-8198.0,-6161.0,-436.0,-1424.0,757.0,12944.0,41.0,677.0,0.7436,0.2564
2023-04-01,Postmates,L1,83247.0,-67792.0,2745.0,12020.0,101948.0,-7927.0,-4888.0,-198.0,-1342.0,706.0,13117.0,27.0,645.0,0.736,0.264
2023-05-01,Postmates,L1,86623.0,-70519.0,2855.0,12427.0,105974.0,-8737.0,-6207.0,-166.0,-1366.0,768.0,12345.0,37.0,660.0,0.7434999999999999,0.2565
2023-06-01,UberEats,L1,259344.0,-207720.0,8791.0,56230.0,336422.0,-27402.0,-6399.0,-1960.0,-14707.0,5436.0,60991.0,221.0,2538.0,0.708,0.292
2022-06-01,UberEats,L2,1006498.0,-820133.0,35535.0,221471.0,1319315.0,-172388.0,-20989.0,-6664.0,-28258.0,10465.0,182845.0,695.0,9696.0,0.7848999999999999,0.2151
2022-07-01,UberEats,L2,1076343.0,-888645.0,37433.0,230110.0,1404363.0,-163771.0,-32982.0,-6584.0,-39056.0,11864.0,176101.0,769.0,9941.0,0.7972,0.2028
2022-08-01,UberEats,L2,1083920.0,-889756.0,37752.0,246874.0,1429315.0,-167381.0,-43030.0,-5578.0,-41751.0,11985.0,188744.0,676.0,9946.0,0.8031,0.19690000000000002
2022-09-01,UberEats,L2,1097588.0,-899045.0,37704.0,250951.0,1448045.0,-178954.0,-47338.0,-5624.0,-43646.0,11258.0,174577.0,670.0,9959.0,0.7998000000000001,0.2002
2022-10-01,UberEats,L2,1174720.0,-960360.0,40001.0,267030.0,1548535.0,-189021.0,-45063.0,-5462.0,-47964.0,12487.0,187506.0,647.0,10241.0,0.8,0.2
2022-11-01,UberEats,L2,1123480.0,-938869.0,38224.0,258132.0,1483647.0,-175419.0,-40126.0,-5372.0,-46681.0,12971.0,184656.0,586.0,10034.0,0.7981999999999999,0.2018
2022-12-01,UberEats,L2,1170824.0,-959755.0,39010.0,268830.0,1545397.0,-176073.0,-39783.0,-5510.0,-50768.0,13886.0,215545.0,584.0,10305.0,0.7986,0.2014
2023-01-01,UberEats,L2,1197522.0,-981441.0,40050.0,275031.0,1580983.0,-178065.0,-46006.0,-6307.0,-55648.0,14286.0,217685.0,623.0,10445.0,0.8131,0.1869
2023-02-01,UberEats,L2,1153222.0,-945749.0,38417.0,267323.0,1524558.0,-170091.0,-48904.0,-4319.0,-55694.0,13804.0,208846.0,564.0,10241.0,0.8058,0.1942
2023-03-01,UberEats,L2,1340110.0,-1101969.0,44348.0,295698.0,1755556.0,-194763.0,-62378.0,-4847.0,-60310.0,14927.0,218968.0,670.0,11140.0,0.8046,0.1954
2023-04-01,UberEats,L2,1281384.0,-1054470.0,42423.0,281618.0,1677433.0,-186651.0,-63058.0,-6058.0,-56895.0,14946.0,206232.0,610.0,10865.0,0.8005,0.19949999999999998
2023-05-01,UberEats,L2,1306724.0,-1077185.0,43337.0,287684.0,1710175.0,-194700.0,-65954.0,-6246.0,-56831.0,17313.0,211043.0,666.0,11178.0,0.7998000000000001,0.2002
2023-06-01,UberEats,L2,1233552.0,-1018796.0,40708.0,290606.0,1633759.0,-181861.0,-43839.0,-6241.0,-56122.0,18161.0,221916.0,651.0,10775.0,0.7988,0.20120000000000002
2022-06-01,UberEats,M1,71057.0,-55849.0,2705.0,17581.0,96801.0,-9958.0,-1533.0,-695.0,-2713.0,1211.0,17680.0,81.0,827.0,0.7358,0.2642
2022-07-01,UberEats,M1,75827.0,-60502.0,2878.0,18066.0,102558.0,-10045.0,-1930.0,-706.0,-3460.0,1274.0,16974.0,89.0,858.0,0.7406,0.2594
2022-08-01,UberEats,M1,74233.0,-58879.0,2849.0,17774.0,100509.0,-9791.0,-2288.0,-685.0,-3562.0,1292.0,16868.0,85.0,841.0,0.7506,0.2494
2022-09-01,UberEats,M1,71966.0,-57004.0,2697.0,17246.0,97479.0,-8996.0,-2375.0,-610.0,-3559.0,1258.0,15829.0,73.0,808.0,0.7437999999999999,0.2562
2022-10-01,UberEats,M1,73336.0,-57869.0,2722.0,18503.0,100342.0,-9250.0,-2218.0,-670.0,-4279.0,1339.0,16547.0,76.0,819.0,0.7383,0.26170000000000004
2022-11-01,UberEats,M1,71354.0,-56455.0,2665.0,17560.0,97152.0,-9721.0,-1673.0,-796.0,-3984.0,1314.0,14955.0,75.0,810.0,0.7293000000000001,0.2707
2022-12-01,UberEats,M1,77597.0,-61358.0,2793.0,19356.0,105898.0,-12598.0,-2351.0,-907.0,-4895.0,1408.0,13166.0,81.0,848.0,0.7384999999999999,0.2615
2023-01-01,UberEats,M1,78898.0,-62180.0,2911.0,19853.0,107943.0,-12797.0,-2859.0,-869.0,-5360.0,1426.0,14057.0,86.0,847.0,0.7491,0.2509
2023-02-01,UberEats,M1,76417.0,-60153.0,2743.0,19325.0,104355.0,-11640.0,-3105.0,-513.0,-5589.0,1380.0,13835.0,79.0,832.0,0.7303000000000001,0.2697
2023-03-01,UberEats,M1,89378.0,-70843.0,3228.0,22009.0,121645.0,-16244.0,-4013.0,-405.0,-6269.0,1496.0,12513.0,96.0,916.0,0.7306999999999999,0.2693
2023-04-01,UberEats,M1,84105.0,-66923.0,3054.0,20949.0,114701.0,-14222.0,-3870.0,-776.0,-5827.0,1506.0,12866.0,82.0,876.0,0.7304999999999999,0.2695
2023-05-01,UberEats,M1,83789.0,-66820.0,3060.0,21368.0,114654.0,-14186.0,-3150.0,-842.0,-5881.0,1760.0,14725.0,93.0,890.0,0.7349,0.2651
2023-06-01,UberEats,M1,80672.0,-64432.0,2948.0,20407.0,110451.0,-10517.0,-2065.0,-845.0,-5556.0,1789.0,17470.0,96.0,874.0,0.7433,0.25670000000000004
2022-06-01,UberEats,M2,1241265.0,-974477.0,40652.0,266411.0,1594567.0,-125091.0,-14718.0,-5892.0,-46150.0,13981.0,341158.0,672.0,10199.0,0.8442000000000001,0.1558
2022-07-01,UberEats,M2,1296482.0,-1028434.0,41928.0,279987.0,1667330.0,-112547.0,-23953.0,-5700.0,-51808.0,14933.0,355524.0,715.0,10417.0,0.8481000000000001,0.1519
2022-08-01,UberEats,M2,1287045.0,-1016189.0,41852.0,279620.0,1656665.0,-112761.0,-28621.0,-4315.0,-54123.0,14853.0,354832.0,626.0,10225.0,0.8526,0.1474
2022-09-01,UberEats,M2,1282139.0,-1011487.0,40741.0,273210.0,1644840.0,-108179.0,-30314.0,-3873.0,-54795.0,13719.0,343309.0,568.0,10041.0,0.8528,0.1472
2022-10-01,UberEats,M2,1368314.0,-1078854.0,43422.0,270832.0,1734180.0,-119879.0,-32456.0,-3717.0,-53316.0,14388.0,348862.0,571.0,10336.0,0.8498,0.1502
2022-11-01,UberEats,M2,1295678.0,-1023215.0,40839.0,278191.0,1664145.0,-109976.0,-21957.0,-4087.0,-58658.0,15009.0,359664.0,536.0,10180.0,0.8454999999999999,0.1545
2022-12-01,UberEats,M2,1403721.0,-1107408.0,43103.0,302656.0,1804358.0,-121649.0,-26767.0,-4317.0,-64564.0,15950.0,385618.0,557.0,10786.0,0.8515999999999999,0.1484
2023-01-01,UberEats,M2,1385446.0,-1092613.0,43263.0,299351.0,1781603.0,-114689.0,-29832.0,-3941.0,-67476.0,16147.0,385210.0,571.0,10640.0,0.8581,0.1419
2023-02-01,UberEats,M2,1309050.0,-1033564.0,40904.0,285797.0,1686077.0,-105512.0,-27358.0,-2444.0,-65478.0,15383.0,364051.0,530.0,10308.0,0.8547,0.14529999999999998
2023-03-01,UberEats,M2,1529449.0,-1212937.0,47662.0,321750.0,1957168.0,-127696.0,-32789.0,-2021.0,-72899.0,16729.0,402455.0,667.0,11378.0,0.8488,0.1512
2023-04-01,UberEats,M2,1526006.0,-1210687.0,46870.0,306614.0,1937918.0,-131773.0,-41458.0,-4294.0,-68019.0,16781.0,379170.0,666.0,11308.0,0.8466,0.1534
2023-05-01,UberEats,M2,1536190.0,-1221780.0,48260.0,287713.0,1929581.0,-132437.0,-36954.0,-4475.0,-57426.0,18702.0,382623.0,688.0,11424.0,0.8493,0.1507
2023-06-01,UberEats,M2,1500884.0,-1194471.0,47452.0,283227.0,1886854.0,-125131.0,-20047.0,-4751.0,-55989.0,19588.0,380180.0,728.0,11248.0,0.8461,0.1539
2022-06-01,UberEats,N1,164218.0,-130631.0,5987.0,37638.0,220494.0,-21968.0,-2885.0,-1071.0,-6289.0,2991.0,41178.0,152.0,1870.0,0.7848,0.2152
2022-07-01,UberEats,N1,175702.0,-140821.0,6317.0,38658.0,234214.0,-21284.0,-4944.0,-1023.0,-7767.0,3156.0,40750.0,154.0,1924.0,0.7955,0.2045
2022-08-01,UberEats,N1,173650.0,-138868.0,6290.0,38619.0,231929.0,-20453.0,-6242.0,-982.0,-8031.0,3151.0,39696.0,146.0,1900.0,0.7990999999999999,0.2009
2022-09-01,UberEats,N1,169816.0,-135658.0,6046.0,38916.0,228114.0,-19460.0,-5509.0,-997.0,-8689.0,3000.0,38813.0,139.0,1877.0,0.7918000000000001,0.2082
2023-06-01,Postmates,L1,80909.0,-65844.0,2687.0,11662.0,99091.0,-7903.0,-4398.0,-235.0,-1243.0,732.0,12772.0,42.0,637.0,0.7448,0.2552
2022-06-01,Postmates,L2,790909.0,-657143.0,23550.0,158442.0,1020779.0,-102597.0,-21558.0,-517.0,-27273.0,10253.0,135065.0,254.0,5889.0,0.8969,0.10310000000000001
2022-07-01,Postmates,L2,774026.0,-645455.0,22984.0,154545.0,1000000.0,-97922.0,-22727.0,-437.0,-26623.0,10026.0,126364.0,246.0,5695.0,0.8969,0.10310000000000001
2022-08-01,Postmates,L2,774026.0,-646753.0,22802.0,161039.0,1006494.0,-99091.0,-31818.0,-299.0,-25974.0,9542.0,123506.0,226.0,5565.0,0.9005,0.09949999999999999
2022-09-01,Postmates,L2,766234.0,-640260.0,22205.0,151948.0,988312.0,-102727.0,-35455.0,-373.0,-24286.0,8881.0,105455.0,213.0,5501.0,0.8996,0.10039999999999999
2022-10-01,Postmates,L2,793506.0,-662338.0,22843.0,157143.0,1023377.0,-105844.0,-31299.0,-709.0,-24935.0,9244.0,111688.0,200.0,5431.0,0.8963,0.10369999999999999
2022-11-01,Postmates,L2,740260.0,-618182.0,21225.0,146753.0,955844.0,-95195.0,-30519.0,-664.0,-23247.0,8815.0,115584.0,165.0,5161.0,0.8957999999999999,0.1042
2022-12-01,Postmates,L2,762338.0,-636364.0,21246.0,149351.0,981818.0,-94286.0,-30909.0,-669.0,-23896.0,8615.0,119091.0,156.0,5102.0,0.8987999999999999,0.1012
2023-01-01,Postmates,L2,751948.0,-632468.0,21212.0,153247.0,975325.0,-94286.0,-31948.0,-570.0,-24156.0,8565.0,117403.0,155.0,4752.0,0.9034,0.0966
2023-02-01,Postmates,L2,710390.0,-597403.0,19938.0,141558.0,916883.0,-88961.0,-33506.0,-659.0,-20909.0,7823.0,107662.0,159.0,4686.0,0.9037999999999999,0.0962
2023-03-01,Postmates,L2,806494.0,-679221.0,22608.0,154545.0,1035065.0,-100779.0,-36104.0,-2038.0,-20779.0,8195.0,122338.0,207.0,4958.0,0.9046,0.09539999999999998
2023-04-01,Postmates,L2,732468.0,-618182.0,20751.0,144156.0,944156.0,-92597.0,-23636.0,-911.0,-18831.0,7379.0,123896.0,138.0,4604.0,0.9012,0.09880000000000001
2023-05-01,Postmates,L2,755844.0,-637662.0,21476.0,144156.0,968831.0,-97532.0,-34286.0,-926.0,-18961.0,7769.0,114935.0,186.0,4684.0,0.9013,0.0987
2023-06-01,Postmates,L2,698701.0,-590909.0,19919.0,140260.0,902597.0,-91039.0,-21558.0,-1053.0,-17403.0,7455.0,115974.0,159.0,4462.0,0.899,0.10099999999999999
2022-06-01,Postmates,M1,2135.0,-1713.0,79.0,497.0,2874.0,-281.0,-87.0,-10.0,-37.0,23.0,466.0,6.0,33.0,0.6854,0.3146
2022-07-01,Postmates,M1,2195.0,-1774.0,80.0,498.0,2940.0,-285.0,-131.0,-6.0,-38.0,23.0,410.0,7.0,33.0,0.7,0.3
2022-08-01,Postmates,M1,2129.0,-1717.0,78.0,452.0,2817.0,-271.0,-179.0,-5.0,-37.0,23.0,329.0,6.0,31.0,0.6870999999999999,0.3129
2022-09-01,Postmates,M1,2047.0,-1661.0,74.0,409.0,2684.0,-244.0,-180.0,-4.0,-35.0,22.0,262.0,5.0,31.0,0.6814,0.3186
2022-10-01,Postmates,M1,2049.0,-1651.0,75.0,423.0,2701.0,-255.0,-158.0,-11.0,-33.0,19.0,296.0,5.0,30.0,0.6889,0.3111
2022-11-01,Postmates,M1,2132.0,-1718.0,76.0,379.0,2744.0,-270.0,-194.0,-14.0,-36.0,20.0,191.0,4.0,29.0,0.6807,0.3193
2022-12-01,Postmates,M1,2197.0,-1778.0,79.0,339.0,2770.0,-286.0,-167.0,-7.0,-32.0,18.0,147.0,4.0,28.0,0.6733,0.3267
2023-01-01,Postmates,M1,2259.0,-1813.0,83.0,354.0,2856.0,-275.0,-208.0,-14.0,-34.0,17.0,187.0,4.0,25.0,0.6876000000000001,0.3124
2023-02-01,Postmates,M1,2225.0,-1785.0,78.0,376.0,2838.0,-276.0,-221.0,-11.0,-47.0,17.0,181.0,5.0,25.0,0.6846,0.3154
2023-03-01,Postmates,M1,2895.0,-2326.0,101.0,482.0,3687.0,-353.0,-299.0,-91.0,-58.0,21.0,244.0,8.0,31.0,0.6784,0.32159999999999994
2023-04-01,Postmates,M1,2631.0,-2117.0,95.0,448.0,3362.0,-348.0,-230.0,-37.0,-50.0,20.0,243.0,4.0,28.0,0.6720999999999999,0.32789999999999997
2023-05-01,Postmates,M1,2762.0,-2228.0,99.0,464.0,3521.0,-451.0,-299.0,-32.0,-47.0,22.0,141.0,6.0,29.0,0.6883,0.31170000000000003
2023-06-01,Postmates,M1,2704.0,-2182.0,98.0,453.0,3449.0,-394.0,-216.0,-91.0,-43.0,22.0,249.0,7.0,31.0,0.6972,0.3028
2022-06-01,Postmates,M2,87532.0,-70390.0,2816.0,17532.0,111299.0,-7442.0,-2198.0,-176.0,-1816.0,809.0,22078.0,79.0,912.0,0.8458,0.1542
2022-07-01,Postmates,M2,88312.0,-71299.0,2831.0,16883.0,111558.0,-7145.0,-2476.0,-124.0,-1772.0,795.0,21429.0,76.0,898.0,0.8495,0.1505
2022-08-01,Postmates,M2,88052.0,-71169.0,2821.0,16104.0,110390.0,-7206.0,-3509.0,-70.0,-1762.0,761.0,19481.0,72.0,863.0,0.8569,0.1431
2022-09-01,Postmates,M2,85584.0,-68961.0,2684.0,14675.0,106234.0,-6703.0,-3334.0,-50.0,-1652.0,716.0,17922.0,59.0,819.0,0.8563,0.1437
2022-10-01,Postmates,M2,87922.0,-70909.0,2725.0,14935.0,109091.0,-7003.0,-3222.0,-133.0,-1691.0,754.0,18442.0,56.0,802.0,0.8556999999999999,0.14429999999999998
2022-11-01,Postmates,M2,83117.0,-67013.0,2563.0,14416.0,103247.0,-6385.0,-3268.0,-121.0,-1724.0,699.0,17662.0,44.0,768.0,0.8533,0.1467
2022-12-01,Postmates,M2,89610.0,-72208.0,2679.0,15195.0,111039.0,-7121.0,-3127.0,-194.0,-1837.0,690.0,18961.0,45.0,784.0,0.8623000000000001,0.1377
2023-01-01,Postmates,M2,82078.0,-65844.0,2519.0,14545.0,102468.0,-6518.0,-3375.0,-228.0,-1765.0,679.0,18052.0,45.0,624.0,0.8597,0.14029999999999998
2023-02-01,Postmates,M2,76753.0,-61558.0,2356.0,13766.0,95844.0,-5899.0,-3419.0,-206.0,-1641.0,634.0,16753.0,41.0,600.0,0.8618000000000001,0.1382
2023-03-01,Postmates,M2,93636.0,-75195.0,2801.0,16494.0,116753.0,-7416.0,-4845.0,-1452.0,-2003.0,710.0,19740.0,76.0,686.0,0.8622,0.1378
2023-04-01,Postmates,M2,87273.0,-70130.0,2601.0,15844.0,109091.0,-7179.0,-3379.0,-571.0,-1849.0,658.0,19870.0,44.0,622.0,0.8587,0.1413
2023-05-01,Postmates,M2,85844.0,-69091.0,2567.0,15844.0,107792.0,-6797.0,-3996.0,-340.0,-1813.0,713.0,19870.0,49.0,600.0,0.862,0.138
2023-06-01,Postmates,M2,78831.0,-63247.0,2371.0,15974.0,100130.0,-6144.0,-2388.0,-416.0,-1705.0,697.0,20260.0,50.0,573.0,0.8628,0.13720000000000002
2022-06-01,Postmates,N1,29740.0,-24156.0,1019.0,5850.0,38831.0,-3367.0,-932.0,-39.0,-565.0,416.0,6500.0,26.0,334.0,0.8588,0.1412
2022-07-01,Postmates,N1,30909.0,-25195.0,1053.0,5627.0,40000.0,-3403.0,-1227.0,-30.0,-557.0,398.0,6079.0,25.0,333.0,0.8584,0.1416
2022-08-01,Postmates,N1,31299.0,-25584.0,1063.0,5573.0,40260.0,-3347.0,-1972.0,-38.0,-559.0,387.0,5340.0,24.0,327.0,0.8615,0.13849999999999998
2022-09-01,Postmates,N1,31688.0,-25844.0,1059.0,4975.0,40000.0,-3242.0,-2293.0,-93.0,-559.0,364.0,4265.0,26.0,345.0,0.8553000000000001,0.1447
2022-10-01,UberEats,N1,175804.0,-140361.0,6154.0,41995.0,238007.0,-20928.0,-5448.0,-1071.0,-10470.0,3236.0,38363.0,138.0,1902.0,0.7896,0.2104
2022-11-01,UberEats,N1,167462.0,-133878.0,5905.0,39254.0,225917.0,-20610.0,-3901.0,-1088.0,-9432.0,3232.0,37776.0,129.0,1834.0,0.7813,0.2187
2022-12-01,UberEats,N1,177046.0,-141450.0,6049.0,40908.0,238188.0,-21408.0,-6475.0,-1187.0,-9956.0,3302.0,37602.0,129.0,1876.0,0.7873,0.2127
2023-01-01,UberEats,N1,185614.0,-147988.0,6512.0,42981.0,249848.0,-21256.0,-7562.0,-1311.0,-10855.0,3354.0,40468.0,139.0,1908.0,0.7961,0.2039
2023-02-01,UberEats,N1,179932.0,-143614.0,6271.0,42467.0,242452.0,-18700.0,-7988.0,-844.0,-11047.0,3176.0,40505.0,129.0,1889.0,0.7777,0.2223
2023-03-01,UberEats,N1,214406.0,-172291.0,7509.0,43667.0,281881.0,-24282.0,-9812.0,-888.0,-10116.0,3302.0,39282.0,164.0,2139.0,0.7751,0.2249
2023-04-01,UberEats,N1,212522.0,-171043.0,7412.0,43187.0,279235.0,-25698.0,-11070.0,-1267.0,-9691.0,3293.0,36968.0,164.0,2143.0,0.7702,0.2298
2023-05-01,UberEats,N1,215248.0,-173756.0,7519.0,43919.0,282827.0,-25931.0,-9913.0,-1305.0,-9534.0,3771.0,40356.0,173.0,2182.0,0.768,0.23199999999999998
2023-06-01,UberEats,N1,211282.0,-170955.0,7432.0,42973.0,277796.0,-23430.0,-7024.0,-1325.0,-9156.0,3864.0,42128.0,180.0,2151.0,0.7676000000000001,0.2324
2022-06-01,UberEats,N2,751454.0,-602381.0,27699.0,160504.0,970456.0,-89041.0,-22444.0,-5301.0,-26879.0,9524.0,140215.0,549.0,7841.0,0.7723,0.22769999999999999
2022-07-01,UberEats,N2,813559.0,-657368.0,29432.0,167621.0,1044157.0,-87169.0,-31390.0,-5071.0,-33362.0,10454.0,127842.0,591.0,8119.0,0.7825,0.2175
2022-08-01,UberEats,N2,809872.0,-652450.0,29515.0,168789.0,1041402.0,-82535.0,-32864.0,-4490.0,-33967.0,10318.0,137009.0,550.0,8032.0,0.7785,0.22149999999999997
2022-09-01,UberEats,N2,789187.0,-635091.0,28288.0,164357.0,1014384.0,-67731.0,-32587.0,-4191.0,-33926.0,9428.0,132588.0,503.0,7806.0,0.7818999999999999,0.2181
2022-10-01,UberEats,N2,851315.0,-685982.0,30053.0,173351.0,1089978.0,-69395.0,-32368.0,-4530.0,-37033.0,10309.0,132986.0,513.0,8038.0,0.7841,0.2159
2022-11-01,UberEats,N2,803790.0,-647820.0,28749.0,168037.0,1033902.0,-64640.0,-23371.0,-4749.0,-36679.0,10571.0,133360.0,477.0,7822.0,0.7768999999999999,0.2231
2022-12-01,UberEats,N2,893321.0,-720448.0,31066.0,189330.0,1151658.0,-75153.0,-26395.0,-5582.0,-43962.0,11447.0,154204.0,526.0,8337.0,0.7801,0.21989999999999998
2023-01-01,UberEats,N2,866455.0,-698230.0,30596.0,183945.0,1117342.0,-70260.0,-31193.0,-4605.0,-45508.0,11642.0,144923.0,494.0,8084.0,0.7848999999999999,0.2151
2023-02-01,UberEats,N2,839872.0,-676850.0,29473.0,177873.0,1081180.0,-63415.0,-37678.0,-3026.0,-45620.0,11161.0,148110.0,444.0,7897.0,0.7801,0.21989999999999998
2023-03-01,UberEats,N2,965552.0,-782324.0,33816.0,202654.0,1241895.0,-74542.0,-39713.0,-2479.0,-52916.0,12112.0,174413.0,541.0,8527.0,0.7729,0.2271
2023-04-01,UberEats,N2,906055.0,-734592.0,31609.0,190167.0,1165101.0,-76767.0,-28381.0,-4519.0,-50094.0,12188.0,174667.0,500.0,8345.0,0.7670999999999999,0.2329
2023-05-01,UberEats,N2,882580.0,-715801.0,31082.0,183888.0,1132883.0,-78511.0,-23225.0,-4541.0,-46488.0,13813.0,178306.0,515.0,8348.0,0.7686,0.2314
2023-06-01,UberEats,N2,874356.0,-709135.0,30472.0,180685.0,1122082.0,-75842.0,-18813.0,-4509.0,-44902.0,14833.0,178574.0,541.0,8325.0,0.7761,0.22390000000000002
2022-06-01,UberEats,N3,1700909.0,-1402281.0,62615.0,308655.0,2154173.0,-184625.0,-46456.0,-13184.0,-60645.0,15472.0,299038.0,1090.0,15370.0,0.7973,0.2027
2022-07-01,UberEats,N3,1777446.0,-1484431.0,64362.0,342286.0,2270744.0,-197193.0,-77956.0,-10260.0,-71939.0,17662.0,234782.0,1047.0,15398.0,0.8073,0.19269999999999998
2022-08-01,UberEats,N3,1772800.0,-1471749.0,64470.0,342740.0,2265300.0,-191072.0,-79518.0,-8471.0,-75037.0,17488.0,262128.0,909.0,15273.0,0.8051999999999999,0.1948
2022-09-01,UberEats,N3,1804725.0,-1497949.0,63859.0,346224.0,2302394.0,-184750.0,-78524.0,-6851.0,-80356.0,15318.0,236033.0,809.0,15262.0,0.8162,0.1838
2022-10-01,UberEats,N3,1979162.0,-1642267.0,69007.0,370726.0,2515953.0,-177537.0,-79477.0,-6356.0,-89772.0,17344.0,224712.0,763.0,15799.0,0.8190000000000001,0.18100000000000002
2022-11-01,UberEats,N3,1856213.0,-1542297.0,65375.0,353842.0,2365599.0,-157582.0,-58201.0,-6495.0,-86409.0,18446.0,278107.0,713.0,15408.0,0.8197,0.18030000000000002
2022-12-01,UberEats,N3,2045240.0,-1700386.0,69937.0,395671.0,2611840.0,-181636.0,-63377.0,-7764.0,-100099.0,20058.0,297160.0,802.0,16522.0,0.8178,0.1822
2023-01-01,UberEats,N3,2009307.0,-1669849.0,69764.0,391561.0,2569114.0,-158629.0,-72094.0,-7558.0,-103810.0,20366.0,318554.0,733.0,16018.0,0.8251000000000001,0.17489999999999997
2023-02-01,UberEats,N3,1980782.0,-1648102.0,67922.0,384178.0,2530509.0,-152039.0,-88630.0,-5784.0,-106293.0,19511.0,322018.0,676.0,15859.0,0.8212999999999999,0.1787
2023-03-01,UberEats,N3,2292291.0,-1911219.0,78500.0,420621.0,2903032.0,-172779.0,-114541.0,-6295.0,-114098.0,21362.0,328919.0,819.0,16980.0,0.8178,0.1822
2023-04-01,UberEats,N3,2183111.0,-1823374.0,74289.0,396882.0,2760941.0,-162115.0,-102610.0,-6681.0,-107203.0,21410.0,308010.0,744.0,16671.0,0.8122,0.18780000000000002
2023-05-01,UberEats,N3,2137220.0,-1784143.0,73649.0,384735.0,2699077.0,-163291.0,-101133.0,-6795.0,-99687.0,24342.0,340982.0,766.0,16764.0,0.8158,0.18420000000000003
2023-06-01,UberEats,N3,2100935.0,-1754407.0,71848.0,375294.0,2649714.0,-175744.0,-59270.0,-7144.0,-96299.0,26330.0,351577.0,806.0,16588.0,0.8159000000000001,0.1841
2022-06-01,UberEats,N4,551235.0,-435312.0,19517.0,109448.0,706379.0,-66478.0,-12890.0,-3292.0,-17511.0,6109.0,126489.0,326.0,5633.0,0.7659,0.2341
2022-07-01,UberEats,N4,587958.0,-468664.0,20257.0,119455.0,756190.0,-68658.0,-18849.0,-2999.0,-20050.0,6486.0,120054.0,341.0,5825.0,0.7746999999999999,0.2253
2022-08-01,UberEats,N4,585282.0,-465211.0,20341.0,119986.0,753809.0,-68245.0,-18518.0,-2496.0,-20467.0,6459.0,124371.0,313.0,5783.0,0.7746999999999999,0.2253
2022-09-01,UberEats,N4,565571.0,-450005.0,19338.0,114320.0,726446.0,-62163.0,-18146.0,-2293.0,-19682.0,5943.0,116862.0,280.0,5590.0,0.7737,0.2263
2022-10-01,UberEats,N4,611117.0,-485898.0,20768.0,114564.0,775894.0,-63183.0,-17698.0,-2309.0,-19612.0,6348.0,116856.0,285.0,5822.0,0.7706000000000001,0.22940000000000002
2022-11-01,UberEats,N4,581824.0,-462631.0,19847.0,117146.0,746971.0,-58093.0,-12390.0,-2333.0,-21731.0,6668.0,125483.0,256.0,5638.0,0.7689,0.2311
2022-12-01,UberEats,N4,644432.0,-513130.0,21349.0,131700.0,828858.0,-66008.0,-14680.0,-2803.0,-25763.0,7139.0,143254.0,283.0,6037.0,0.7748999999999999,0.22510000000000002
2023-01-01,UberEats,N4,628066.0,-499653.0,21179.0,128341.0,807734.0,-61056.0,-18446.0,-2946.0,-26490.0,7130.0,140960.0,286.0,5923.0,0.7777,0.2223
2023-02-01,UberEats,N4,590782.0,-469754.0,19814.0,119750.0,759003.0,-54356.0,-22392.0,-2042.0,-25537.0,6725.0,138842.0,244.0,5688.0,0.7754000000000001,0.22460000000000002
2022-10-01,Postmates,N1,32597.0,-26623.0,1087.0,5099.0,41169.0,-3399.0,-1964.0,-127.0,-595.0,367.0,4123.0,25.0,341.0,0.8418000000000001,0.1582
2022-11-01,Postmates,N1,31558.0,-25714.0,1048.0,4961.0,40000.0,-3104.0,-2159.0,-115.0,-564.0,367.0,4205.0,21.0,326.0,0.8482,0.1518
2022-12-01,Postmates,N1,31818.0,-25844.0,1017.0,4606.0,39740.0,-2829.0,-1808.0,-58.0,-537.0,344.0,4686.0,16.0,309.0,0.8563,0.1437
2023-01-01,Postmates,N1,31818.0,-25714.0,1045.0,4608.0,39740.0,-2821.0,-1971.0,-27.0,-552.0,338.0,4782.0,15.0,276.0,0.8540000000000001,0.146
2023-02-01,Postmates,N1,30130.0,-24416.0,992.0,4421.0,37662.0,-2700.0,-2153.0,-48.0,-505.0,300.0,4193.0,14.0,271.0,0.8404,0.15960000000000002
2023-03-01,Postmates,N1,34675.0,-28182.0,1125.0,5050.0,43377.0,-3268.0,-2039.0,-321.0,-571.0,327.0,5050.0,24.0,292.0,0.8416,0.15839999999999999
2023-04-01,Postmates,N1,33117.0,-26883.0,1076.0,4791.0,41299.0,-3264.0,-1828.0,-170.0,-531.0,304.0,4941.0,20.0,285.0,0.8406,0.1594
2023-05-01,Postmates,N1,33377.0,-27143.0,1080.0,4782.0,41558.0,-3375.0,-2239.0,-97.0,-514.0,315.0,4624.0,24.0,283.0,0.8426,0.1574
2023-06-01,Postmates,N1,31039.0,-25195.0,1026.0,4536.0,38831.0,-3036.0,-1381.0,-150.0,-467.0,302.0,4970.0,24.0,272.0,0.8477,0.1523
2022-06-01,Postmates,N2,9392.0,-7775.0,310.0,1541.0,11636.0,-662.0,-352.0,-118.0,-168.0,73.0,1680.0,27.0,171.0,0.8419,0.15810000000000002
2022-07-01,Postmates,N2,10330.0,-8554.0,336.0,1686.0,12788.0,-721.0,-652.0,-90.0,-176.0,75.0,1447.0,33.0,183.0,0.8388,0.1612
2022-08-01,Postmates,N2,10596.0,-8714.0,339.0,1749.0,13117.0,-741.0,-1124.0,-62.0,-193.0,73.0,1089.0,35.0,175.0,0.8423999999999999,0.1576
2022-09-01,Postmates,N2,9906.0,-8175.0,318.0,1517.0,12155.0,-558.0,-930.0,-40.0,-173.0,67.0,1033.0,24.0,165.0,0.8495999999999999,0.15039999999999998
2022-10-01,Postmates,N2,10638.0,-8747.0,330.0,1674.0,13117.0,-594.0,-1005.0,-161.0,-209.0,76.0,984.0,25.0,161.0,0.8493999999999999,0.1506
2022-11-01,Postmates,N2,11330.0,-9265.0,341.0,1600.0,13766.0,-630.0,-1528.0,-261.0,-224.0,75.0,397.0,23.0,161.0,0.8495,0.1505
2022-12-01,Postmates,N2,12071.0,-9891.0,363.0,1438.0,14416.0,-779.0,-1155.0,-306.0,-185.0,71.0,619.0,26.0,162.0,0.845,0.155
2023-01-01,Postmates,N2,11371.0,-9221.0,338.0,1418.0,13636.0,-765.0,-1629.0,-384.0,-198.0,78.0,90.0,28.0,128.0,0.8412999999999999,0.15869999999999998
2023-02-01,Postmates,N2,12061.0,-9797.0,352.0,1567.0,14416.0,-782.0,-1970.0,-453.0,-257.0,85.0,16.0,28.0,137.0,0.8545999999999999,0.1454
2023-03-01,Postmates,N2,22338.0,-17922.0,570.0,2517.0,26364.0,-1319.0,-3650.0,-3437.0,-494.0,127.0,406.0,86.0,221.0,0.8851,0.1149
2023-04-01,Postmates,N2,18182.0,-14675.0,497.0,2178.0,21688.0,-1265.0,-3058.0,-1117.0,-396.0,127.0,169.0,39.0,193.0,0.8674,0.1326
2023-05-01,Postmates,N2,19870.0,-16104.0,557.0,2433.0,23636.0,-1497.0,-4740.0,-562.0,-437.0,171.0,-1115.0,47.0,206.0,0.8676,0.1324
2023-06-01,Postmates,N2,16104.0,-12987.0,470.0,2006.0,19221.0,-1230.0,-2747.0,-734.0,-308.0,142.0,91.0,50.0,205.0,0.8623000000000001,0.1377
2022-06-01,Postmates,N3,91429.0,-77662.0,2644.0,15584.0,114935.0,-7209.0,-3270.0,-362.0,-2552.0,777.0,15325.0,81.0,886.0,0.9220999999999999,0.0779
2022-07-01,Postmates,N3,84286.0,-71688.0,2482.0,14416.0,105974.0,-6473.0,-3756.0,-256.0,-2333.0,760.0,11902.0,92.0,847.0,0.9177,0.0823
2022-08-01,Postmates,N3,87013.0,-74156.0,2534.0,14156.0,108701.0,-6585.0,-6033.0,-156.0,-2412.0,740.0,9925.0,93.0,849.0,0.9179999999999999,0.08199999999999999
2022-09-01,Postmates,N3,95974.0,-81948.0,2728.0,14675.0,118961.0,-6722.0,-5783.0,-101.0,-2644.0,697.0,9714.0,77.0,914.0,0.9261,0.0739
2022-10-01,Postmates,N3,104545.0,-89221.0,2891.0,15974.0,129481.0,-6207.0,-5704.0,-341.0,-2937.0,756.0,9387.0,82.0,895.0,0.9251,0.07490000000000001
2022-11-01,Postmates,N3,97662.0,-83247.0,2692.0,14935.0,120909.0,-5256.0,-5230.0,-443.0,-2716.0,744.0,11057.0,69.0,859.0,0.9292,0.0708
2022-12-01,Postmates,N3,98701.0,-83896.0,2675.0,15455.0,122597.0,-5583.0,-4865.0,-479.0,-2873.0,729.0,11627.0,67.0,848.0,0.9255,0.0745
2023-01-01,Postmates,N3,98052.0,-83247.0,2685.0,15195.0,121688.0,-5088.0,-6291.0,-629.0,-2882.0,744.0,11145.0,71.0,750.0,0.927,0.073
2023-02-01,Postmates,N3,95714.0,-81558.0,2626.0,15065.0,118961.0,-5235.0,-6577.0,-847.0,-2988.0,714.0,10965.0,73.0,767.0,0.9245,0.0755
2023-03-01,Postmates,N3,122078.0,-103506.0,3253.0,18442.0,150649.0,-6395.0,-11477.0,-5294.0,-3660.0,853.0,11030.0,169.0,943.0,0.9283,0.0717
2023-04-01,Postmates,N3,108182.0,-92078.0,2919.0,17013.0,133766.0,-5912.0,-7692.0,-1706.0,-3328.0,783.0,12091.0,71.0,820.0,0.9256,0.07440000000000001
2023-05-01,Postmates,N3,106753.0,-90779.0,2926.0,17143.0,132468.0,-6027.0,-10143.0,-756.0,-3192.0,847.0,11333.0,83.0,817.0,0.9255,0.0745
2023-06-01,Postmates,N3,96883.0,-82597.0,2653.0,16234.0,121169.0,-5916.0,-6325.0,-1175.0,-2762.0,817.0,13377.0,99.0,817.0,0.9270999999999999,0.0729
2022-06-01,Postmates,N4,6603.0,-5334.0,193.0,1072.0,8227.0,-537.0,-285.0,-63.0,-101.0,50.0,1351.0,17.0,102.0,0.8262,0.17379999999999998
2022-07-01,Postmates,N4,7801.0,-6310.0,219.0,1206.0,9659.0,-641.0,-413.0,-72.0,-112.0,53.0,1369.0,20.0,113.0,0.8404,0.15960000000000002
2022-08-01,Postmates,N4,8333.0,-6726.0,233.0,1256.0,10283.0,-709.0,-732.0,-48.0,-114.0,52.0,1126.0,21.0,116.0,0.846,0.154
2022-09-01,Postmates,N4,7050.0,-5704.0,206.0,1047.0,8679.0,-569.0,-641.0,-33.0,-98.0,43.0,868.0,16.0,104.0,0.826,0.174
2022-10-01,Postmates,N4,7226.0,-5821.0,212.0,1109.0,8931.0,-565.0,-713.0,-79.0,-101.0,47.0,807.0,17.0,100.0,0.8240999999999999,0.1759
2022-11-01,Postmates,N4,7539.0,-6055.0,218.0,1046.0,9206.0,-580.0,-880.0,-129.0,-107.0,48.0,616.0,15.0,100.0,0.8240999999999999,0.1759
2022-12-01,Postmates,N4,7866.0,-6349.0,227.0,951.0,9457.0,-660.0,-735.0,-95.0,-99.0,45.0,676.0,15.0,100.0,0.823,0.177
2023-01-01,Postmates,N4,7360.0,-5901.0,212.0,895.0,8848.0,-607.0,-956.0,-97.0,-96.0,47.0,424.0,15.0,86.0,0.8229000000000001,0.1771
2023-02-01,Postmates,N4,7225.0,-5771.0,210.0,902.0,8713.0,-595.0,-1004.0,-159.0,-113.0,48.0,511.0,14.0,87.0,0.8341,0.1659
2023-03-01,UberEats,N4,682537.0,-544941.0,22768.0,134092.0,871870.0,-65916.0,-28781.0,-2119.0,-28856.0,7409.0,151385.0,284.0,6093.0,0.7737999999999999,0.2262
2023-04-01,UberEats,N4,653741.0,-522304.0,21665.0,127598.0,834659.0,-65075.0,-26808.0,-2394.0,-27534.0,7495.0,144383.0,269.0,6004.0,0.7652,0.2348
2023-05-01,UberEats,N4,654225.0,-523147.0,21813.0,127829.0,835373.0,-65135.0,-25777.0,-2302.0,-26756.0,8601.0,149263.0,275.0,6093.0,0.7696999999999999,0.2303
2023-06-01,UberEats,N4,659164.0,-527543.0,21717.0,128387.0,841086.0,-64008.0,-16041.0,-2373.0,-26521.0,9223.0,153286.0,299.0,6198.0,0.7768,0.2232
2022-06-01,UberEats,O1,39300.0,-31677.0,1614.0,9941.0,52557.0,-6076.0,-1367.0,-640.0,-1016.0,648.0,9075.0,71.0,565.0,0.5867,0.4133
2022-07-01,UberEats,O1,42616.0,-34676.0,1761.0,10744.0,56974.0,-5670.0,-1682.0,-644.0,-1835.0,773.0,9344.0,75.0,582.0,0.6081,0.39189999999999997
2022-08-01,UberEats,O1,42943.0,-34768.0,1795.0,10877.0,57523.0,-5501.0,-2103.0,-634.0,-1950.0,821.0,9647.0,78.0,597.0,0.6048,0.39520000000000005
2022-09-01,UberEats,O1,42588.0,-34455.0,1757.0,10961.0,57223.0,-5443.0,-1984.0,-645.0,-2078.0,844.0,9809.0,71.0,594.0,0.5859000000000001,0.41409999999999997
2022-10-01,UberEats,O1,44409.0,-35836.0,1788.0,11889.0,60104.0,-5275.0,-1978.0,-674.0,-2537.0,917.0,10557.0,73.0,599.0,0.5903,0.4097
2022-11-01,UberEats,O1,42994.0,-34824.0,1737.0,11200.0,57887.0,-4925.0,-1403.0,-786.0,-2345.0,865.0,10746.0,70.0,587.0,0.5814,0.41859999999999997
2022-12-01,UberEats,O1,47246.0,-38374.0,1863.0,12481.0,63752.0,-5579.0,-1761.0,-872.0,-2910.0,920.0,10873.0,72.0,615.0,0.5861999999999999,0.4138
2023-01-01,UberEats,O1,46520.0,-37548.0,1865.0,12280.0,62777.0,-5239.0,-2003.0,-861.0,-3068.0,962.0,11276.0,80.0,611.0,0.5909,0.40909999999999996
2023-02-01,UberEats,O1,46521.0,-37488.0,1846.0,12130.0,62625.0,-4948.0,-2076.0,-477.0,-3058.0,945.0,11335.0,69.0,606.0,0.5893999999999999,0.4106
2023-03-01,UberEats,O1,51844.0,-41957.0,2037.0,13643.0,69869.0,-5466.0,-2209.0,-404.0,-3563.0,993.0,12348.0,82.0,655.0,0.5948,0.4052
2023-04-01,UberEats,O1,47773.0,-38595.0,1887.0,12876.0,64703.0,-5141.0,-1756.0,-530.0,-3326.0,1024.0,12162.0,67.0,620.0,0.5893,0.4107
2023-05-01,UberEats,O1,47121.0,-38102.0,1844.0,12757.0,63881.0,-5273.0,-1884.0,-501.0,-3305.0,1203.0,11949.0,69.0,614.0,0.6065,0.3935
2023-06-01,UberEats,O1,46080.0,-37334.0,1782.0,12207.0,62231.0,-4730.0,-1091.0,-571.0,-3107.0,1221.0,12339.0,77.0,608.0,0.622,0.37799999999999995
2022-06-01,UberEats,O2,188977.0,-149641.0,6629.0,46026.0,249308.0,-34482.0,-5004.0,-2303.0,-6600.0,2722.0,39649.0,216.0,2277.0,0.7809,0.2191
2022-07-01,UberEats,O2,202093.0,-161983.0,6887.0,47669.0,265106.0,-32529.0,-7634.0,-2147.0,-8898.0,3010.0,38313.0,219.0,2314.0,0.7988,0.20120000000000002
2022-08-01,UberEats,O2,194306.0,-155855.0,6729.0,48975.0,258107.0,-30594.0,-7832.0,-1629.0,-9169.0,3033.0,41183.0,182.0,2223.0,0.7958,0.20420000000000002
2022-09-01,UberEats,O2,197825.0,-157866.0,6698.0,49035.0,261853.0,-32084.0,-8947.0,-1611.0,-9352.0,2891.0,38573.0,181.0,2222.0,0.7924,0.2076
2022-10-01,UberEats,O2,210953.0,-168241.0,7177.0,51637.0,278593.0,-34160.0,-7992.0,-1822.0,-10056.0,3153.0,42339.0,191.0,2306.0,0.7884,0.2116
2022-11-01,UberEats,O2,200076.0,-159511.0,6847.0,51044.0,266318.0,-31748.0,-6644.0,-1738.0,-10473.0,3260.0,45291.0,170.0,2208.0,0.7825,0.2175
2022-12-01,UberEats,O2,216284.0,-172786.0,7179.0,55528.0,288037.0,-33051.0,-7405.0,-1802.0,-12226.0,3523.0,47919.0,168.0,2316.0,0.7870999999999999,0.21289999999999998
2023-01-01,UberEats,O2,214496.0,-171034.0,7174.0,54709.0,285232.0,-32190.0,-8818.0,-1768.0,-12697.0,3578.0,47143.0,172.0,2311.0,0.7994,0.2006
2023-02-01,UberEats,O2,200507.0,-159965.0,6748.0,51319.0,266784.0,-29911.0,-8925.0,-1087.0,-12139.0,3445.0,44128.0,152.0,2223.0,0.7927,0.2073
2023-03-01,UberEats,O2,229258.0,-183685.0,7650.0,57764.0,304005.0,-33382.0,-9122.0,-930.0,-13759.0,3678.0,49511.0,185.0,2435.0,0.7915000000000001,0.20850000000000002
2023-04-01,UberEats,O2,219096.0,-175603.0,7313.0,55068.0,290452.0,-32224.0,-8532.0,-1612.0,-13222.0,3672.0,47804.0,168.0,2372.0,0.7906,0.2094
2023-05-01,UberEats,O2,224679.0,-180526.0,7507.0,56756.0,297948.0,-33662.0,-8154.0,-1675.0,-13416.0,4243.0,50230.0,181.0,2430.0,0.792,0.20800000000000002
2023-06-01,UberEats,O2,209317.0,-168808.0,6933.0,55245.0,279940.0,-30806.0,-4924.0,-1479.0,-12260.0,4362.0,50201.0,172.0,2321.0,0.7912,0.20879999999999999
2022-06-01,UberEats,P1,60697.0,-48730.0,2165.0,18816.0,84331.0,-11202.0,-1518.0,-1088.0,-1882.0,1030.0,16233.0,105.0,904.0,0.5952000000000001,0.4048
2022-07-01,UberEats,P1,63086.0,-51126.0,2215.0,18840.0,86946.0,-10505.0,-1657.0,-1063.0,-2637.0,1153.0,16189.0,109.0,906.0,0.6202000000000001,0.37979999999999997
2022-08-01,UberEats,P1,60291.0,-48715.0,2172.0,18322.0,83393.0,-10236.0,-1630.0,-892.0,-2710.0,1172.0,15749.0,98.0,874.0,0.6223,0.37770000000000004
2022-09-01,UberEats,P1,61419.0,-49391.0,2163.0,18438.0,84715.0,-10759.0,-2055.0,-885.0,-2855.0,1161.0,15199.0,95.0,873.0,0.6125,0.3875
2022-10-01,UberEats,P1,66696.0,-53619.0,2340.0,19458.0,91449.0,-11667.0,-1614.0,-933.0,-2993.0,1281.0,16825.0,101.0,929.0,0.5963,0.40369999999999995
2022-11-01,UberEats,P1,66518.0,-53696.0,2303.0,20006.0,91795.0,-11412.0,-1383.0,-1008.0,-3246.0,1280.0,17496.0,96.0,922.0,0.5959,0.40409999999999996
2022-12-01,UberEats,P1,69973.0,-56517.0,2388.0,21348.0,96812.0,-12419.0,-1797.0,-1002.0,-3798.0,1376.0,17446.0,93.0,944.0,0.6011,0.39890000000000003
2023-01-01,UberEats,P1,69230.0,-55938.0,2407.0,21202.0,95884.0,-12085.0,-2051.0,-1033.0,-3965.0,1417.0,17377.0,101.0,950.0,0.6165999999999999,0.3834
2023-02-01,UberEats,P1,67076.0,-54141.0,2309.0,20457.0,92790.0,-11334.0,-2523.0,-571.0,-3903.0,1372.0,16698.0,89.0,919.0,0.6086,0.3914
2023-03-01,UberEats,P1,77705.0,-62966.0,2649.0,23173.0,106924.0,-13028.0,-2902.0,-463.0,-4495.0,1456.0,18397.0,107.0,1019.0,0.6042000000000001,0.3958
2023-04-01,UberEats,P1,82925.0,-67114.0,2749.0,24524.0,113879.0,-14300.0,-2593.0,-1038.0,-4770.0,1533.0,19685.0,102.0,1119.0,0.596,0.40399999999999997
2023-05-01,UberEats,P1,76418.0,-62004.0,2619.0,23071.0,105371.0,-13060.0,-2077.0,-1040.0,-4545.0,1745.0,19417.0,109.0,1028.0,0.5911,0.4089
2023-06-01,UberEats,P1,71170.0,-57847.0,2437.0,21461.0,98114.0,-11961.0,-1443.0,-934.0,-4162.0,1804.0,18289.0,103.0,971.0,0.5899,0.41009999999999996
2022-06-01,UberEats,P2,257407.0,-205903.0,9681.0,50536.0,328520.0,-29315.0,-8589.0,-2106.0,-6701.0,3405.0,51837.0,243.0,3191.0,0.7227,0.2773
2023-03-01,Postmates,N4,12958.0,-10284.0,332.0,1407.0,15455.0,-970.0,-1943.0,-1740.0,-209.0,70.0,797.0,45.0,137.0,0.8834000000000001,0.1166
2023-04-01,Postmates,N4,10337.0,-8239.0,277.0,1188.0,12349.0,-875.0,-1403.0,-630.0,-161.0,66.0,730.0,19.0,116.0,0.8595,0.1405
2023-05-01,Postmates,N4,11378.0,-9091.0,314.0,1344.0,13636.0,-988.0,-2364.0,-213.0,-184.0,81.0,128.0,22.0,124.0,0.8606,0.1394
2023-06-01,Postmates,N4,9988.0,-7994.0,274.0,1158.0,11938.0,-845.0,-1284.0,-256.0,-146.0,71.0,750.0,22.0,121.0,0.8706999999999999,0.1293
2022-06-01,Postmates,O1,28571.0,-23247.0,1082.0,6959.0,37792.0,-3439.0,-962.0,-26.0,-571.0,513.0,7338.0,21.0,336.0,0.7315999999999999,0.26839999999999997
2022-07-01,Postmates,O1,29091.0,-23636.0,1088.0,6966.0,38442.0,-3348.0,-1135.0,-29.0,-634.0,478.0,7149.0,20.0,329.0,0.7345,0.2655
2022-08-01,Postmates,O1,28442.0,-23247.0,1073.0,6470.0,37403.0,-3174.0,-1649.0,-17.0,-586.0,453.0,6368.0,18.0,324.0,0.7384000000000001,0.2616
2022-09-01,Postmates,O1,27013.0,-22078.0,1005.0,5842.0,35195.0,-2966.0,-1658.0,-7.0,-521.0,408.0,5704.0,15.0,309.0,0.7332,0.2668
2022-10-01,Postmates,O1,27922.0,-22727.0,1027.0,6064.0,36364.0,-2815.0,-1498.0,-12.0,-538.0,401.0,6100.0,14.0,303.0,0.7256999999999999,0.2743
2022-11-01,Postmates,O1,24935.0,-20260.0,930.0,5933.0,32987.0,-2455.0,-590.0,-17.0,-509.0,382.0,6743.0,11.0,278.0,0.7204999999999999,0.27949999999999997
2022-12-01,Postmates,O1,26883.0,-21948.0,990.0,5854.0,35065.0,-2649.0,-669.0,-12.0,-479.0,343.0,6661.0,12.0,285.0,0.716,0.284
2023-01-01,Postmates,O1,25974.0,-21039.0,976.0,5366.0,33636.0,-2455.0,-722.0,-14.0,-399.0,322.0,6551.0,11.0,261.0,0.7076,0.2924
2023-02-01,Postmates,O1,24545.0,-19870.0,915.0,5085.0,31688.0,-2296.0,-615.0,-7.0,-354.0,287.0,6274.0,10.0,252.0,0.7121999999999999,0.2878
2023-03-01,Postmates,O1,27922.0,-22727.0,1038.0,5834.0,36234.0,-2655.0,-882.0,-78.0,-418.0,315.0,6965.0,13.0,264.0,0.7082999999999999,0.2917
2023-04-01,Postmates,O1,25844.0,-20909.0,953.0,5521.0,33506.0,-2456.0,-571.0,-38.0,-380.0,277.0,6912.0,9.0,247.0,0.7087,0.2913
2023-05-01,Postmates,O1,24935.0,-20260.0,919.0,5441.0,32597.0,-2475.0,-707.0,-26.0,-371.0,279.0,6628.0,11.0,237.0,0.7134,0.2866
2023-06-01,Postmates,O1,22468.0,-18182.0,811.0,5838.0,30260.0,-2067.0,-449.0,-51.0,-511.0,302.0,7007.0,10.0,220.0,0.738,0.262
2022-06-01,Postmates,O2,93636.0,-75455.0,3175.0,21818.0,122727.0,-14805.0,-3257.0,-112.0,-3512.0,1677.0,18831.0,58.0,1042.0,0.8247,0.1753
2022-07-01,Postmates,O2,94026.0,-75974.0,3131.0,21688.0,122857.0,-14286.0,-3445.0,-79.0,-3443.0,1595.0,18312.0,56.0,1018.0,0.8292,0.17079999999999998
2022-08-01,Postmates,O2,90000.0,-72727.0,3000.0,21688.0,118571.0,-13247.0,-4680.0,-46.0,-3237.0,1507.0,18052.0,52.0,969.0,0.8328,0.1672
2022-09-01,Postmates,O2,87662.0,-70909.0,2888.0,20130.0,114545.0,-13247.0,-4630.0,-59.0,-2875.0,1397.0,15974.0,45.0,950.0,0.8288,0.17120000000000002
2022-10-01,Postmates,O2,90000.0,-72727.0,2954.0,20779.0,117662.0,-13636.0,-4692.0,-129.0,-2930.0,1429.0,16364.0,41.0,929.0,0.8223,0.1777
2022-11-01,Postmates,O2,84026.0,-67922.0,2769.0,19481.0,110130.0,-12385.0,-4024.0,-163.0,-2778.0,1343.0,16753.0,34.0,883.0,0.8170000000000001,0.183
2022-12-01,Postmates,O2,88442.0,-71558.0,2844.0,19610.0,114675.0,-12776.0,-3769.0,-134.0,-2736.0,1274.0,17013.0,33.0,880.0,0.8209000000000001,0.1791
2023-01-01,Postmates,O2,84286.0,-67792.0,2736.0,18442.0,109091.0,-12249.0,-4221.0,-224.0,-2488.0,1208.0,16234.0,34.0,791.0,0.8262999999999999,0.17370000000000002
2023-02-01,Postmates,O2,80909.0,-65195.0,2585.0,17143.0,104156.0,-11541.0,-5921.0,-235.0,-2162.0,1116.0,13506.0,34.0,775.0,0.8341,0.1659
2023-03-01,Postmates,O2,96234.0,-77532.0,3022.0,19870.0,123377.0,-13506.0,-7151.0,-1008.0,-2477.0,1207.0,15844.0,55.0,860.0,0.8384999999999999,0.16149999999999998
2023-04-01,Postmates,O2,88052.0,-71039.0,2791.0,18831.0,113506.0,-12631.0,-5486.0,-260.0,-2266.0,1083.0,16234.0,37.0,805.0,0.8321,0.1679
2023-05-01,Postmates,O2,89740.0,-72468.0,2861.0,19740.0,116104.0,-13117.0,-6635.0,-221.0,-2274.0,1139.0,16234.0,42.0,815.0,0.8347,0.1653
2023-06-01,Postmates,O2,80519.0,-65065.0,2535.0,21169.0,107662.0,-11687.0,-4258.0,-285.0,-2465.0,1172.0,18701.0,37.0,753.0,0.836,0.16399999999999998
2022-06-01,Postmates,P1,34935.0,-28182.0,1193.0,8478.0,46234.0,-5437.0,-1405.0,-69.0,-1131.0,749.0,7470.0,34.0,442.0,0.662,0.33799999999999997
2022-07-01,Postmates,P1,34286.0,-27662.0,1151.0,8727.0,45714.0,-5243.0,-1574.0,-64.0,-1086.0,714.0,7567.0,30.0,424.0,0.6722,0.32780000000000004
2022-08-01,Postmates,P1,32078.0,-25974.0,1075.0,8998.0,43636.0,-4879.0,-2159.0,-35.0,-1011.0,678.0,7281.0,26.0,396.0,0.6861,0.3139
2022-09-01,Postmates,P1,30519.0,-24675.0,1012.0,8203.0,41169.0,-4803.0,-2129.0,-63.0,-904.0,633.0,6339.0,24.0,379.0,0.6724,0.3276
2022-10-01,Postmates,P1,31169.0,-25195.0,1025.0,8521.0,42208.0,-4915.0,-1967.0,-63.0,-914.0,652.0,6766.0,21.0,373.0,0.6635,0.33649999999999997
2022-11-01,Postmates,P1,28571.0,-23247.0,936.0,8516.0,39481.0,-4414.0,-964.0,-66.0,-889.0,600.0,7784.0,18.0,345.0,0.6609999999999999,0.33899999999999997
2022-12-01,Postmates,P1,29351.0,-23896.0,944.0,8170.0,39870.0,-4698.0,-913.0,-55.0,-800.0,566.0,7344.0,17.0,340.0,0.6676000000000001,0.33240000000000003
2023-01-01,Postmates,P1,27403.0,-22208.0,898.0,7516.0,37013.0,-4455.0,-1015.0,-36.0,-696.0,521.0,6759.0,16.0,305.0,0.6683,0.3317
2023-02-01,Postmates,P1,25455.0,-20649.0,832.0,7005.0,34545.0,-4058.0,-845.0,-49.0,-620.0,463.0,6529.0,14.0,290.0,0.6651,0.33490000000000003
2023-03-01,Postmates,P1,30130.0,-24545.0,967.0,8218.0,40779.0,-4778.0,-1394.0,-247.0,-734.0,494.0,7239.0,25.0,323.0,0.6674,0.3326
2023-04-01,Postmates,P1,29870.0,-24156.0,926.0,8464.0,40649.0,-4635.0,-862.0,-72.0,-869.0,487.0,8066.0,13.0,330.0,0.6551,0.34490000000000004
2023-05-01,Postmates,P1,27273.0,-22078.0,869.0,8108.0,37532.0,-4332.0,-1058.0,-71.0,-864.0,497.0,7463.0,17.0,298.0,0.6469,0.3531
2023-06-01,Postmates,P1,24286.0,-19610.0,777.0,7562.0,33766.0,-3854.0,-628.0,-80.0,-797.0,494.0,7141.0,15.0,271.0,0.6556000000000001,0.3444
2022-06-01,Postmates,P2,5304.0,-4372.0,183.0,1002.0,6722.0,-434.0,-268.0,-48.0,-95.0,63.0,1031.0,15.0,93.0,0.8118000000000001,0.1882
2022-07-01,UberEats,P2,270938.0,-219644.0,10109.0,51392.0,343961.0,-29151.0,-9922.0,-2240.0,-7000.0,3505.0,50265.0,265.0,3253.0,0.7338,0.2662
2022-08-01,UberEats,P2,272000.0,-219605.0,10190.0,51760.0,345507.0,-30485.0,-13218.0,-2046.0,-7034.0,3380.0,46795.0,248.0,3293.0,0.7426,0.25739999999999996
2022-09-01,UberEats,P2,267583.0,-215570.0,9870.0,51343.0,340315.0,-32978.0,-11393.0,-2140.0,-7548.0,3156.0,44450.0,237.0,3226.0,0.7572,0.24280000000000002
2022-10-01,UberEats,P2,290354.0,-233640.0,10428.0,56374.0,370117.0,-35559.0,-14586.0,-2590.0,-9209.0,3479.0,42337.0,249.0,3381.0,0.7693000000000001,0.23070000000000002
2022-11-01,UberEats,P2,262961.0,-212273.0,9613.0,50678.0,334850.0,-30733.0,-7595.0,-2806.0,-7919.0,3369.0,52293.0,234.0,3180.0,0.7620999999999999,0.2379
2022-12-01,UberEats,P2,292977.0,-237443.0,10364.0,57546.0,374157.0,-36175.0,-8505.0,-3376.0,-9967.0,3735.0,51883.0,260.0,3396.0,0.7673000000000001,0.2327
2023-01-01,UberEats,P2,289254.0,-233492.0,10433.0,56502.0,369224.0,-32589.0,-10993.0,-2595.0,-9967.0,3711.0,56112.0,254.0,3337.0,0.7717,0.22829999999999998
2023-02-01,UberEats,P2,282581.0,-228461.0,10176.0,55273.0,360188.0,-33607.0,-11507.0,-1545.0,-10098.0,3566.0,52274.0,229.0,3295.0,0.7609,0.2391
2023-03-01,UberEats,P2,333167.0,-270154.0,11881.0,65334.0,425165.0,-41220.0,-16982.0,-1233.0,-13112.0,3898.0,54307.0,279.0,3585.0,0.758,0.242
2023-04-01,UberEats,P2,311682.0,-253203.0,11059.0,60861.0,397221.0,-35561.0,-13438.0,-2314.0,-11963.0,3869.0,56706.0,246.0,3472.0,0.7573000000000001,0.2427
2023-05-01,UberEats,P2,289726.0,-235351.0,10440.0,55686.0,368026.0,-32367.0,-9652.0,-2305.0,-9574.0,4222.0,59688.0,253.0,3376.0,0.7642,0.23579999999999998
2023-06-01,UberEats,P2,283717.0,-230652.0,10080.0,53453.0,359681.0,-31098.0,-5515.0,-2413.0,-8995.0,4442.0,59840.0,271.0,3305.0,0.7724,0.22760000000000002
2022-06-01,UberEats,P3,341707.0,-272874.0,13151.0,83065.0,453352.0,-42177.0,-9027.0,-2632.0,-11828.0,5308.0,83869.0,302.0,3676.0,0.6690999999999999,0.3309
2022-07-01,UberEats,P3,361623.0,-291097.0,13854.0,83347.0,475338.0,-40551.0,-13483.0,-2558.0,-15586.0,5662.0,80338.0,311.0,3743.0,0.6920999999999999,0.3079
2022-08-01,UberEats,P3,359865.0,-288746.0,13823.0,83669.0,473852.0,-42416.0,-16513.0,-2239.0,-16269.0,5614.0,76976.0,293.0,3742.0,0.6909000000000001,0.3091
2022-09-01,UberEats,P3,356422.0,-286080.0,13443.0,83195.0,469630.0,-41395.0,-15316.0,-2372.0,-16743.0,5380.0,74197.0,282.0,3729.0,0.677,0.32299999999999995
2022-10-01,UberEats,P3,373355.0,-299123.0,13916.0,87809.0,492418.0,-40678.0,-15530.0,-2644.0,-18898.0,5896.0,79048.0,292.0,3837.0,0.6679999999999999,0.332
2022-11-01,UberEats,P3,353158.0,-283597.0,13137.0,83562.0,466407.0,-43808.0,-13755.0,-2557.0,-18060.0,5895.0,73766.0,262.0,3719.0,0.6609,0.33909999999999996
2022-12-01,UberEats,P3,371615.0,-298230.0,13502.0,89442.0,492122.0,-44889.0,-13857.0,-3007.0,-20581.0,6187.0,81021.0,269.0,3791.0,0.6708,0.3292
2023-01-01,UberEats,P3,379922.0,-304277.0,13931.0,90896.0,502642.0,-41875.0,-16766.0,-3515.0,-22354.0,6267.0,87640.0,294.0,3837.0,0.6727,0.3273
2023-02-01,UberEats,P3,381019.0,-304942.0,13662.0,91240.0,504191.0,-46847.0,-21572.0,-2513.0,-23448.0,6025.0,76214.0,262.0,3897.0,0.6698999999999999,0.3301
2023-03-01,UberEats,P3,438029.0,-352658.0,15619.0,95172.0,569577.0,-53281.0,-24327.0,-2893.0,-22924.0,6409.0,76241.0,319.0,4184.0,0.6696,0.33039999999999997
2023-04-01,UberEats,P3,417919.0,-336312.0,15008.0,90638.0,543364.0,-51342.0,-21623.0,-3406.0,-21315.0,6383.0,76560.0,308.0,4098.0,0.662,0.33799999999999997
2023-05-01,UberEats,P3,420754.0,-339391.0,15240.0,91994.0,547640.0,-54498.0,-19886.0,-3421.0,-21121.0,7392.0,79709.0,326.0,4136.0,0.6612,0.33880000000000005
2023-06-01,UberEats,P3,400191.0,-322383.0,14643.0,87887.0,521271.0,-50314.0,-14963.0,-3656.0,-20500.0,7497.0,80743.0,321.0,3958.0,0.6698999999999999,0.3301
2022-06-01,UberEats,P4,32588.0,-26086.0,1302.0,8205.0,43484.0,-5355.0,-1125.0,-554.0,-1107.0,666.0,6950.0,58.0,464.0,0.6315,0.3685
2022-07-01,UberEats,P4,34316.0,-27770.0,1365.0,8994.0,46187.0,-5270.0,-1222.0,-569.0,-1750.0,723.0,7353.0,63.0,478.0,0.6425,0.3575
2022-08-01,UberEats,P4,34257.0,-27506.0,1397.0,9079.0,46256.0,-5313.0,-1268.0,-567.0,-1784.0,742.0,7631.0,65.0,496.0,0.6456000000000001,0.3544
2022-09-01,UberEats,P4,35413.0,-28358.0,1408.0,9453.0,47887.0,-5415.0,-1619.0,-559.0,-1999.0,762.0,7536.0,60.0,497.0,0.6495000000000001,0.3505
2022-10-01,UberEats,P4,37021.0,-29580.0,1429.0,10542.0,50767.0,-5372.0,-1430.0,-611.0,-2649.0,864.0,8783.0,60.0,503.0,0.6535,0.3465
2022-11-01,UberEats,P4,33706.0,-27020.0,1326.0,9303.0,45908.0,-5132.0,-962.0,-643.0,-2340.0,826.0,7927.0,54.0,473.0,0.6365999999999999,0.36340000000000006
2022-12-01,UberEats,P4,35551.0,-28409.0,1351.0,9823.0,48419.0,-5183.0,-1341.0,-686.0,-2691.0,859.0,7925.0,56.0,483.0,0.6515000000000001,0.34850000000000003
2023-01-01,UberEats,P4,37147.0,-29626.0,1452.0,10348.0,50694.0,-5315.0,-1830.0,-677.0,-3016.0,877.0,7997.0,63.0,501.0,0.6483,0.3517
2023-02-01,UberEats,P4,36943.0,-29571.0,1429.0,10325.0,50301.0,-5501.0,-2170.0,-358.0,-3142.0,857.0,7355.0,53.0,490.0,0.6229,0.3771
2023-03-01,UberEats,P4,43909.0,-35206.0,1665.0,11867.0,59496.0,-6808.0,-3031.0,-287.0,-3635.0,927.0,7537.0,67.0,550.0,0.6194,0.38060000000000005
2023-04-01,UberEats,P4,43091.0,-34568.0,1610.0,11786.0,58522.0,-6555.0,-2895.0,-638.0,-3603.0,956.0,7888.0,64.0,548.0,0.6163000000000001,0.3837
2023-05-01,UberEats,P4,37991.0,-30494.0,1424.0,10610.0,51755.0,-5514.0,-2328.0,-699.0,-3291.0,1107.0,7821.0,66.0,505.0,0.6269,0.37310000000000004
2023-06-01,UberEats,P4,35798.0,-28754.0,1336.0,9848.0,48721.0,-5495.0,-1924.0,-666.0,-2975.0,1118.0,7287.0,69.0,484.0,0.6334000000000001,0.3666
2022-06-01,UberEats,P5,151581.0,-128512.0,5283.0,43974.0,198202.0,-20714.0,-4964.0,-1289.0,-10736.0,2954.0,30390.0,120.0,1610.0,0.7325,0.2675
2022-07-01,UberEats,P5,160348.0,-136061.0,5528.0,43760.0,206858.0,-19908.0,-5830.0,-1026.0,-10186.0,3128.0,31230.0,118.0,1615.0,0.7443000000000001,0.2557
2022-08-01,UberEats,P5,158720.0,-134555.0,5482.0,43096.0,204551.0,-18627.0,-7164.0,-924.0,-9961.0,3087.0,31698.0,113.0,1603.0,0.7525,0.2475
2022-09-01,UberEats,P5,156309.0,-132088.0,5317.0,42981.0,202010.0,-18290.0,-8101.0,-945.0,-10255.0,2932.0,30077.0,107.0,1565.0,0.7529,0.24710000000000001
2022-10-01,UberEats,P5,164248.0,-138574.0,5530.0,45966.0,213037.0,-19503.0,-7577.0,-1030.0,-11750.0,3139.0,33304.0,109.0,1597.0,0.7537,0.2463
2022-11-01,UberEats,P5,157932.0,-133565.0,5329.0,44023.0,204647.0,-17330.0,-6526.0,-1067.0,-11388.0,3093.0,33140.0,101.0,1567.0,0.7454000000000001,0.2546
2022-07-01,Postmates,P2,5732.0,-4732.0,191.0,1040.0,7225.0,-462.0,-498.0,-45.0,-96.0,61.0,859.0,19.0,98.0,0.8269,0.17309999999999998
2022-08-01,Postmates,P2,6119.0,-5036.0,201.0,1068.0,7657.0,-512.0,-785.0,-33.0,-108.0,60.0,609.0,22.0,101.0,0.8297,0.1703
2022-09-01,Postmates,P2,6173.0,-5108.0,202.0,997.0,7647.0,-546.0,-718.0,-23.0,-108.0,59.0,521.0,16.0,103.0,0.8318000000000001,0.16820000000000002
2022-10-01,Postmates,P2,6471.0,-5338.0,207.0,1077.0,8056.0,-569.0,-715.0,-43.0,-121.0,62.0,540.0,16.0,98.0,0.8195,0.1805
2022-11-01,Postmates,P2,6836.0,-5620.0,215.0,1010.0,8369.0,-621.0,-1071.0,-55.0,-127.0,67.0,268.0,12.0,99.0,0.8321,0.1679
2022-12-01,Postmates,P2,7017.0,-5782.0,217.0,900.0,8442.0,-646.0,-798.0,-51.0,-109.0,58.0,360.0,13.0,96.0,0.835,0.165
2023-01-01,Postmates,P2,7091.0,-5800.0,223.0,934.0,8561.0,-623.0,-1109.0,-87.0,-114.0,58.0,233.0,15.0,87.0,0.826,0.174
2023-02-01,Postmates,P2,7461.0,-6089.0,227.0,984.0,8997.0,-678.0,-1344.0,-95.0,-146.0,66.0,44.0,13.0,89.0,0.8411,0.1589
2023-03-01,Postmates,P2,9793.0,-8004.0,292.0,1254.0,11757.0,-946.0,-1748.0,-671.0,-191.0,73.0,-5.0,32.0,117.0,0.8472,0.1528
2023-04-01,Postmates,P2,9040.0,-7394.0,267.0,1144.0,10842.0,-841.0,-1452.0,-226.0,-180.0,71.0,197.0,16.0,104.0,0.8395999999999999,0.1604
2023-05-01,Postmates,P2,9428.0,-7696.0,281.0,1196.0,11298.0,-877.0,-2025.0,-148.0,-183.0,90.0,-208.0,19.0,105.0,0.8421,0.15789999999999998
2023-06-01,Postmates,P2,8154.0,-6665.0,249.0,1030.0,9773.0,-777.0,-1262.0,-296.0,-140.0,84.0,249.0,22.0,103.0,0.8426,0.1574
2022-06-01,Postmates,P3,85974.0,-69610.0,3165.0,20130.0,113117.0,-8996.0,-2507.0,-137.0,-2103.0,1273.0,21299.0,75.0,979.0,0.7376999999999999,0.2623
2022-07-01,Postmates,P3,85325.0,-69351.0,3150.0,18961.0,111429.0,-8970.0,-2767.0,-115.0,-1918.0,1164.0,20000.0,69.0,956.0,0.7387,0.2613
2022-08-01,Postmates,P3,85065.0,-69351.0,3130.0,17922.0,110260.0,-9381.0,-3810.0,-67.0,-1895.0,1106.0,17532.0,67.0,932.0,0.7456,0.2544
2022-09-01,Postmates,P3,81299.0,-66234.0,2949.0,16234.0,104286.0,-8502.0,-3476.0,-53.0,-1694.0,1014.0,15974.0,56.0,890.0,0.7439,0.2561
2022-10-01,Postmates,P3,82987.0,-67532.0,2977.0,16753.0,106623.0,-8231.0,-3601.0,-143.0,-1766.0,1033.0,16104.0,51.0,871.0,0.7275,0.2725
2022-11-01,Postmates,P3,76234.0,-62078.0,2732.0,15325.0,97922.0,-8264.0,-2847.0,-116.0,-1633.0,964.0,15195.0,39.0,813.0,0.7249,0.2751
2022-12-01,Postmates,P3,79091.0,-64286.0,2765.0,15584.0,101169.0,-8047.0,-2791.0,-78.0,-1767.0,938.0,16364.0,35.0,797.0,0.7333,0.2667
2023-01-01,Postmates,P3,76883.0,-62208.0,2727.0,15195.0,98571.0,-7684.0,-3209.0,-73.0,-1746.0,925.0,16883.0,36.0,711.0,0.7265999999999999,0.2734
2023-02-01,Postmates,P3,73377.0,-59481.0,2578.0,14545.0,94156.0,-8145.0,-2622.0,-76.0,-1670.0,837.0,15584.0,32.0,698.0,0.7259,0.2741
2023-03-01,Postmates,P3,81429.0,-66104.0,2821.0,16104.0,104286.0,-8924.0,-3265.0,-415.0,-1818.0,903.0,16494.0,46.0,720.0,0.7273000000000001,0.2727
2023-04-01,Postmates,P3,75325.0,-61039.0,2627.0,15195.0,96623.0,-8494.0,-2255.0,-164.0,-1620.0,823.0,16494.0,31.0,667.0,0.7206,0.27940000000000004
2023-05-01,Postmates,P3,74416.0,-60390.0,2610.0,15455.0,96104.0,-8653.0,-2886.0,-138.0,-1572.0,847.0,16234.0,38.0,655.0,0.721,0.27899999999999997
2023-06-01,Postmates,P3,66104.0,-53506.0,2321.0,16364.0,88052.0,-7665.0,-1578.0,-181.0,-1871.0,858.0,17792.0,33.0,600.0,0.7373999999999999,0.2626
2022-06-01,Postmates,P4,2539.0,-2081.0,96.0,580.0,3321.0,-323.0,-111.0,-13.0,-51.0,41.0,534.0,6.0,44.0,0.7054,0.29460000000000003
2022-07-01,Postmates,P4,2695.0,-2212.0,98.0,584.0,3494.0,-333.0,-152.0,-15.0,-58.0,40.0,519.0,7.0,46.0,0.7267,0.2733
2022-08-01,Postmates,P4,2771.0,-2283.0,102.0,616.0,3613.0,-352.0,-277.0,-5.0,-54.0,40.0,421.0,7.0,46.0,0.7109000000000001,0.2891
2022-09-01,Postmates,P4,2975.0,-2448.0,111.0,503.0,3712.0,-376.0,-278.0,-4.0,-42.0,36.0,318.0,7.0,50.0,0.727,0.273
2022-10-01,Postmates,P4,3017.0,-2472.0,113.0,494.0,3747.0,-395.0,-249.0,-20.0,-38.0,33.0,323.0,7.0,47.0,0.7023999999999999,0.29760000000000003
2022-11-01,Postmates,P4,2977.0,-2437.0,110.0,485.0,3694.0,-400.0,-355.0,-30.0,-40.0,33.0,204.0,5.0,44.0,0.7064,0.29359999999999997
2022-12-01,Postmates,P4,2931.0,-2398.0,107.0,441.0,3597.0,-380.0,-266.0,-12.0,-42.0,30.0,258.0,4.0,42.0,0.7172,0.2828
2023-01-01,Postmates,P4,2881.0,-2331.0,105.0,447.0,3550.0,-373.0,-336.0,-12.0,-44.0,29.0,212.0,4.0,35.0,0.68,0.32
2023-02-01,Postmates,P4,2876.0,-2320.0,103.0,477.0,3575.0,-396.0,-347.0,-17.0,-61.0,31.0,219.0,4.0,34.0,0.6731999999999999,0.3268
2023-03-01,Postmates,P4,3358.0,-2721.0,119.0,544.0,4162.0,-489.0,-388.0,-107.0,-67.0,33.0,224.0,7.0,39.0,0.6835,0.3165
2023-04-01,Postmates,P4,3069.0,-2486.0,111.0,505.0,3812.0,-437.0,-296.0,-56.0,-58.0,30.0,300.0,5.0,36.0,0.6492,0.3508
2023-05-01,Postmates,P4,2992.0,-2423.0,108.0,487.0,3709.0,-417.0,-346.0,-49.0,-55.0,33.0,244.0,5.0,34.0,0.6738,0.3262
2023-06-01,Postmates,P4,2728.0,-2206.0,98.0,441.0,3381.0,-420.0,-263.0,-74.0,-48.0,31.0,238.0,6.0,34.0,0.6781999999999999,0.3218
2022-06-01,Postmates,P5,43766.0,-38571.0,1392.0,11394.0,55455.0,-4693.0,-1880.0,-87.0,-3109.0,1029.0,6835.0,35.0,486.0,0.8451000000000001,0.1549
2022-07-01,Postmates,P5,43377.0,-38052.0,1373.0,10349.0,54026.0,-4423.0,-2017.0,-53.0,-2591.0,1015.0,6427.0,34.0,471.0,0.8412999999999999,0.15869999999999998
2022-08-01,Postmates,P5,43247.0,-37922.0,1370.0,9631.0,53247.0,-4281.0,-2772.0,-23.0,-2367.0,967.0,5495.0,34.0,463.0,0.8456,0.15439999999999998
2022-09-01,Postmates,P5,41429.0,-36234.0,1294.0,8775.0,50390.0,-4073.0,-2579.0,-22.0,-2187.0,893.0,4729.0,26.0,442.0,0.8462000000000001,0.15380000000000002
2022-10-01,Postmates,P5,43117.0,-37792.0,1337.0,9382.0,52857.0,-4313.0,-2615.0,-77.0,-2322.0,907.0,5187.0,26.0,442.0,0.8443,0.1557
2022-11-01,Postmates,P5,38571.0,-33896.0,1196.0,9079.0,47922.0,-3480.0,-1430.0,-58.0,-2259.0,858.0,6243.0,19.0,402.0,0.8395999999999999,0.1604
2022-12-01,UberEats,P5,163495.0,-138239.0,5351.0,46010.0,212323.0,-18069.0,-6867.0,-1122.0,-12856.0,3252.0,31119.0,101.0,1603.0,0.7491,0.2509
2023-01-01,UberEats,P5,169195.0,-142654.0,5657.0,47373.0,219593.0,-16384.0,-7452.0,-1034.0,-13661.0,3269.0,34488.0,104.0,1589.0,0.7611,0.2389
2023-02-01,UberEats,P5,152007.0,-128483.0,5030.0,42293.0,196977.0,-16050.0,-6388.0,-552.0,-13013.0,3116.0,28176.0,90.0,1512.0,0.7426,0.25739999999999996
2023-03-01,UberEats,P5,189006.0,-153399.0,6316.0,43697.0,235935.0,-19712.0,-8527.0,-428.0,-12248.0,3351.0,35521.0,121.0,1721.0,0.7434999999999999,0.2565
2023-04-01,UberEats,P5,184312.0,-149807.0,6210.0,42328.0,229774.0,-19757.0,-7126.0,-1009.0,-11292.0,3312.0,35631.0,115.0,1717.0,0.7359,0.2641
2023-05-01,UberEats,P5,181167.0,-147444.0,6148.0,41250.0,225489.0,-19763.0,-6653.0,-932.0,-10609.0,3745.0,35399.0,112.0,1706.0,0.7392,0.2608
2023-06-01,UberEats,P5,177008.0,-144213.0,6011.0,40172.0,220233.0,-21097.0,-4116.0,-884.0,-10215.0,3797.0,37770.0,116.0,1693.0,0.7456,0.2544
2022-06-01,UberEats,R1,86817.0,-68697.0,3244.0,20698.0,115880.0,-13776.0,-2606.0,-914.0,-3141.0,1629.0,19082.0,107.0,1103.0,0.7767000000000001,0.22329999999999997
2022-07-01,UberEats,R1,93064.0,-74126.0,3441.0,21197.0,123187.0,-13294.0,-3656.0,-895.0,-4007.0,1757.0,19248.0,114.0,1145.0,0.7907,0.20929999999999999
2022-08-01,UberEats,R1,92763.0,-73762.0,3450.0,21166.0,122851.0,-13248.0,-4229.0,-915.0,-4126.0,1774.0,18659.0,117.0,1145.0,0.7942,0.20579999999999998
2022-09-01,UberEats,R1,91198.0,-72467.0,3326.0,21065.0,121046.0,-12611.0,-4440.0,-955.0,-4358.0,1728.0,17039.0,112.0,1137.0,0.792,0.20800000000000002
2022-10-01,UberEats,R1,96057.0,-76154.0,3425.0,23022.0,128399.0,-12589.0,-4376.0,-1015.0,-5337.0,1919.0,19556.0,109.0,1153.0,0.7935,0.2065
2022-11-01,UberEats,R1,89920.0,-71547.0,3217.0,21351.0,119986.0,-12568.0,-3489.0,-995.0,-5012.0,1893.0,17152.0,95.0,1109.0,0.7867000000000001,0.2133
2022-12-01,UberEats,R1,98299.0,-78201.0,3416.0,23293.0,131070.0,-16177.0,-4392.0,-1157.0,-5638.0,1962.0,15867.0,103.0,1175.0,0.7923,0.2077
2023-01-01,UberEats,R1,100104.0,-79373.0,3587.0,23930.0,133700.0,-14307.0,-5577.0,-1104.0,-6126.0,2001.0,17396.0,109.0,1183.0,0.7968000000000001,0.2032
2023-02-01,UberEats,R1,98210.0,-78137.0,3504.0,23840.0,131290.0,-12962.0,-5550.0,-601.0,-6339.0,1955.0,18443.0,95.0,1170.0,0.7857999999999999,0.21420000000000003
2023-03-01,UberEats,R1,118068.0,-94524.0,4215.0,24620.0,153734.0,-16516.0,-7231.0,-420.0,-5934.0,2044.0,17224.0,124.0,1330.0,0.7744,0.2256
2023-04-01,UberEats,R1,117998.0,-94671.0,4199.0,24892.0,153913.0,-18787.0,-7154.0,-1102.0,-5848.0,2067.0,15493.0,122.0,1357.0,0.7726000000000001,0.2274
2023-05-01,UberEats,R1,114406.0,-91939.0,4108.0,24492.0,149524.0,-17081.0,-5677.0,-1077.0,-5424.0,2338.0,18464.0,125.0,1328.0,0.7753,0.22469999999999998
2023-06-01,UberEats,R1,110734.0,-89236.0,3986.0,23687.0,144792.0,-13590.0,-3757.0,-1070.0,-5189.0,2403.0,21795.0,133.0,1301.0,0.7720999999999999,0.2279
2022-06-01,UberEats,R2,34143.0,-26972.0,1288.0,8440.0,45766.0,-3849.0,-1053.0,-531.0,-1415.0,640.0,7987.0,51.0,464.0,0.7243999999999999,0.2756
2022-07-01,UberEats,R2,36932.0,-29568.0,1374.0,9482.0,49868.0,-4208.0,-1250.0,-551.0,-2169.0,719.0,8003.0,59.0,488.0,0.7283,0.2717
2022-08-01,UberEats,R2,36715.0,-29286.0,1396.0,9493.0,49663.0,-3957.0,-1425.0,-466.0,-2281.0,741.0,8112.0,53.0,487.0,0.7345,0.2655
2022-09-01,UberEats,R2,38691.0,-31060.0,1438.0,9830.0,52123.0,-4067.0,-1258.0,-475.0,-2397.0,718.0,8347.0,53.0,492.0,0.7369,0.2631
2022-10-01,UberEats,R2,43246.0,-34756.0,1579.0,10886.0,58168.0,-4250.0,-1333.0,-501.0,-2812.0,797.0,9253.0,54.0,516.0,0.738,0.262
2022-11-01,UberEats,R2,39078.0,-31440.0,1447.0,10014.0,52747.0,-4452.0,-820.0,-519.0,-2729.0,788.0,8355.0,48.0,484.0,0.7318000000000001,0.2682
2022-12-01,UberEats,R2,41394.0,-33434.0,1489.0,10618.0,55858.0,-4601.0,-713.0,-621.0,-3043.0,850.0,8912.0,51.0,506.0,0.7433,0.25670000000000004
2023-01-01,UberEats,R2,40452.0,-32478.0,1482.0,10460.0,54690.0,-4202.0,-1182.0,-526.0,-3208.0,851.0,8843.0,51.0,493.0,0.748,0.252
2023-02-01,UberEats,R2,41188.0,-32917.0,1508.0,10666.0,55558.0,-3769.0,-1300.0,-298.0,-3297.0,829.0,9192.0,46.0,507.0,0.7348,0.2652
2023-03-01,UberEats,R2,46936.0,-37717.0,1718.0,11893.0,63190.0,-4900.0,-1770.0,-202.0,-3711.0,888.0,9408.0,55.0,552.0,0.7276,0.2724
2023-04-01,UberEats,R2,46555.0,-37509.0,1687.0,11806.0,62609.0,-4551.0,-1587.0,-333.0,-3658.0,919.0,10432.0,47.0,544.0,0.7202,0.2798
2023-05-01,UberEats,R2,43816.0,-35400.0,1592.0,11106.0,58847.0,-4439.0,-1147.0,-299.0,-3345.0,1050.0,10922.0,45.0,530.0,0.7329000000000001,0.2671
2023-06-01,UberEats,R2,38634.0,-31132.0,1386.0,9649.0,51852.0,-3871.0,-608.0,-315.0,-2861.0,1072.0,9952.0,48.0,490.0,0.7339,0.2661
2022-06-01,UberEats,R3,54931.0,-43537.0,2068.0,13811.0,74293.0,-7693.0,-1704.0,-593.0,-1730.0,949.0,13141.0,61.0,713.0,0.7302,0.2698
2022-07-01,UberEats,R3,58125.0,-47260.0,2163.0,14132.0,78160.0,-7332.0,-1950.0,-612.0,-2324.0,1009.0,12416.0,68.0,732.0,0.7306999999999999,0.2693
2022-08-01,UberEats,R3,57630.0,-46127.0,2167.0,14081.0,77586.0,-7597.0,-2177.0,-557.0,-2408.0,1023.0,12450.0,64.0,737.0,0.7373999999999999,0.2626
2022-09-01,UberEats,R3,55601.0,-44340.0,2078.0,13680.0,74996.0,-7260.0,-1981.0,-522.0,-2436.0,1002.0,12256.0,60.0,710.0,0.7354999999999999,0.2645
2022-10-01,UberEats,R3,60582.0,-48203.0,2228.0,14912.0,81745.0,-7575.0,-2188.0,-592.0,-2884.0,1093.0,10355.0,63.0,744.0,0.7345,0.2655
2022-11-01,UberEats,R3,56626.0,-45273.0,2080.0,14134.0,76579.0,-6544.0,-1446.0,-663.0,-2824.0,1061.0,11501.0,59.0,708.0,0.7227,0.2773
2022-12-01,UberEats,R3,61540.0,-49270.0,2216.0,15600.0,83494.0,-7051.0,-1601.0,-734.0,-3429.0,1155.0,12891.0,60.0,742.0,0.7325,0.2675
2023-01-01,UberEats,R3,61665.0,-49277.0,2260.0,15658.0,83699.0,-6622.0,-2005.0,-771.0,-3671.0,1168.0,13682.0,68.0,734.0,0.7484999999999999,0.2515
2023-02-01,UberEats,R3,59756.0,-47923.0,2170.0,15174.0,81118.0,-6046.0,-2186.0,-401.0,-3708.0,1135.0,12698.0,55.0,717.0,0.7434000000000001,0.2566
2023-03-01,UberEats,R3,68723.0,-55320.0,2469.0,17612.0,93412.0,-7059.0,-3111.0,-287.0,-4615.0,1238.0,13377.0,66.0,777.0,0.7383,0.26170000000000004
2023-04-01,UberEats,R3,64574.0,-52030.0,2308.0,16575.0,87780.0,-6799.0,-2375.0,-435.0,-4332.0,1237.0,13911.0,57.0,745.0,0.7368000000000001,0.2632
2022-12-01,Postmates,P5,38701.0,-33896.0,1160.0,9190.0,48052.0,-3512.0,-1445.0,-42.0,-2390.0,834.0,5702.0,17.0,394.0,0.8440000000000001,0.156
2023-01-01,Postmates,P5,36753.0,-31948.0,1122.0,8943.0,45844.0,-3124.0,-1711.0,-41.0,-2258.0,801.0,5789.0,17.0,318.0,0.838,0.162
2023-02-01,Postmates,P5,31299.0,-27273.0,952.0,7575.0,39091.0,-2856.0,-1348.0,-47.0,-2005.0,734.0,4622.0,14.0,293.0,0.8329000000000001,0.1671
2023-03-01,Postmates,P5,40779.0,-33506.0,1243.0,6697.0,47792.0,-3782.0,-2383.0,-417.0,-1337.0,710.0,5537.0,27.0,342.0,0.8412999999999999,0.15869999999999998
2023-04-01,Postmates,P5,39740.0,-32727.0,1237.0,6249.0,46364.0,-3863.0,-1717.0,-158.0,-1011.0,615.0,5805.0,18.0,334.0,0.8317,0.16829999999999998
2023-05-01,Postmates,P5,38571.0,-31688.0,1218.0,6800.0,45714.0,-3900.0,-2001.0,-99.0,-972.0,617.0,5964.0,19.0,322.0,0.8334,0.1666
2023-06-01,Postmates,P5,35844.0,-29481.0,1130.0,7439.0,43506.0,-3927.0,-1014.0,-113.0,-1131.0,624.0,7626.0,18.0,311.0,0.8384999999999999,0.16149999999999998
2022-06-01,Postmates,R1,11403.0,-9229.0,410.0,2441.0,14935.0,-1417.0,-434.0,-44.0,-229.0,168.0,2458.0,17.0,177.0,0.8369,0.1631
2022-07-01,Postmates,R1,11525.0,-9342.0,405.0,2394.0,15065.0,-1387.0,-565.0,-35.0,-241.0,157.0,2351.0,16.0,172.0,0.84,0.16
2022-08-01,Postmates,R1,11577.0,-9401.0,402.0,2431.0,15065.0,-1382.0,-1047.0,-18.0,-221.0,153.0,1917.0,17.0,166.0,0.8390000000000001,0.161
2022-09-01,Postmates,R1,11620.0,-9447.0,402.0,1832.0,14545.0,-1313.0,-945.0,-10.0,-170.0,141.0,1358.0,13.0,172.0,0.8486,0.1514
2022-10-01,Postmates,R1,12281.0,-9946.0,423.0,1824.0,15195.0,-1401.0,-857.0,-35.0,-166.0,133.0,1495.0,14.0,168.0,0.8388,0.1612
2022-11-01,Postmates,R1,11601.0,-9398.0,392.0,1736.0,14416.0,-1373.0,-1063.0,-35.0,-162.0,129.0,973.0,10.0,151.0,0.8320000000000001,0.168
2022-12-01,Postmates,R1,12115.0,-9818.0,406.0,1693.0,14935.0,-1303.0,-854.0,-19.0,-171.0,121.0,1375.0,9.0,153.0,0.8312,0.16879999999999998
2023-01-01,Postmates,R1,11087.0,-8886.0,379.0,1649.0,13766.0,-1240.0,-1017.0,-38.0,-174.0,121.0,1147.0,10.0,116.0,0.8178,0.1822
2023-02-01,Postmates,R1,10891.0,-8731.0,364.0,1675.0,13506.0,-1251.0,-1106.0,-39.0,-187.0,117.0,1087.0,9.0,114.0,0.823,0.177
2023-03-01,Postmates,R1,12537.0,-10076.0,417.0,1927.0,15584.0,-1485.0,-1147.0,-229.0,-223.0,125.0,1297.0,16.0,125.0,0.8161,0.1839
2023-04-01,Postmates,R1,11611.0,-9323.0,387.0,1778.0,14416.0,-1402.0,-932.0,-91.0,-190.0,115.0,1360.0,10.0,120.0,0.8178,0.1822
2023-05-01,Postmates,R1,11601.0,-9360.0,390.0,1773.0,14416.0,-1377.0,-1084.0,-65.0,-191.0,121.0,1230.0,12.0,116.0,0.8222,0.1778
2023-06-01,Postmates,R1,10693.0,-8645.0,361.0,1635.0,13247.0,-1167.0,-640.0,-142.0,-164.0,114.0,1492.0,13.0,111.0,0.8207,0.1793
2022-06-01,Postmates,R2,1698.0,-1381.0,60.0,335.0,2185.0,-140.0,-81.0,-13.0,-31.0,21.0,353.0,5.0,32.0,0.8231,0.1769
2022-07-01,Postmates,R2,1847.0,-1498.0,64.0,372.0,2386.0,-171.0,-125.0,-9.0,-35.0,19.0,327.0,5.0,33.0,0.8092,0.19079999999999997
2022-08-01,Postmates,R2,1865.0,-1514.0,65.0,361.0,2392.0,-162.0,-177.0,-9.0,-34.0,19.0,271.0,5.0,32.0,0.8083,0.1917
2022-09-01,Postmates,R2,1926.0,-1571.0,66.0,353.0,2450.0,-157.0,-191.0,-5.0,-40.0,22.0,251.0,5.0,32.0,0.8108,0.1892
2022-10-01,Postmates,R2,2001.0,-1634.0,66.0,358.0,2537.0,-149.0,-191.0,-15.0,-39.0,21.0,259.0,4.0,31.0,0.8054000000000001,0.1946
2022-11-01,Postmates,R2,2011.0,-1634.0,66.0,333.0,2521.0,-160.0,-247.0,-16.0,-40.0,22.0,176.0,3.0,30.0,0.7944,0.20559999999999998
2022-12-01,Postmates,R2,2080.0,-1692.0,68.0,286.0,2542.0,-171.0,-211.0,-8.0,-32.0,19.0,180.0,3.0,29.0,0.8039000000000001,0.1961
2023-01-01,Postmates,R2,1829.0,-1468.0,61.0,268.0,2254.0,-169.0,-246.0,-23.0,-35.0,20.0,102.0,4.0,22.0,0.7855,0.2145
2023-02-01,Postmates,R2,1876.0,-1500.0,61.0,291.0,2326.0,-151.0,-302.0,-15.0,-45.0,20.0,81.0,3.0,22.0,0.7876000000000001,0.21239999999999998
2023-03-01,Postmates,R2,2376.0,-1911.0,77.0,356.0,2936.0,-200.0,-368.0,-86.0,-53.0,23.0,98.0,6.0,27.0,0.7890999999999999,0.2109
2023-04-01,Postmates,R2,2169.0,-1742.0,71.0,336.0,2687.0,-202.0,-269.0,-23.0,-51.0,23.0,178.0,3.0,25.0,0.7896,0.2104
2023-05-01,Postmates,R2,2247.0,-1816.0,73.0,344.0,2777.0,-216.0,-358.0,-18.0,-52.0,25.0,131.0,3.0,25.0,0.7716,0.2284
2023-06-01,Postmates,R2,1902.0,-1531.0,61.0,289.0,2351.0,-179.0,-221.0,-45.0,-38.0,22.0,192.0,4.0,23.0,0.778,0.222
2022-06-01,Postmates,R3,2075.0,-1669.0,74.0,449.0,2734.0,-229.0,-105.0,-15.0,-40.0,26.0,437.0,6.0,37.0,0.7765000000000001,0.2235
2022-07-01,Postmates,R3,2186.0,-1770.0,76.0,454.0,2863.0,-231.0,-133.0,-14.0,-39.0,23.0,409.0,7.0,37.0,0.7717,0.22829999999999998
2022-08-01,Postmates,R3,2237.0,-1804.0,78.0,454.0,2920.0,-245.0,-245.0,-5.0,-42.0,26.0,295.0,7.0,38.0,0.779,0.221
2022-09-01,Postmates,R3,2153.0,-1753.0,75.0,387.0,2759.0,-219.0,-222.0,-5.0,-35.0,22.0,251.0,6.0,38.0,0.7768,0.2232
2022-10-01,Postmates,R3,2176.0,-1763.0,74.0,410.0,2813.0,-199.0,-216.0,-14.0,-38.0,20.0,214.0,5.0,35.0,0.7565999999999999,0.2434
2022-11-01,Postmates,R3,2122.0,-1712.0,72.0,361.0,2702.0,-184.0,-296.0,-14.0,-36.0,21.0,119.0,4.0,33.0,0.7476,0.25239999999999996
2022-12-01,Postmates,R3,2286.0,-1849.0,76.0,334.0,2854.0,-211.0,-221.0,-5.0,-31.0,20.0,170.0,4.0,32.0,0.7618,0.2382
2023-01-01,Postmates,R3,2157.0,-1735.0,72.0,334.0,2710.0,-204.0,-327.0,-7.0,-36.0,19.0,77.0,4.0,27.0,0.7565999999999999,0.2434
2023-02-01,Postmates,R3,2113.0,-1695.0,69.0,352.0,2682.0,-201.0,-327.0,-4.0,-42.0,20.0,83.0,3.0,26.0,0.7659999999999999,0.23399999999999999
2023-03-01,Postmates,R3,2789.0,-2256.0,90.0,457.0,3531.0,-256.0,-419.0,-115.0,-58.0,24.0,110.0,8.0,32.0,0.7618,0.2382
2023-04-01,Postmates,R3,2377.0,-1926.0,77.0,393.0,3011.0,-243.0,-310.0,-39.0,-52.0,24.0,138.0,4.0,29.0,0.7512000000000001,0.2488
2023-05-01,UberEats,R3,61288.0,-49433.0,2207.0,15833.0,83379.0,-7151.0,-1560.0,-422.0,-4056.0,1432.0,15047.0,59.0,727.0,0.7456,0.2544
2023-06-01,UberEats,R3,58700.0,-47328.0,2121.0,15148.0,79859.0,-6395.0,-777.0,-456.0,-3869.0,1477.0,14985.0,63.0,701.0,0.7484000000000001,0.2516
2022-06-01,UberEats,S1,57405.0,-46025.0,2082.0,19116.0,80914.0,-14465.0,-1652.0,-1848.0,-2664.0,1444.0,12381.0,149.0,858.0,0.6252,0.37479999999999997
2022-07-01,UberEats,S1,58193.0,-47431.0,2091.0,18651.0,81316.0,-13598.0,-1891.0,-1490.0,-3458.0,1550.0,11221.0,135.0,838.0,0.6413,0.35869999999999996
2022-08-01,UberEats,S1,57342.0,-46496.0,2091.0,18504.0,80228.0,-13610.0,-2106.0,-1365.0,-3552.0,1574.0,11002.0,132.0,828.0,0.6392,0.3608
2022-09-01,UberEats,S1,59464.0,-48044.0,2106.0,19028.0,83052.0,-13823.0,-2731.0,-1457.0,-3833.0,1554.0,10859.0,133.0,833.0,0.6377,0.36229999999999996
2022-10-01,UberEats,S1,61301.0,-49432.0,2153.0,20318.0,86354.0,-14197.0,-2111.0,-1496.0,-4544.0,1721.0,12564.0,126.0,833.0,0.6356,0.3644
2022-11-01,UberEats,S1,57990.0,-46958.0,2048.0,18812.0,81266.0,-13582.0,-1746.0,-1530.0,-4218.0,1690.0,11619.0,114.0,791.0,0.6355,0.36450000000000005
2022-12-01,UberEats,S1,63928.0,-51789.0,2205.0,20878.0,89701.0,-13631.0,-2294.0,-1596.0,-5004.0,1793.0,13179.0,119.0,854.0,0.6406000000000001,0.3594
2023-01-01,UberEats,S1,61876.0,-50009.0,2163.0,20273.0,86920.0,-12397.0,-2707.0,-1471.0,-5269.0,1825.0,13324.0,119.0,830.0,0.6659999999999999,0.33399999999999996
2023-02-01,UberEats,S1,60159.0,-48565.0,2099.0,19556.0,84350.0,-12178.0,-3158.0,-764.0,-5118.0,1755.0,11933.0,97.0,802.0,0.6557,0.3443
2023-03-01,UberEats,S1,70069.0,-57438.0,2423.0,22164.0,97603.0,-14032.0,-3844.0,-605.0,-5757.0,1836.0,11819.0,135.0,912.0,0.6542,0.3458
2023-04-01,UberEats,S1,65019.0,-52658.0,2258.0,20834.0,90859.0,-12999.0,-2779.0,-1392.0,-5366.0,1827.0,13451.0,118.0,865.0,0.6475,0.3525
2023-05-01,UberEats,S1,65576.0,-53302.0,2275.0,21194.0,91784.0,-13105.0,-2428.0,-1369.0,-5451.0,2111.0,14383.0,130.0,885.0,0.6491,0.35090000000000005
2023-06-01,UberEats,S1,61978.0,-50518.0,2134.0,19705.0,86486.0,-12264.0,-1795.0,-1236.0,-5000.0,2170.0,13419.0,128.0,849.0,0.6648000000000001,0.33520000000000005
2022-06-01,UberEats,S2,146067.0,-116460.0,5705.0,37301.0,195007.0,-23217.0,-3852.0,-1470.0,-6683.0,2514.0,33303.0,170.0,1779.0,0.6968000000000001,0.3032
2022-07-01,UberEats,S2,154112.0,-124296.0,5910.0,39645.0,206045.0,-20979.0,-5114.0,-1435.0,-8055.0,2677.0,35561.0,175.0,1809.0,0.7197,0.2803
2022-08-01,UberEats,S2,150878.0,-121243.0,5849.0,39200.0,202164.0,-19673.0,-6450.0,-1253.0,-8337.0,2740.0,34955.0,161.0,1776.0,0.7228,0.2772
2022-09-01,UberEats,S2,148149.0,-119238.0,5664.0,38625.0,198609.0,-19034.0,-5942.0,-1197.0,-8549.0,2673.0,34752.0,149.0,1744.0,0.7103,0.2897
2022-10-01,UberEats,S2,154656.0,-124321.0,5890.0,39784.0,206713.0,-20041.0,-5800.0,-1305.0,-9161.0,2905.0,36497.0,153.0,1773.0,0.6957,0.3043
2022-11-01,UberEats,S2,146293.0,-117904.0,5577.0,38635.0,196643.0,-19511.0,-5045.0,-1411.0,-9123.0,2866.0,34578.0,142.0,1724.0,0.6873999999999999,0.3126
2022-12-01,UberEats,S2,156456.0,-125935.0,5811.0,41782.0,210747.0,-20412.0,-5711.0,-1587.0,-10667.0,3025.0,35520.0,146.0,1792.0,0.6944,0.3056
2023-01-01,UberEats,S2,160858.0,-129090.0,6039.0,42456.0,216248.0,-19389.0,-7294.0,-1841.0,-11581.0,3072.0,36742.0,159.0,1791.0,0.6992,0.30079999999999996
2023-02-01,UberEats,S2,156928.0,-125892.0,5819.0,41254.0,210766.0,-19192.0,-8353.0,-1246.0,-11609.0,2970.0,33631.0,140.0,1778.0,0.6981999999999999,0.3018
2023-03-01,UberEats,S2,182506.0,-147129.0,6641.0,47691.0,244632.0,-22028.0,-9998.0,-1428.0,-13779.0,3227.0,36779.0,169.0,1924.0,0.6977,0.3023
2023-04-01,UberEats,S2,174417.0,-140470.0,6347.0,44933.0,233181.0,-21485.0,-8847.0,-1660.0,-12791.0,3246.0,36186.0,163.0,1899.0,0.6968000000000001,0.3032
2023-05-01,UberEats,S2,177811.0,-143815.0,6525.0,42561.0,234330.0,-21479.0,-9640.0,-1631.0,-11203.0,3789.0,35737.0,176.0,1934.0,0.7066,0.2934
2023-06-01,UberEats,S2,172837.0,-140027.0,6304.0,41254.0,227659.0,-19756.0,-6047.0,-1802.0,-10668.0,3896.0,37726.0,188.0,1917.0,0.7125,0.2875
2022-06-01,UberEats,S3,236597.0,-186364.0,8000.0,69303.0,323548.0,-40012.0,-4917.0,-1799.0,-8442.0,3703.0,66731.0,209.0,2725.0,0.8233,0.17670000000000002
2022-07-01,UberEats,S3,252070.0,-200657.0,8324.0,70930.0,341858.0,-39268.0,-6931.0,-1783.0,-11207.0,3980.0,61858.0,215.0,2790.0,0.8338,0.16620000000000001
2022-08-01,UberEats,S3,246608.0,-195593.0,8224.0,69604.0,334603.0,-37209.0,-9401.0,-1466.0,-11488.0,4026.0,63539.0,190.0,2722.0,0.8331000000000001,0.16690000000000002
2022-09-01,UberEats,S3,249363.0,-197484.0,8249.0,68918.0,336870.0,-39741.0,-10412.0,-1598.0,-11320.0,3793.0,59567.0,192.0,2737.0,0.8259000000000001,0.1741
2022-10-01,UberEats,S3,271469.0,-214968.0,8991.0,73251.0,364981.0,-43484.0,-10062.0,-1703.0,-11925.0,4088.0,64098.0,198.0,2869.0,0.8207,0.1793
2022-11-01,UberEats,S3,248221.0,-196601.0,8240.0,70834.0,337612.0,-38160.0,-8635.0,-1705.0,-12467.0,4225.0,65484.0,172.0,2679.0,0.8173999999999999,0.1826
2022-12-01,UberEats,S3,261320.0,-206879.0,8458.0,74771.0,355626.0,-40203.0,-9374.0,-1744.0,-13976.0,4415.0,68194.0,167.0,2756.0,0.821,0.179
2023-01-01,UberEats,S3,264244.0,-208982.0,8598.0,75481.0,359457.0,-40048.0,-9959.0,-1547.0,-14922.0,4502.0,69695.0,175.0,2774.0,0.8292,0.17079999999999998
2023-02-01,UberEats,S3,249322.0,-197424.0,8129.0,71820.0,339714.0,-37606.0,-9527.0,-920.0,-14737.0,4315.0,65258.0,153.0,2666.0,0.8201,0.17989999999999998
2023-03-01,UberEats,S3,286701.0,-228025.0,9278.0,81473.0,389418.0,-42783.0,-10932.0,-729.0,-16768.0,4587.0,72806.0,188.0,2914.0,0.8159000000000001,0.1841
2023-04-01,UberEats,S3,275109.0,-219039.0,8842.0,77063.0,372527.0,-41183.0,-9162.0,-1567.0,-15738.0,4539.0,70778.0,172.0,2848.0,0.8162999999999999,0.1837
2023-05-01,UberEats,S3,275351.0,-219564.0,8967.0,77984.0,373578.0,-41968.0,-9255.0,-1564.0,-15777.0,5219.0,71635.0,184.0,2885.0,0.8149,0.18510000000000001
2023-06-01,UberEats,S3,265789.0,-212213.0,8603.0,74715.0,360144.0,-40014.0,-6456.0,-1392.0,-15023.0,5449.0,69903.0,186.0,2805.0,0.8148000000000001,0.1852
2022-06-01,UberEats,S4,521329.0,-435833.0,16634.0,136427.0,702988.0,-98204.0,-11313.0,-5021.0,-17516.0,7633.0,98321.0,503.0,5439.0,0.8309000000000001,0.1691
2022-07-01,UberEats,S4,525428.0,-444874.0,16709.0,135508.0,706680.0,-92390.0,-16629.0,-4649.0,-24000.0,8587.0,86458.0,496.0,5301.0,0.8349,0.16510000000000002
2022-08-01,UberEats,S4,527678.0,-444590.0,16808.0,134997.0,708471.0,-94426.0,-21876.0,-3776.0,-25242.0,8589.0,81747.0,438.0,5323.0,0.8358,0.1642
2023-05-01,Postmates,R3,2454.0,-1981.0,78.0,397.0,3098.0,-283.0,-399.0,-22.0,-52.0,26.0,98.0,5.0,28.0,0.7768,0.2232
2023-06-01,Postmates,R3,2229.0,-1803.0,73.0,370.0,2826.0,-249.0,-256.0,-43.0,-45.0,24.0,187.0,5.0,28.0,0.7807999999999999,0.2192
2022-06-01,Postmates,S1,16234.0,-13117.0,527.0,4954.0,22468.0,-3220.0,-763.0,-40.0,-549.0,398.0,3704.0,22.0,213.0,0.7656000000000001,0.23440000000000003
2022-07-01,Postmates,S1,15974.0,-12930.0,512.0,4666.0,21818.0,-3063.0,-905.0,-39.0,-567.0,382.0,3281.0,19.0,205.0,0.7674,0.23260000000000003
2022-08-01,Postmates,S1,15844.0,-12886.0,512.0,4497.0,21688.0,-3093.0,-1288.0,-20.0,-571.0,367.0,2733.0,19.0,202.0,0.7776000000000001,0.2224
2022-09-01,Postmates,S1,15584.0,-12672.0,497.0,4213.0,21039.0,-3006.0,-1298.0,-13.0,-518.0,336.0,2460.0,17.0,199.0,0.7692,0.23079999999999998
2022-10-01,Postmates,S1,15714.0,-12729.0,495.0,4279.0,21299.0,-3055.0,-1251.0,-31.0,-516.0,342.0,2589.0,16.0,192.0,0.7725,0.2275
2022-11-01,Postmates,S1,13377.0,-10881.0,427.0,3817.0,18312.0,-2612.0,-586.0,-37.0,-455.0,309.0,2850.0,11.0,168.0,0.7729,0.2271
2022-12-01,Postmates,S1,14416.0,-11656.0,442.0,3834.0,19351.0,-2553.0,-562.0,-38.0,-440.0,282.0,3078.0,11.0,168.0,0.7847,0.21530000000000002
2023-01-01,Postmates,S1,13117.0,-10598.0,411.0,3580.0,17792.0,-2329.0,-664.0,-67.0,-411.0,266.0,2881.0,12.0,139.0,0.7773,0.2227
2023-02-01,Postmates,S1,12339.0,-9925.0,386.0,3385.0,16753.0,-2261.0,-563.0,-56.0,-363.0,236.0,2695.0,11.0,136.0,0.7770999999999999,0.2229
2023-03-01,Postmates,S1,14545.0,-11801.0,450.0,3923.0,19610.0,-2589.0,-1071.0,-341.0,-431.0,261.0,2769.0,24.0,159.0,0.7752,0.2248
2023-04-01,Postmates,S1,12925.0,-10422.0,406.0,3559.0,17532.0,-2362.0,-579.0,-86.0,-379.0,227.0,2888.0,10.0,135.0,0.7686,0.2314
2023-05-01,Postmates,S1,12726.0,-10279.0,402.0,3585.0,17273.0,-2369.0,-733.0,-71.0,-378.0,235.0,2740.0,12.0,135.0,0.7670999999999999,0.2329
2023-06-01,Postmates,S1,11734.0,-9474.0,373.0,3417.0,16104.0,-2226.0,-520.0,-96.0,-341.0,227.0,2662.0,14.0,130.0,0.773,0.22699999999999998
2022-06-01,Postmates,S2,8022.0,-6521.0,306.0,1865.0,10523.0,-1127.0,-296.0,-24.0,-126.0,83.0,1739.0,17.0,114.0,0.7279000000000001,0.2721
2022-07-01,Postmates,S2,8058.0,-6596.0,306.0,1843.0,10540.0,-1053.0,-367.0,-30.0,-136.0,84.0,1664.0,17.0,115.0,0.7325,0.2675
2022-08-01,Postmates,S2,8065.0,-6601.0,308.0,1762.0,10472.0,-1023.0,-555.0,-11.0,-136.0,84.0,1450.0,16.0,110.0,0.7297,0.2703
2022-09-01,Postmates,S2,7847.0,-6438.0,295.0,1618.0,10093.0,-959.0,-529.0,-12.0,-131.0,80.0,1338.0,13.0,107.0,0.7326999999999999,0.2673
2022-10-01,Postmates,S2,8166.0,-6682.0,302.0,1680.0,10492.0,-996.0,-577.0,-24.0,-141.0,83.0,1366.0,12.0,103.0,0.7148,0.2852
2022-11-01,Postmates,S2,7837.0,-6421.0,292.0,1447.0,9910.0,-988.0,-668.0,-22.0,-130.0,78.0,998.0,10.0,101.0,0.7070000000000001,0.293
2022-12-01,Postmates,S2,8208.0,-6704.0,300.0,1298.0,10162.0,-1014.0,-539.0,-14.0,-117.0,74.0,996.0,9.0,96.0,0.7158,0.2842
2023-01-01,Postmates,S2,8338.0,-6770.0,310.0,1321.0,10329.0,-971.0,-726.0,-34.0,-122.0,72.0,979.0,10.0,87.0,0.7086,0.2914
2023-02-01,Postmates,S2,7872.0,-6376.0,283.0,1308.0,9812.0,-912.0,-752.0,-19.0,-139.0,71.0,895.0,8.0,84.0,0.7211,0.2789
2023-03-01,Postmates,S2,9659.0,-7855.0,337.0,1559.0,11983.0,-1115.0,-922.0,-266.0,-169.0,78.0,1007.0,17.0,99.0,0.7284,0.2716
2023-04-01,Postmates,S2,8904.0,-7234.0,315.0,1455.0,11067.0,-1084.0,-694.0,-89.0,-155.0,73.0,1096.0,10.0,92.0,0.7225,0.2775
2023-05-01,Postmates,S2,9372.0,-7618.0,333.0,1516.0,11619.0,-1132.0,-1167.0,-72.0,-163.0,84.0,751.0,15.0,96.0,0.7236,0.2764
2023-06-01,Postmates,S2,8733.0,-7103.0,311.0,1412.0,10828.0,-1029.0,-665.0,-133.0,-143.0,81.0,1078.0,15.0,93.0,0.741,0.259
2022-06-01,Postmates,S3,60909.0,-49221.0,1961.0,16234.0,81688.0,-8466.0,-2285.0,-72.0,-1651.0,915.0,15325.0,46.0,717.0,0.8640000000000001,0.136
2022-07-01,Postmates,S3,63117.0,-51169.0,2002.0,16234.0,84026.0,-8619.0,-2402.0,-61.0,-1664.0,873.0,14286.0,46.0,733.0,0.8656999999999999,0.1343
2022-08-01,Postmates,S3,59351.0,-48182.0,1887.0,15065.0,78831.0,-8087.0,-3167.0,-40.0,-1499.0,807.0,12987.0,41.0,680.0,0.8668,0.1332
2022-09-01,Postmates,S3,58571.0,-47532.0,1849.0,14286.0,77143.0,-8334.0,-3089.0,-29.0,-1395.0,763.0,11875.0,35.0,669.0,0.8641,0.1359
2022-10-01,Postmates,S3,60519.0,-48961.0,1898.0,14675.0,79610.0,-8616.0,-3210.0,-77.0,-1436.0,796.0,12131.0,33.0,660.0,0.8619,0.1381
2022-11-01,Postmates,S3,54286.0,-44026.0,1718.0,12964.0,71299.0,-7489.0,-2485.0,-61.0,-1312.0,724.0,11739.0,25.0,602.0,0.8578,0.1422
2022-12-01,Postmates,S3,56234.0,-45455.0,1732.0,13247.0,73766.0,-7834.0,-2404.0,-52.0,-1385.0,698.0,12159.0,23.0,587.0,0.8641,0.1359
2023-01-01,Postmates,S3,52987.0,-42597.0,1641.0,12987.0,70000.0,-7642.0,-2786.0,-77.0,-1371.0,690.0,11570.0,24.0,498.0,0.8589,0.1411
2023-02-01,Postmates,S3,48831.0,-39351.0,1515.0,12117.0,64545.0,-7038.0,-2256.0,-63.0,-1231.0,613.0,11094.0,20.0,470.0,0.8559,0.1441
2023-03-01,Postmates,S3,56234.0,-45195.0,1724.0,13896.0,74286.0,-8044.0,-2986.0,-306.0,-1414.0,660.0,12553.0,31.0,507.0,0.8587,0.1413
2023-04-01,Postmates,S3,52208.0,-41948.0,1605.0,13117.0,69221.0,-7579.0,-2032.0,-104.0,-1331.0,606.0,12709.0,18.0,468.0,0.8534999999999999,0.1465
2023-05-01,Postmates,S3,51688.0,-41688.0,1598.0,13377.0,68961.0,-7567.0,-2532.0,-90.0,-1344.0,640.0,12463.0,23.0,461.0,0.8529000000000001,0.1471
2023-06-01,Postmates,S3,47273.0,-38052.0,1447.0,12891.0,63636.0,-6906.0,-1720.0,-115.0,-1265.0,621.0,12430.0,21.0,433.0,0.8606999999999999,0.1393
2022-06-01,Postmates,S4,44416.0,-37662.0,1315.0,10182.0,58312.0,-6364.0,-1944.0,-219.0,-1154.0,620.0,7413.0,56.0,576.0,0.8843000000000001,0.1157
2022-07-01,Postmates,S4,42338.0,-35974.0,1268.0,9545.0,55455.0,-6049.0,-2348.0,-165.0,-1082.0,571.0,6332.0,55.0,547.0,0.8806999999999999,0.1193
2022-08-01,Postmates,S4,44416.0,-37792.0,1315.0,9888.0,58052.0,-6468.0,-3581.0,-96.0,-1100.0,557.0,5325.0,59.0,561.0,0.8843000000000001,0.1157
2022-09-01,UberEats,S4,532820.0,-447203.0,16643.0,137362.0,716422.0,-99470.0,-24309.0,-4045.0,-26952.0,7983.0,76322.0,436.0,5299.0,0.8326,0.1674
2022-10-01,UberEats,S4,575606.0,-482711.0,17882.0,146579.0,772192.0,-105396.0,-23850.0,-4029.0,-29520.0,8686.0,85478.0,425.0,5448.0,0.8331000000000001,0.16690000000000002
2022-11-01,UberEats,S4,537459.0,-451393.0,16834.0,139080.0,723152.0,-95134.0,-22195.0,-3909.0,-28492.0,8805.0,87376.0,375.0,5233.0,0.8276,0.1724
2022-12-01,UberEats,S4,570248.0,-478921.0,17419.0,148364.0,768038.0,-98921.0,-23021.0,-4308.0,-31952.0,9372.0,92587.0,394.0,5472.0,0.8284,0.1716
2023-01-01,UberEats,S4,559291.0,-469659.0,17255.0,145404.0,753186.0,-95211.0,-24578.0,-3413.0,-33606.0,9632.0,91326.0,376.0,5340.0,0.838,0.162
2023-02-01,UberEats,S4,535867.0,-438111.0,16571.0,139281.0,721610.0,-90430.0,-23784.0,-2133.0,-32789.0,9198.0,98822.0,318.0,5128.0,0.8395999999999999,0.1604
2023-03-01,UberEats,S4,615240.0,-505083.0,18949.0,156958.0,825120.0,-103404.0,-25917.0,-1648.0,-36638.0,9774.0,109777.0,415.0,5673.0,0.8387,0.1613
2023-04-01,UberEats,S4,572552.0,-470447.0,17686.0,144628.0,766366.0,-97709.0,-20885.0,-3436.0,-33416.0,9478.0,104286.0,374.0,5429.0,0.8347,0.1653
2023-05-01,UberEats,S4,591963.0,-485907.0,18186.0,147966.0,790532.0,-103055.0,-20282.0,-3538.0,-33038.0,10762.0,109041.0,411.0,5643.0,0.8375,0.1625
2023-06-01,UberEats,S4,554384.0,-456696.0,17062.0,137871.0,739933.0,-96247.0,-10770.0,-3131.0,-30654.0,11225.0,101863.0,396.0,5372.0,0.8402,0.1598
2022-06-01,UberEats,S5,344412.0,-282046.0,10962.0,79540.0,466243.0,-41371.0,-8824.0,-1606.0,-12839.0,5089.0,71114.0,193.0,3354.0,0.8256999999999999,0.1743
2022-07-01,UberEats,S5,348750.0,-287780.0,10985.0,76899.0,468077.0,-39717.0,-10233.0,-1452.0,-15237.0,5443.0,64773.0,193.0,3310.0,0.8306,0.16940000000000002
2022-08-01,UberEats,S5,342475.0,-281955.0,10789.0,75977.0,460225.0,-37996.0,-13682.0,-1234.0,-15477.0,5342.0,62336.0,173.0,3252.0,0.8340000000000001,0.166
2022-09-01,UberEats,S5,332367.0,-273204.0,10270.0,74733.0,447638.0,-34975.0,-14755.0,-1221.0,-15665.0,4929.0,59564.0,160.0,3135.0,0.8349,0.16510000000000002
2022-10-01,UberEats,S5,359275.0,-295472.0,10981.0,80304.0,483283.0,-33627.0,-14482.0,-1397.0,-17142.0,5272.0,63032.0,171.0,3244.0,0.8379000000000001,0.16210000000000002
2022-11-01,UberEats,S5,340791.0,-267141.0,10414.0,69099.0,450737.0,-38578.0,-11187.0,-1476.0,-17128.0,5356.0,74474.0,161.0,3114.0,0.8359000000000001,0.1641
2022-12-01,UberEats,S5,342532.0,-269155.0,10043.0,73990.0,457746.0,-40173.0,-12395.0,-1521.0,-20134.0,5587.0,69620.0,159.0,3177.0,0.8389,0.1611
2023-01-01,UberEats,S5,357197.0,-280251.0,10800.0,76695.0,476851.0,-35553.0,-13519.0,-1230.0,-21309.0,5757.0,79040.0,148.0,3138.0,0.8443999999999999,0.15560000000000002
2023-02-01,UberEats,S5,335012.0,-262941.0,10228.0,72637.0,447262.0,-29316.0,-11819.0,-771.0,-20604.0,5448.0,80472.0,131.0,3039.0,0.8361,0.16390000000000002
2023-03-01,UberEats,S5,386953.0,-305198.0,11711.0,82592.0,515616.0,-31878.0,-15228.0,-601.0,-23331.0,5871.0,89390.0,167.0,3296.0,0.8342,0.16579999999999998
2023-04-01,UberEats,S5,375382.0,-296251.0,11374.0,79304.0,499208.0,-33214.0,-15284.0,-1293.0,-21988.0,5849.0,85058.0,162.0,3282.0,0.8292,0.17079999999999998
2023-05-01,UberEats,S5,373355.0,-295538.0,11347.0,78718.0,495897.0,-33489.0,-16060.0,-1269.0,-21533.0,6629.0,85392.0,169.0,3270.0,0.8332999999999999,0.16670000000000001
2023-06-01,UberEats,S5,364862.0,-289699.0,11051.0,76551.0,484830.0,-32185.0,-7616.0,-1210.0,-20591.0,6881.0,87434.0,176.0,3278.0,0.8331000000000001,0.16690000000000002
2022-06-01,UberEats,S6,53998.0,-43759.0,1984.0,13674.0,72922.0,-8934.0,-1818.0,-1095.0,-2058.0,1036.0,10565.0,116.0,788.0,0.6711,0.3289
2022-07-01,UberEats,S6,59526.0,-48854.0,2202.0,15628.0,80956.0,-9415.0,-2475.0,-1134.0,-3422.0,1182.0,10095.0,128.0,835.0,0.6762999999999999,0.3237
2022-08-01,UberEats,S6,59122.0,-48345.0,2214.0,15611.0,80512.0,-9354.0,-2493.0,-1152.0,-3615.0,1234.0,10218.0,129.0,839.0,0.6648999999999999,0.33509999999999995
2022-09-01,UberEats,S6,56498.0,-46310.0,2087.0,14987.0,77019.0,-8654.0,-1961.0,-995.0,-3723.0,1218.0,10100.0,111.0,794.0,0.6659999999999999,0.33399999999999996
2022-10-01,UberEats,S6,54994.0,-45116.0,2000.0,14522.0,74903.0,-7974.0,-1631.0,-1129.0,-3932.0,1334.0,9758.0,105.0,767.0,0.6846,0.3154
2022-11-01,UberEats,S6,56859.0,-46689.0,2057.0,15166.0,77613.0,-9119.0,-1114.0,-1284.0,-3963.0,1296.0,10146.0,106.0,776.0,0.6859999999999999,0.314
2022-12-01,UberEats,S6,60291.0,-49611.0,2117.0,16576.0,82776.0,-10403.0,-1798.0,-1343.0,-4779.0,1380.0,9491.0,110.0,812.0,0.698,0.302
2023-01-01,UberEats,S6,60532.0,-49618.0,2178.0,16526.0,82997.0,-8678.0,-1969.0,-1301.0,-4866.0,1386.0,12105.0,119.0,804.0,0.6990000000000001,0.301
2023-02-01,UberEats,S6,62813.0,-51513.0,2223.0,17018.0,85973.0,-8562.0,-3163.0,-707.0,-5106.0,1329.0,10936.0,100.0,826.0,0.696,0.304
2023-03-01,UberEats,S6,71630.0,-58942.0,2508.0,19524.0,98050.0,-9949.0,-3538.0,-547.0,-6176.0,1435.0,12172.0,129.0,918.0,0.6944,0.3056
2023-04-01,UberEats,S6,65900.0,-54329.0,2333.0,17338.0,89608.0,-9155.0,-2066.0,-1198.0,-5255.0,1445.0,12217.0,114.0,857.0,0.6945999999999999,0.3054
2023-05-01,UberEats,S6,64842.0,-53511.0,2303.0,17023.0,88069.0,-8549.0,-1862.0,-1207.0,-4978.0,1659.0,13496.0,120.0,875.0,0.6955,0.3045
2023-06-01,UberEats,S6,62615.0,-51704.0,2221.0,16212.0,84673.0,-8093.0,-1555.0,-1222.0,-4565.0,1762.0,13425.0,128.0,862.0,0.7073,0.2927
2022-06-01,UberEats,U1,118481.0,-95337.0,4721.0,23966.0,151910.0,-16369.0,-6056.0,-1880.0,-3145.0,2071.0,15197.0,195.0,1647.0,0.6087,0.39130000000000004
2022-07-01,UberEats,U1,130805.0,-106473.0,5094.0,25261.0,166440.0,-17295.0,-7940.0,-1956.0,-3539.0,2164.0,12308.0,218.0,1751.0,0.6341,0.36590000000000006
2022-08-01,UberEats,U1,135128.0,-109358.0,5301.0,26288.0,172185.0,-17616.0,-8151.0,-2018.0,-3614.0,2148.0,14346.0,231.0,1856.0,0.6436,0.3564
2022-09-01,UberEats,U1,150208.0,-121925.0,5737.0,29717.0,191692.0,-19251.0,-9707.0,-2380.0,-4372.0,2173.0,13446.0,247.0,1958.0,0.6536,0.3464
2022-10-01,UberEats,U1,158667.0,-127832.0,5991.0,34534.0,205635.0,-20169.0,-9413.0,-2586.0,-6425.0,2497.0,15998.0,238.0,1995.0,0.6578,0.3422
2022-11-01,UberEats,U1,143318.0,-115427.0,5474.0,29287.0,183819.0,-20797.0,-6554.0,-2349.0,-5109.0,2338.0,14078.0,205.0,1890.0,0.648,0.35200000000000004
2022-12-01,UberEats,U1,153403.0,-123818.0,5703.0,29534.0,194846.0,-21428.0,-7219.0,-2678.0,-5110.0,2420.0,13885.0,221.0,1997.0,0.6543000000000001,0.3457
2023-01-01,UberEats,U1,160443.0,-128946.0,6012.0,30838.0,203815.0,-20531.0,-8455.0,-2299.0,-5226.0,2369.0,17786.0,231.0,2008.0,0.6662,0.33380000000000004
2022-09-01,Postmates,S4,44156.0,-37532.0,1306.0,9419.0,57403.0,-6738.0,-3699.0,-57.0,-1052.0,520.0,4332.0,44.0,557.0,0.8801000000000001,0.1199
2022-10-01,Postmates,S4,45974.0,-39091.0,1346.0,9984.0,60000.0,-6987.0,-3337.0,-137.0,-1095.0,535.0,5164.0,44.0,545.0,0.8741,0.1259
2022-11-01,Postmates,S4,39221.0,-33377.0,1151.0,9491.0,52078.0,-5598.0,-1966.0,-229.0,-1167.0,523.0,6598.0,30.0,469.0,0.8734000000000001,0.1266
2022-12-01,Postmates,S4,40130.0,-34156.0,1133.0,9785.0,53377.0,-5585.0,-1982.0,-145.0,-1328.0,511.0,6792.0,26.0,454.0,0.8798999999999999,0.1201
2023-01-01,Postmates,S4,35584.0,-30130.0,989.0,9297.0,47922.0,-5292.0,-2423.0,-299.0,-1305.0,509.0,5784.0,32.0,337.0,0.8763,0.12369999999999999
2023-02-01,Postmates,S4,34805.0,-28701.0,986.0,8240.0,45974.0,-5353.0,-2641.0,-387.0,-914.0,430.0,5383.0,33.0,345.0,0.8814,0.1186
2023-03-01,Postmates,S4,45844.0,-37922.0,1282.0,8758.0,58571.0,-7085.0,-4618.0,-1468.0,-930.0,458.0,4182.0,72.0,436.0,0.8824,0.1176
2023-04-01,Postmates,S4,41169.0,-34026.0,1154.0,8040.0,52597.0,-6562.0,-3149.0,-481.0,-820.0,412.0,4858.0,32.0,380.0,0.8798,0.1202
2023-05-01,Postmates,S4,41688.0,-34416.0,1187.0,8908.0,54026.0,-6905.0,-3620.0,-273.0,-821.0,432.0,5183.0,39.0,384.0,0.8759999999999999,0.124
2023-06-01,Postmates,S4,35844.0,-29610.0,1022.0,8596.0,47403.0,-5901.0,-2270.0,-337.0,-830.0,426.0,5796.0,39.0,353.0,0.8815999999999999,0.1184
2022-06-01,Postmates,S5,24416.0,-20649.0,708.0,5704.0,33117.0,-1945.0,-900.0,-112.0,-744.0,313.0,4938.0,29.0,329.0,0.898,0.102
2022-07-01,Postmates,S5,23377.0,-19740.0,680.0,5344.0,31558.0,-1836.0,-995.0,-66.0,-699.0,303.0,4492.0,27.0,313.0,0.8963,0.10369999999999999
2022-08-01,Postmates,S5,22727.0,-19221.0,658.0,5029.0,30519.0,-1775.0,-1488.0,-35.0,-663.0,284.0,3772.0,28.0,304.0,0.8957999999999999,0.1042
2022-09-01,Postmates,S5,21558.0,-18312.0,623.0,4537.0,28701.0,-1615.0,-1370.0,-18.0,-594.0,263.0,3372.0,21.0,290.0,0.8946999999999999,0.10529999999999999
2022-10-01,Postmates,S5,22727.0,-19221.0,639.0,4931.0,30390.0,-1521.0,-1370.0,-62.0,-649.0,275.0,3580.0,22.0,280.0,0.8979,0.10210000000000001
2022-11-01,Postmates,S5,20779.0,-16753.0,585.0,3731.0,27013.0,-1767.0,-803.0,-50.0,-647.0,260.0,4358.0,17.0,256.0,0.8987999999999999,0.1012
2022-12-01,Postmates,S5,20390.0,-16494.0,554.0,3534.0,26364.0,-1854.0,-734.0,-50.0,-608.0,247.0,3818.0,14.0,244.0,0.8978,0.10220000000000001
2023-01-01,Postmates,S5,18961.0,-15195.0,525.0,3440.0,24675.0,-1678.0,-961.0,-122.0,-517.0,227.0,3635.0,17.0,174.0,0.8878,0.11220000000000001
2023-02-01,Postmates,S5,17532.0,-14026.0,490.0,3221.0,22857.0,-1324.0,-970.0,-107.0,-468.0,211.0,3648.0,16.0,170.0,0.8856999999999999,0.1143
2023-03-01,Postmates,S5,21429.0,-17143.0,586.0,3902.0,27922.0,-1507.0,-1546.0,-411.0,-567.0,230.0,4184.0,26.0,191.0,0.8881,0.1119
2023-04-01,Postmates,S5,19351.0,-15455.0,533.0,3708.0,25325.0,-1441.0,-1010.0,-134.0,-561.0,211.0,4343.0,14.0,174.0,0.8819,0.11810000000000001
2023-05-01,Postmates,S5,18571.0,-14805.0,514.0,3648.0,24416.0,-1414.0,-1174.0,-87.0,-565.0,222.0,4106.0,14.0,164.0,0.8887,0.11130000000000001
2023-06-01,Postmates,S5,17792.0,-14286.0,495.0,3409.0,23377.0,-1376.0,-764.0,-133.0,-441.0,211.0,4056.0,17.0,167.0,0.8914,0.10859999999999999
2022-06-01,Postmates,S6,17013.0,-14026.0,555.0,3919.0,22727.0,-1995.0,-750.0,-63.0,-528.0,330.0,3616.0,19.0,219.0,0.8176000000000001,0.18239999999999998
2022-07-01,Postmates,S6,17273.0,-14286.0,562.0,3899.0,22987.0,-2052.0,-879.0,-34.0,-546.0,307.0,3232.0,21.0,221.0,0.8143,0.1857
2022-08-01,Postmates,S6,16623.0,-13636.0,535.0,3569.0,21818.0,-1902.0,-1236.0,-19.0,-514.0,287.0,2668.0,18.0,209.0,0.818,0.182
2022-09-01,Postmates,S6,15714.0,-12987.0,498.0,3137.0,20390.0,-1690.0,-1347.0,-6.0,-479.0,271.0,2136.0,14.0,200.0,0.8242,0.17579999999999998
2022-10-01,Postmates,S6,15065.0,-12466.0,473.0,2966.0,19481.0,-1471.0,-1037.0,-13.0,-437.0,267.0,2151.0,12.0,189.0,0.8347,0.1653
2022-11-01,Postmates,S6,14416.0,-11992.0,453.0,3086.0,19091.0,-1500.0,-558.0,-18.0,-436.0,251.0,2694.0,9.0,176.0,0.8306999999999999,0.1693
2022-12-01,Postmates,S6,14675.0,-12226.0,448.0,3069.0,19221.0,-1551.0,-518.0,-12.0,-426.0,235.0,2785.0,10.0,177.0,0.8358,0.1642
2023-01-01,Postmates,S6,13766.0,-11358.0,428.0,2907.0,18052.0,-1389.0,-666.0,-23.0,-376.0,217.0,2775.0,10.0,146.0,0.8264,0.1736
2023-02-01,Postmates,S6,12688.0,-10451.0,397.0,2722.0,16753.0,-1234.0,-517.0,-32.0,-341.0,193.0,2636.0,9.0,139.0,0.8254,0.1746
2023-03-01,Postmates,S6,14805.0,-12232.0,455.0,3175.0,19481.0,-1519.0,-744.0,-98.0,-400.0,207.0,2978.0,13.0,152.0,0.8240000000000001,0.17600000000000002
2023-04-01,Postmates,S6,13506.0,-11145.0,417.0,2945.0,17792.0,-1411.0,-502.0,-35.0,-357.0,193.0,2969.0,8.0,137.0,0.8184999999999999,0.1815
2023-05-01,Postmates,S6,13117.0,-10895.0,407.0,2900.0,17403.0,-1374.0,-580.0,-34.0,-358.0,200.0,2919.0,9.0,132.0,0.8225,0.1775
2023-06-01,Postmates,S6,12212.0,-10098.0,382.0,2755.0,16104.0,-1273.0,-412.0,-49.0,-309.0,195.0,2881.0,10.0,127.0,0.8319,0.1681
2022-06-01,Postmates,U1,2162.0,-1773.0,77.0,443.0,2778.0,-219.0,-140.0,-42.0,-35.0,29.0,344.0,11.0,41.0,0.6820999999999999,0.3179
2022-07-01,Postmates,U1,2475.0,-2035.0,85.0,495.0,3166.0,-250.0,-253.0,-29.0,-42.0,30.0,243.0,12.0,44.0,0.6884,0.3116
2022-08-01,Postmates,U1,2948.0,-2412.0,97.0,548.0,3732.0,-285.0,-440.0,-22.0,-47.0,31.0,152.0,14.0,51.0,0.7217,0.2783
2022-09-01,Postmates,U1,3274.0,-2687.0,109.0,589.0,4121.0,-316.0,-502.0,-15.0,-56.0,35.0,88.0,12.0,54.0,0.715,0.285
2022-10-01,Postmates,U1,3560.0,-2900.0,118.0,661.0,4501.0,-357.0,-503.0,-41.0,-63.0,33.0,104.0,13.0,55.0,0.6989,0.3011
2022-11-01,Postmates,U1,3667.0,-2978.0,119.0,603.0,4559.0,-418.0,-679.0,-53.0,-71.0,35.0,-143.0,10.0,52.0,0.7119,0.28809999999999997
2022-12-01,Postmates,U1,3524.0,-2878.0,115.0,489.0,4286.0,-416.0,-481.0,-62.0,-55.0,33.0,-88.0,9.0,49.0,0.6939,0.3061
2023-01-01,Postmates,U1,3900.0,-3159.0,126.0,540.0,4743.0,-428.0,-698.0,-61.0,-64.0,35.0,-174.0,10.0,48.0,0.7066,0.2934
2023-02-01,UberEats,U1,175131.0,-141204.0,6489.0,34603.0,223421.0,-26124.0,-11972.0,-1656.0,-6739.0,2412.0,16466.0,222.0,2114.0,0.6405,0.35950000000000004
2023-03-01,UberEats,U1,198858.0,-160952.0,7345.0,39098.0,253411.0,-30462.0,-12220.0,-1268.0,-8100.0,2579.0,19537.0,260.0,2288.0,0.6321,0.3679
2023-04-01,UberEats,U1,182601.0,-148071.0,6908.0,35891.0,232636.0,-26255.0,-7822.0,-1604.0,-6857.0,2589.0,24909.0,207.0,2165.0,0.6236999999999999,0.3763
2023-05-01,UberEats,U1,161319.0,-130650.0,6179.0,31439.0,205385.0,-22643.0,-4934.0,-1547.0,-5252.0,2803.0,25693.0,200.0,2070.0,0.6269,0.37310000000000004
2023-06-01,UberEats,U1,145385.0,-118204.0,5388.0,26703.0,183218.0,-19221.0,-3266.0,-1401.0,-4040.0,2812.0,24921.0,197.0,1822.0,0.6426999999999999,0.35729999999999995
2022-06-01,UberEats,V1,18993.0,-15251.0,659.0,5731.0,26143.0,-3837.0,-356.0,-261.0,-548.0,269.0,4703.0,25.0,259.0,0.638,0.36200000000000004
2022-07-01,UberEats,V1,20058.0,-16268.0,691.0,6109.0,27668.0,-3797.0,-445.0,-270.0,-872.0,307.0,4708.0,27.0,271.0,0.6481999999999999,0.3518
2022-08-01,UberEats,V1,19862.0,-16045.0,697.0,6085.0,27422.0,-3723.0,-480.0,-256.0,-902.0,316.0,4839.0,28.0,271.0,0.6527,0.34729999999999994
2022-09-01,UberEats,V1,20454.0,-16456.0,707.0,6254.0,28228.0,-3963.0,-673.0,-247.0,-959.0,321.0,4682.0,26.0,271.0,0.6513,0.34869999999999995
2022-10-01,UberEats,V1,21460.0,-17269.0,742.0,6491.0,29551.0,-4191.0,-487.0,-245.0,-1040.0,368.0,5010.0,26.0,273.0,0.6405,0.35950000000000004
2022-11-01,UberEats,V1,20445.0,-16515.0,705.0,6349.0,28321.0,-3955.0,-369.0,-243.0,-1088.0,380.0,5029.0,23.0,266.0,0.6332,0.3668
2022-12-01,UberEats,V1,22064.0,-17801.0,748.0,6909.0,30597.0,-4229.0,-476.0,-266.0,-1276.0,409.0,5269.0,26.0,280.0,0.6379,0.36210000000000003
2023-01-01,UberEats,V1,21459.0,-17287.0,744.0,6795.0,29833.0,-4064.0,-567.0,-256.0,-1325.0,421.0,5271.0,25.0,275.0,0.6442,0.3558
2023-02-01,UberEats,V1,20512.0,-16506.0,707.0,6448.0,28463.0,-3806.0,-704.0,-137.0,-1310.0,417.0,4817.0,21.0,267.0,0.6414,0.3586
2023-03-01,UberEats,V1,23424.0,-19011.0,803.0,7169.0,32308.0,-4172.0,-782.0,-110.0,-1448.0,445.0,5314.0,27.0,292.0,0.6473,0.3527
2023-04-01,UberEats,V1,22675.0,-18399.0,770.0,6957.0,31292.0,-4097.0,-623.0,-249.0,-1426.0,456.0,5270.0,25.0,288.0,0.6496,0.3504
2023-05-01,UberEats,V1,23516.0,-19082.0,800.0,7237.0,32466.0,-4256.0,-611.0,-246.0,-1478.0,535.0,5689.0,28.0,298.0,0.653,0.34700000000000003
2023-06-01,UberEats,V1,22640.0,-18421.0,767.0,6897.0,31200.0,-3993.0,-347.0,-227.0,-1386.0,557.0,5566.0,28.0,290.0,0.6531,0.3469
2022-06-01,UberEats,W1,734751.0,-594857.0,25084.0,169492.0,962888.0,-83225.0,-16566.0,-4213.0,-38316.0,10596.0,157578.0,439.0,7034.0,0.8009000000000001,0.1991
2022-07-01,UberEats,W1,763293.0,-623955.0,25769.0,176413.0,1001767.0,-80956.0,-18874.0,-4572.0,-42344.0,11245.0,158152.0,484.0,7131.0,0.805,0.195
2022-08-01,UberEats,W1,746923.0,-609227.0,25417.0,173742.0,981305.0,-77772.0,-25211.0,-3801.0,-42930.0,11121.0,152857.0,435.0,7058.0,0.8076000000000001,0.1924
2022-09-01,UberEats,W1,739105.0,-601753.0,24795.0,172211.0,971528.0,-73912.0,-26833.0,-3182.0,-44437.0,10125.0,147842.0,378.0,6876.0,0.8120999999999999,0.18789999999999998
2022-10-01,UberEats,W1,801552.0,-652703.0,26286.0,179162.0,1045824.0,-75639.0,-40746.0,-3594.0,-48730.0,11050.0,133446.0,391.0,7119.0,0.8066,0.1934
2022-11-01,UberEats,W1,751521.0,-612660.0,24702.0,174358.0,987229.0,-79017.0,-31631.0,-3724.0,-48310.0,11490.0,133646.0,354.0,6858.0,0.8049,0.19510000000000002
2022-12-01,UberEats,W1,814492.0,-664035.0,25920.0,191808.0,1072348.0,-89689.0,-34077.0,-4390.0,-55340.0,12337.0,150095.0,384.0,7198.0,0.8114,0.1886
2023-01-01,UberEats,W1,814518.0,-664246.0,26527.0,189370.0,1070148.0,-78027.0,-36175.0,-4075.0,-56691.0,12559.0,160601.0,381.0,7087.0,0.8140999999999999,0.1859
2023-02-01,UberEats,W1,784129.0,-640735.0,25410.0,184651.0,1032223.0,-69298.0,-39439.0,-2725.0,-57561.0,11913.0,145900.0,342.0,6951.0,0.8107,0.1893
2023-03-01,UberEats,W1,919893.0,-755805.0,30028.0,187708.0,1181395.0,-89299.0,-47182.0,-2979.0,-53690.0,12607.0,145690.0,432.0,7673.0,0.8083,0.1917
2023-04-01,UberEats,W1,854922.0,-697625.0,27729.0,175899.0,1099040.0,-96340.0,-37325.0,-3518.0,-50808.0,12478.0,145981.0,399.0,7391.0,0.7978000000000001,0.2022
2023-05-01,UberEats,W1,854851.0,-693181.0,27909.0,171049.0,1094470.0,-97220.0,-42408.0,-3618.0,-46118.0,14015.0,155316.0,428.0,7510.0,0.7975,0.2025
2023-06-01,UberEats,W1,821577.0,-665889.0,26903.0,163169.0,1051853.0,-93169.0,-17761.0,-3863.0,-42044.0,14368.0,166610.0,465.0,7379.0,0.8012,0.19879999999999998
2022-06-01,UberEats,W2,11899.0,-9450.0,449.0,3185.0,16095.0,-2712.0,-296.0,-182.0,-551.0,308.0,2192.0,19.0,165.0,0.6899,0.31010000000000004
2022-07-01,UberEats,W2,13160.0,-10521.0,490.0,3713.0,18011.0,-2808.0,-277.0,-178.0,-839.0,339.0,2500.0,20.0,180.0,0.6928,0.3072
2022-08-01,UberEats,W2,12327.0,-9814.0,470.0,3527.0,16937.0,-2645.0,-297.0,-147.0,-853.0,341.0,2387.0,18.0,166.0,0.6973999999999999,0.30260000000000004
2022-09-01,UberEats,W2,11636.0,-9276.0,439.0,3342.0,16002.0,-2447.0,-378.0,-152.0,-872.0,329.0,2146.0,17.0,157.0,0.6765000000000001,0.3235
2022-10-01,UberEats,W2,11543.0,-9163.0,431.0,3537.0,16112.0,-2345.0,-334.0,-135.0,-1047.0,360.0,2422.0,15.0,150.0,0.6678000000000001,0.3322
2022-11-01,UberEats,W2,10698.0,-8529.0,404.0,3204.0,14851.0,-2194.0,-171.0,-163.0,-960.0,351.0,2316.0,14.0,145.0,0.6489,0.35109999999999997
2022-12-01,UberEats,W2,11204.0,-8936.0,418.0,3372.0,15568.0,-2285.0,-219.0,-182.0,-1015.0,349.0,2327.0,15.0,147.0,0.6611,0.3389
2023-01-01,UberEats,W2,11456.0,-9090.0,432.0,3440.0,15912.0,-2283.0,-307.0,-158.0,-1053.0,353.0,2476.0,16.0,148.0,0.6804000000000001,0.3196
2023-02-01,UberEats,W2,10957.0,-8709.0,406.0,3217.0,15094.0,-2151.0,-386.0,-84.0,-985.0,338.0,2216.0,13.0,144.0,0.6755,0.3245
2023-03-01,UberEats,W2,13363.0,-10655.0,485.0,3866.0,18396.0,-2650.0,-724.0,-51.0,-1212.0,356.0,2261.0,17.0,168.0,0.6790999999999999,0.3209
2023-04-01,UberEats,W2,12891.0,-10277.0,462.0,3762.0,17774.0,-2437.0,-679.0,-147.0,-1249.0,359.0,2298.0,17.0,166.0,0.6681999999999999,0.3318
2023-05-01,UberEats,W2,13099.0,-10476.0,467.0,3862.0,18070.0,-2285.0,-562.0,-170.0,-1286.0,423.0,2717.0,19.0,171.0,0.6859999999999999,0.314
2023-06-01,UberEats,W2,12930.0,-10367.0,462.0,3822.0,17893.0,-2338.0,-410.0,-166.0,-1235.0,441.0,2667.0,21.0,171.0,0.6851999999999999,0.3148
2023-02-01,Postmates,U1,4192.0,-3381.0,134.0,622.0,5140.0,-550.0,-753.0,-96.0,-97.0,39.0,-178.0,10.0,51.0,0.713,0.287
2023-03-01,Postmates,U1,5765.0,-4682.0,178.0,819.0,7028.0,-728.0,-1073.0,-493.0,-126.0,46.0,-255.0,23.0,69.0,0.7120000000000001,0.28800000000000003
2023-04-01,Postmates,U1,5453.0,-4416.0,171.0,771.0,6641.0,-646.0,-925.0,-226.0,-113.0,46.0,-69.0,13.0,64.0,0.7209,0.2791
2023-05-01,Postmates,U1,5323.0,-4302.0,166.0,745.0,6478.0,-633.0,-1204.0,-142.0,-101.0,62.0,-346.0,15.0,64.0,0.7241,0.2759
2023-06-01,Postmates,U1,4254.0,-3448.0,132.0,576.0,5148.0,-495.0,-674.0,-219.0,-64.0,48.0,15.0,15.0,55.0,0.727,0.273
2022-06-01,Postmates,V1,13377.0,-10766.0,453.0,3284.0,17662.0,-2381.0,-480.0,-19.0,-457.0,253.0,2559.0,11.0,162.0,0.7071999999999999,0.2928
2022-07-01,Postmates,V1,13377.0,-10888.0,451.0,3469.0,17922.0,-2399.0,-557.0,-10.0,-452.0,238.0,2550.0,10.0,156.0,0.7031000000000001,0.2969
2022-08-01,Postmates,V1,12987.0,-10541.0,431.0,3658.0,17662.0,-2262.0,-766.0,-3.0,-430.0,224.0,2656.0,8.0,149.0,0.7175,0.2825
2022-09-01,Postmates,V1,12678.0,-10274.0,416.0,3428.0,17013.0,-2262.0,-770.0,-12.0,-405.0,219.0,2363.0,7.0,147.0,0.7043,0.2957
2022-10-01,Postmates,V1,12575.0,-10182.0,415.0,3490.0,17013.0,-2278.0,-733.0,-16.0,-392.0,225.0,2441.0,7.0,141.0,0.7023,0.2977
2022-11-01,Postmates,V1,11339.0,-9193.0,372.0,3390.0,15584.0,-1979.0,-327.0,-17.0,-369.0,205.0,2849.0,5.0,130.0,0.6920999999999999,0.3079
2022-12-01,Postmates,V1,12179.0,-9872.0,384.0,3382.0,16494.0,-2093.0,-440.0,-14.0,-364.0,198.0,2736.0,6.0,131.0,0.7126,0.2874
2023-01-01,Postmates,V1,11320.0,-9156.0,365.0,3142.0,15325.0,-1990.0,-457.0,-13.0,-330.0,189.0,2555.0,5.0,118.0,0.7119,0.28809999999999997
2023-02-01,Postmates,V1,10096.0,-8173.0,326.0,2795.0,13636.0,-1747.0,-418.0,-10.0,-272.0,169.0,2270.0,4.0,110.0,0.7095,0.2905
2023-03-01,Postmates,V1,11690.0,-9498.0,372.0,3208.0,15714.0,-1969.0,-520.0,-55.0,-322.0,190.0,2624.0,6.0,119.0,0.7128,0.2872
2023-04-01,Postmates,V1,10805.0,-8765.0,344.0,3031.0,14675.0,-1860.0,-354.0,-17.0,-299.0,170.0,2605.0,4.0,111.0,0.7173999999999999,0.2826
2023-05-01,Postmates,V1,10860.0,-8820.0,345.0,3089.0,14805.0,-1863.0,-448.0,-16.0,-293.0,174.0,2621.0,5.0,112.0,0.7191,0.2809
2023-06-01,Postmates,V1,10242.0,-8329.0,320.0,3036.0,14026.0,-1741.0,-226.0,-10.0,-288.0,168.0,2687.0,4.0,106.0,0.7329000000000001,0.2671
2022-06-01,Postmates,W1,32727.0,-27403.0,1044.0,6229.0,41818.0,-2804.0,-1119.0,-108.0,-804.0,317.0,6114.0,45.0,453.0,0.861,0.139
2022-07-01,Postmates,W1,32597.0,-27273.0,1044.0,6051.0,41429.0,-2855.0,-1446.0,-116.0,-756.0,315.0,5449.0,51.0,446.0,0.8579000000000001,0.1421
2022-08-01,Postmates,W1,31558.0,-26364.0,1012.0,5638.0,39870.0,-2727.0,-2127.0,-74.0,-707.0,297.0,4464.0,51.0,422.0,0.8591,0.1409
2022-09-01,Postmates,W1,31299.0,-26104.0,989.0,5147.0,39091.0,-2522.0,-1924.0,-34.0,-682.0,280.0,4153.0,38.0,419.0,0.8618000000000001,0.1382
2022-10-01,Postmates,W1,31299.0,-26234.0,968.0,5259.0,39221.0,-2272.0,-1883.0,-116.0,-733.0,286.0,4087.0,37.0,403.0,0.8559,0.1441
2022-11-01,Postmates,W1,28961.0,-24156.0,887.0,4878.0,36234.0,-2120.0,-1692.0,-112.0,-660.0,269.0,4043.0,28.0,361.0,0.8554999999999999,0.1445
2022-12-01,Postmates,W1,29870.0,-24935.0,894.0,5225.0,37662.0,-2505.0,-1507.0,-79.0,-754.0,265.0,4477.0,26.0,347.0,0.8587,0.1413
2023-01-01,Postmates,W1,27273.0,-22468.0,830.0,5092.0,34675.0,-2252.0,-1883.0,-163.0,-733.0,263.0,4158.0,29.0,261.0,0.8464,0.1536
2023-02-01,Postmates,W1,25844.0,-21429.0,794.0,4926.0,32987.0,-2117.0,-1762.0,-181.0,-744.0,244.0,3760.0,26.0,256.0,0.8451000000000001,0.1549
2023-03-01,Postmates,W1,30909.0,-25584.0,921.0,5884.0,39351.0,-2672.0,-2631.0,-749.0,-993.0,303.0,3996.0,47.0,286.0,0.8476,0.1524
2023-04-01,Postmates,W1,26494.0,-21818.0,791.0,5248.0,34026.0,-2634.0,-1658.0,-234.0,-889.0,266.0,4408.0,23.0,246.0,0.8411,0.1589
2023-05-01,Postmates,W1,25714.0,-20909.0,771.0,5002.0,32857.0,-2681.0,-2002.0,-139.0,-718.0,275.0,4368.0,26.0,238.0,0.8427,0.1573
2023-06-01,Postmates,W1,23896.0,-19481.0,721.0,4859.0,30779.0,-2462.0,-1463.0,-238.0,-591.0,260.0,4585.0,30.0,236.0,0.8493999999999999,0.1506
2022-06-01,Postmates,W2,1161.0,-951.0,45.0,255.0,1509.0,-238.0,-49.0,-5.0,-16.0,14.0,156.0,3.0,20.0,0.6999,0.30010000000000003
2022-07-01,Postmates,W2,1306.0,-1065.0,48.0,275.0,1686.0,-254.0,-66.0,-5.0,-18.0,13.0,168.0,3.0,21.0,0.7119,0.28809999999999997
2022-08-01,Postmates,W2,1202.0,-983.0,45.0,246.0,1545.0,-236.0,-89.0,-1.0,-19.0,13.0,115.0,3.0,19.0,0.6999,0.30010000000000003
2022-09-01,Postmates,W2,1164.0,-953.0,43.0,224.0,1483.0,-223.0,-97.0,-1.0,-16.0,11.0,92.0,2.0,19.0,0.7069,0.29309999999999997
2022-10-01,Postmates,W2,1128.0,-916.0,43.0,230.0,1450.0,-226.0,-84.0,-2.0,-17.0,11.0,107.0,2.0,17.0,0.6922,0.3078
2022-11-01,Postmates,W2,1016.0,-826.0,39.0,186.0,1284.0,-202.0,-111.0,-4.0,-13.0,11.0,45.0,1.0,15.0,0.6604000000000001,0.3396
2022-12-01,Postmates,W2,1060.0,-863.0,41.0,169.0,1312.0,-216.0,-89.0,-3.0,-13.0,10.0,37.0,1.0,15.0,0.6626000000000001,0.33740000000000003
2023-01-01,Postmates,W2,1042.0,-841.0,41.0,174.0,1299.0,-220.0,-110.0,-3.0,-11.0,9.0,32.0,1.0,13.0,0.6776000000000001,0.3224
2023-02-01,Postmates,W2,996.0,-802.0,37.0,170.0,1244.0,-201.0,-105.0,-3.0,-15.0,10.0,40.0,1.0,12.0,0.6829000000000001,0.3171
2023-03-01,Postmates,W2,1166.0,-946.0,43.0,200.0,1459.0,-248.0,-101.0,-16.0,-17.0,11.0,57.0,2.0,14.0,0.6785,0.3215
2023-04-01,Postmates,W2,1112.0,-900.0,41.0,190.0,1389.0,-231.0,-78.0,-4.0,-17.0,9.0,76.0,1.0,13.0,0.6822,0.3178
2023-05-01,Postmates,W2,1090.0,-887.0,41.0,188.0,1363.0,-216.0,-88.0,-2.0,-15.0,10.0,81.0,2.0,13.0,0.6873,0.3127
2023-06-01,Postmates,W2,1066.0,-868.0,39.0,183.0,1333.0,-216.0,-59.0,-7.0,-16.0,10.0,86.0,2.0,13.0,0.6835,0.3165
