,,,,,,,,,,,,,,,,,,
,Month,App,City ID,Basket,Payment to Merchants,Trips,Total Eater Fees,Gross Bookings,Payments to Couriers,Incentive to Existing Eaters,Incentive to New Eaters,Discount due to other promotions/subscriptions,Revenue gained due to subscription,Net Revenue,New Eaters,Active Eaters,%SMB,%ENT
,2022-06-01 0:00:00,UberEats,A1,"$621,053","-$481,974","21,611","$139,391","$816,252","-$91,373","-$14,504","-$4,116","-$26,954","$9,578","$140,782",479,"6,335",85.53%,14.47%
,2022-07-01 0:00:00,UberEats,A1,"$667,092","-$523,571","22,872","$148,795","$875,819","-$80,897","-$24,031","-$4,206","-$30,560","$10,161","$152,843",507,"6,574",86.20%,13.80%
,2022-08-01 0:00:00,UberEats,A1,"$658,657","-$515,046","22,779","$147,561","$865,491","-$81,375","-$29,258","-$3,588","-$31,315","$10,170","$147,834",462,"6,457",86.43%,13.57%
,2022-09-01 0:00:00,UberEats,A1,"$642,730","-$502,474","21,903","$144,560","$845,123","-$77,920","-$26,255","-$3,615","-$31,777","$9,550","$142,037",434,"6,333",85.95%,14.05%
,2022-10-01 0:00:00,UberEats,A1,"$666,774","-$520,271","22,268","$153,080","$881,265","-$86,008","-$26,220","-$4,178","-$37,651","$10,297","$137,224",450,"6,422",85.79%,14.21%
,2022-11-01 0:00:00,UberEats,A1,"$612,664","-$479,248","20,645","$140,042","$808,995","-$82,680","-$19,362","-$4,121","-$33,965","$10,298","$129,461",396,"6,099",85.71%,14.29%
,2022-12-01 0:00:00,UberEats,A1,"$667,001","-$521,460","21,904","$153,496","$881,328","-$84,155","-$26,152","-$4,653","-$38,660","$10,903","$146,156",417,"6,397",86.40%,13.60%
,2023-01-01 0:00:00,UberEats,A1,"$671,522","-$524,118","22,539","$154,456","$887,255","-$78,399","-$33,424","-$4,943","-$40,690","$10,951","$147,537",443,"6,386",86.44%,13.56%
,2023-02-01 0:00:00,UberEats,A1,"$647,947","-$507,023","21,607","$150,977","$856,360","-$74,954","-$34,979","-$3,348","-$41,504","$10,411","$137,812",399,"6,255",84.89%,15.11%
,2023-03-01 0:00:00,UberEats,A1,"$763,424","-$600,978","25,806","$154,222","$985,247","-$93,278","-$42,157","-$3,874","-$37,924","$10,926","$134,812",514,"6,935",84.19%,15.81%
,2023-04-01 0:00:00,UberEats,A1,"$749,681","-$590,873","25,197","$151,809","$967,549","-$92,570","-$48,318","-$4,761","-$36,181","$10,945","$128,543",499,"6,949",83.47%,16.53%
,2023-05-01 0:00:00,UberEats,A1,"$758,758","-$599,069","25,682","$157,347","$982,367","-$98,421","-$40,672","-$5,123","-$36,479","$12,585","$141,084",552,"7,112",83.44%,16.56%
,2023-06-01 0:00:00,UberEats,A1,"$732,942","-$579,434","24,996","$151,654","$949,083","-$85,272","-$30,752","-$5,490","-$34,574","$13,031","$150,956",589,"7,002",83.77%,16.23%
,2022-06-01 0:00:00,UberEats,A2,"$244,111","-$195,057","9,033","$58,394","$321,942","-$39,883","-$5,426","-$1,367","-$8,998","$3,689","$52,730",170,"2,598",81.50%,18.50%
,2022-07-01 0:00:00,UberEats,A2,"$262,713","-$210,994","9,600","$61,893","$345,593","-$37,591","-$8,209","-$1,264","-$12,263","$3,992","$42,653",176,"2,660",83.25%,16.75%
,2022-08-01 0:00:00,UberEats,A2,"$257,576","-$206,676","9,414","$61,992","$340,251","-$35,916","-$10,557","-$1,201","-$13,340","$4,024","$46,423",169,"2,636",83.04%,16.96%
,2022-09-01 0:00:00,UberEats,A2,"$252,042","-$203,149","9,082","$61,804","$334,079","-$33,434","-$7,516","-$1,242","-$14,116","$3,818","$48,080",159,"2,633",82.06%,17.94%
,2022-10-01 0:00:00,UberEats,A2,"$265,897","-$213,296","9,359","$65,665","$352,687","-$35,007","-$7,598","-$1,385","-$16,852","$4,160","$52,118",164,"2,731",81.42%,18.58%
,2022-11-01 0:00:00,UberEats,A2,"$245,440","-$197,556","8,741","$60,112","$325,190","-$32,924","-$4,757","-$1,333","-$14,961","$4,310","$53,464",146,"2,596",80.69%,19.31%
,2022-12-01 0:00:00,UberEats,A2,"$261,111","-$210,032","9,097","$63,795","$345,730","-$31,337","-$6,235","-$1,439","-$16,103","$4,470","$56,772",143,"2,605",81.25%,18.75%
,2023-01-01 0:00:00,UberEats,A2,"$274,579","-$220,705","9,679","$67,324","$363,813","-$29,480","-$8,195","-$1,354","-$18,299","$4,594","$62,499",152,"2,658",81.47%,18.53%
,2023-02-01 0:00:00,UberEats,A2,"$258,209","-$206,928","8,956","$62,162","$340,963","-$29,636","-$8,475",-$916,"-$18,077","$4,339","$53,706",138,"2,600",81.56%,18.44%
,2023-03-01 0:00:00,UberEats,A2,"$303,699","-$244,901","10,521","$74,246","$402,010","-$34,458","-$10,437",-$817,"-$21,015","$4,777","$60,832",171,"2,871",81.45%,18.55%
,2023-04-01 0:00:00,UberEats,A2,"$296,077","-$238,766","10,251","$71,981","$391,557","-$35,111","-$8,458","-$1,372","-$20,401","$4,834","$61,484",167,"2,856",81.29%,18.71%
,2023-05-01 0:00:00,UberEats,A2,"$293,871","-$237,381","10,150","$70,041","$387,008","-$35,107","-$10,258","-$1,236","-$18,990","$5,494","$63,844",164,"2,793",81.93%,18.07%
,2023-06-01 0:00:00,UberEats,A2,"$284,331","-$229,953","9,884","$67,439","$374,052","-$35,804","-$6,237","-$1,307","-$18,146","$5,673","$62,649",174,"2,724",82.19%,17.81%
,2022-06-01 0:00:00,UberEats,B1,"$500,918","-$397,273","18,171","$114,673","$649,215","-$67,298","-$11,260","-$3,006","-$21,823","$6,743","$101,386",335,"4,997",80.21%,19.79%
,2022-07-01 0:00:00,UberEats,B1,"$513,794","-$411,005","18,432","$113,135","$661,454","-$61,842","-$13,601","-$2,928","-$24,532","$7,243","$97,253",362,"5,035",80.01%,19.99%
,2022-08-01 0:00:00,UberEats,B1,"$518,868","-$414,023","18,655","$114,070","$667,975","-$67,102","-$19,050","-$2,324","-$25,064","$7,119","$86,399",331,"5,119",80.34%,19.66%
,2022-09-01 0:00:00,UberEats,B1,"$521,420","-$415,968","18,238","$118,349","$674,914","-$65,484","-$21,308","-$2,455","-$28,592","$6,566","$78,897",328,"5,121",80.99%,19.01%
,2022-10-01 0:00:00,UberEats,B1,"$580,791","-$462,090","19,974","$127,972","$748,024","-$71,399","-$25,025","-$2,681","-$31,751","$7,303","$84,549",336,"5,421",81.86%,18.14%
,2022-11-01 0:00:00,UberEats,B1,"$549,047","-$437,812","19,085","$119,672","$705,788","-$70,448","-$17,939","-$2,843","-$28,433","$7,433","$98,285",310,"5,271",80.93%,19.07%
,2022-12-01 0:00:00,UberEats,B1,"$572,197","-$456,109","19,343","$131,599","$742,190","-$69,918","-$19,307","-$3,377","-$34,915","$7,975","$111,104",319,"5,401",80.57%,19.43%
,2023-01-01 0:00:00,UberEats,B1,"$572,609","-$455,323","19,654","$127,712","$738,894","-$61,741","-$20,107","-$2,532","-$34,093","$8,024","$121,751",316,"5,331",81.29%,18.71%
,2023-02-01 0:00:00,UberEats,B1,"$565,270","-$450,406","19,463","$128,560","$731,749","-$64,963","-$23,407","-$1,666","-$36,641","$7,766","$113,661",294,"5,300",80.47%,19.53%
,2023-03-01 0:00:00,UberEats,B1,"$639,165","-$511,038","21,845","$145,205","$827,084","-$77,298","-$26,038","-$1,290","-$42,550","$8,435","$123,156",344,"5,648",80.48%,19.52%
,2023-04-01 0:00:00,UberEats,B1,"$617,548","-$497,229","20,932","$136,947","$795,538","-$77,297","-$23,357","-$2,334","-$40,713","$8,433","$110,057",305,"5,524",79.95%,20.05%
,2023-05-01 0:00:00,UberEats,B1,"$579,818","-$465,541","19,868","$116,427","$734,920","-$77,474","-$20,482","-$2,282","-$29,107","$8,937","$105,616",322,"5,520",80.02%,19.98%
,2023-06-01 0:00:00,UberEats,B1,"$556,253","-$446,910","19,068","$110,888","$704,014","-$78,526","-$8,090","-$2,318","-$26,083","$9,396","$104,529",353,"5,365",80.19%,19.81%
,2022-06-01 0:00:00,UberEats,C1,"$85,924","-$68,469","3,126","$22,144","$116,471","-$13,549","-$2,740","-$1,345","-$4,707","$1,926","$18,318",137,"1,172",80.01%,19.99%
,2022-07-01 0:00:00,UberEats,C1,"$97,946","-$78,971","3,529","$22,652","$130,028","-$14,486","-$4,060","-$1,369","-$5,087","$2,078","$17,419",152,"1,272",81.12%,18.88%
,2022-08-01 0:00:00,UberEats,C1,"$95,620","-$76,597","3,483","$22,241","$127,102","-$13,539","-$4,264","-$1,233","-$5,101","$2,089","$18,555",141,"1,236",81.29%,18.71%
,2022-09-01 0:00:00,UberEats,C1,"$94,478","-$75,536","3,350","$22,361","$125,978","-$12,904","-$4,387","-$1,220","-$5,468","$2,024","$17,574",131,"1,207",80.38%,19.62%
,2022-10-01 0:00:00,UberEats,C1,"$101,618","-$81,148","3,535","$24,924","$136,450","-$12,775","-$4,526","-$1,363","-$6,613","$2,251","$18,867",134,"1,241",80.30%,19.70%
,2022-06-01 0:00:00,Postmates,A1,"$37,403","-$29,870","1,314","$7,737","$48,571","-$5,158","-$1,272",-$115,-$590,$339,"$7,644",60,483,83.91%,16.09%
,2022-07-01 0:00:00,Postmates,A1,"$38,312","-$30,649","1,331","$7,616","$49,351","-$4,626","-$1,469",-$117,-$592,$333,"$7,906",62,481,84.04%,15.96%
,2022-08-01 0:00:00,Postmates,A1,"$38,312","-$30,649","1,326","$7,205","$48,831","-$4,653","-$2,167",-$80,-$584,$322,"$6,939",58,468,84.28%,15.72%
,2022-09-01 0:00:00,Postmates,A1,"$37,143","-$29,870","1,280","$6,565","$47,013","-$4,356","-$2,038",-$54,-$533,$302,"$6,107",50,464,84.05%,15.95%
,2022-10-01 0:00:00,Postmates,A1,"$37,662","-$30,130","1,272","$6,833","$47,922","-$4,594","-$2,075",-$186,-$631,$320,"$5,756",48,440,83.27%,16.73%
,2022-11-01 0:00:00,Postmates,A1,"$33,896","-$27,013","1,149","$6,145","$43,117","-$4,066","-$1,729",-$143,-$558,$291,"$5,510",34,396,83.75%,16.25%
,2022-12-01 0:00:00,Postmates,A1,"$34,935","-$27,922","1,153","$6,260","$44,286","-$3,892","-$1,538",-$125,-$582,$289,"$6,378",32,381,84.89%,15.11%
,2023-01-01 0:00:00,Postmates,A1,"$33,117","-$26,234","1,116","$6,099","$42,208","-$3,510","-$1,753",-$119,-$572,$284,"$6,332",33,323,84.24%,15.76%
,2023-02-01 0:00:00,Postmates,A1,"$30,779","-$24,545","1,036","$5,744","$39,351","-$3,516","-$1,524",-$88,-$540,$263,"$5,798",29,307,83.81%,16.19%
,2023-03-01 0:00:00,Postmates,A1,"$36,494","-$29,091","1,198","$6,688","$46,494","-$4,135","-$2,351",-$710,-$671,$303,"$6,212",53,345,84.04%,15.96%
,2023-04-01 0:00:00,Postmates,A1,"$32,987","-$26,234","1,091","$6,183","$42,078","-$3,810","-$1,485",-$260,-$563,$265,"$6,444",30,311,83.78%,16.22%
,2023-05-01 0:00:00,Postmates,A1,"$33,377","-$26,623","1,111","$6,450","$42,727","-$4,126","-$1,973",-$194,-$560,$282,"$6,125",36,310,83.42%,16.58%
,2023-06-01 0:00:00,Postmates,A1,"$29,870","-$23,896",993,"$6,625","$39,351","-$3,307","-$1,443",-$295,-$634,$290,"$6,842",40,297,84.66%,15.34%
,2022-06-01 0:00:00,Postmates,A2,"$10,718","-$8,706",389,"$2,310","$13,896","-$1,195",-$344,-$36,-$235,$131,"$2,419",19,161,84.58%,15.42%
,2022-07-01 0:00:00,Postmates,A2,"$11,397","-$9,292",419,"$2,342","$14,675","-$1,283",-$418,-$44,-$207,$123,"$1,889",22,166,83.27%,16.73%
,2022-08-01 0:00:00,Postmates,A2,"$11,307","-$9,221",411,"$2,235","$14,416","-$1,332",-$628,-$20,-$212,$116,"$1,722",20,161,84.01%,15.99%
,2022-09-01 0:00:00,Postmates,A2,"$11,504","-$9,411",414,"$2,160","$14,545","-$1,369",-$595,-$18,-$211,$108,"$1,575",19,163,83.69%,16.31%
,2022-10-01 0:00:00,Postmates,A2,"$12,080","-$9,863",424,"$2,321","$15,325","-$1,485",-$612,-$29,-$253,$117,"$1,663",17,163,81.92%,18.08%
,2022-11-01 0:00:00,Postmates,A2,"$11,257","-$9,193",393,"$1,931","$14,026","-$1,410",-$839,-$42,-$213,$112,"$1,226",13,146,81.53%,18.47%
,2022-12-01 0:00:00,Postmates,A2,"$11,436","-$9,344",397,"$1,721","$14,026","-$1,238",-$693,-$38,-$167,$99,"$1,268",13,140,82.86%,17.14%
,2023-01-01 0:00:00,Postmates,A2,"$11,686","-$9,497",407,"$1,795","$14,416","-$1,210",-$919,-$33,-$184,$102,"$1,279",12,120,82.13%,17.87%
,2023-02-01 0:00:00,Postmates,A2,"$11,400","-$9,265",384,"$1,701","$14,026","-$1,236","-$1,040",-$44,-$198,$97,$935,12,118,82.21%,17.79%
,2023-03-01 0:00:00,Postmates,A2,"$14,675","-$11,906",493,"$2,234","$18,052","-$1,583","-$1,318",-$311,-$246,$108,"$1,261",25,150,82.78%,17.22%
,2023-04-01 0:00:00,Postmates,A2,"$13,506","-$10,967",460,"$2,085","$16,623","-$1,596",-$980,-$118,-$229,$99,"$1,431",13,133,81.80%,18.20%
,2023-05-01 0:00:00,Postmates,A2,"$13,896","-$11,254",470,"$2,082","$17,013","-$1,694","-$1,441",-$90,-$221,$110,"$1,139",18,132,82.30%,17.70%
,2023-06-01 0:00:00,Postmates,A2,"$12,987","-$10,592",446,"$1,949","$15,974","-$1,773","-$1,074",-$148,-$195,$105,"$1,187",22,134,82.92%,17.08%
,2022-06-01 0:00:00,Postmates,B1,"$8,420","-$6,829",274,"$1,786","$10,775",-$773,-$369,-$77,-$337,$112,"$1,663",23,139,88.23%,11.77%
,2022-07-01 0:00:00,Postmates,B1,"$9,100","-$7,405",292,"$1,791","$11,505",-$815,-$561,-$78,-$289,$109,"$1,516",27,146,88.33%,11.67%
,2022-08-01 0:00:00,Postmates,B1,"$9,842","-$7,962",309,"$1,828","$12,337",-$869,-$958,-$48,-$297,$107,"$1,219",29,152,88.76%,11.24%
,2022-09-01 0:00:00,Postmates,B1,"$10,450","-$8,484",329,"$1,894","$13,117",-$857,-$913,-$26,-$345,$112,"$1,210",23,159,88.83%,11.17%
,2022-10-01 0:00:00,Postmates,B1,"$10,887","-$8,798",338,"$2,005","$13,636",-$893,-$903,-$72,-$336,$110,"$1,318",23,151,88.06%,11.94%
,2022-11-01 0:00:00,Postmates,B1,"$10,973","-$8,876",338,"$1,710","$13,377","-$1,008","-$1,249",-$89,-$267,$100,$920,17,146,87.91%,12.09%
,2022-12-01 0:00:00,Postmates,B1,"$10,902","-$8,812",330,"$1,513","$13,117","-$1,090",-$976,-$90,-$227,$90,$949,18,140,87.45%,12.55%
,2023-01-01 0:00:00,Postmates,B1,"$10,817","-$8,679",321,"$1,514","$13,117",-$995,"-$1,497",-$193,-$237,$94,$631,23,118,88.06%,11.94%
,2023-02-01 0:00:00,Postmates,B1,"$12,535","-$10,026",370,"$1,784","$15,195","-$1,181","-$2,157",-$263,-$320,$102,$327,31,140,88.16%,11.84%
,2023-03-01 0:00:00,Postmates,B1,"$15,455","-$12,466",450,"$2,148","$18,701","-$1,548","-$2,590",-$825,-$388,$113,$381,50,171,87.89%,12.11%
,2023-04-01 0:00:00,Postmates,B1,"$15,195","-$12,164",441,"$2,146","$18,312","-$1,741","-$2,388",-$519,-$405,$114,$225,40,167,88.35%,11.65%
,2023-05-01 0:00:00,Postmates,B1,"$15,195","-$12,136",434,"$1,988","$18,052","-$1,908","-$2,918",-$379,-$351,$132,-$293,30,152,88.36%,11.64%
,2023-06-01 0:00:00,Postmates,B1,"$14,026","-$11,249",415,"$1,797","$16,753","-$2,043","-$2,487",-$725,-$260,$123,-$426,51,171,88.95%,11.05%
,2022-06-01 0:00:00,Postmates,C1,"$26,364","-$21,299",891,"$6,331","$35,325","-$3,245","-$1,044",-$40,"-$1,144",$609,"$5,926",25,329,85.26%,14.74%
,2022-07-01 0:00:00,Postmates,C1,"$27,143","-$22,078",912,"$6,062","$35,844","-$3,429","-$1,225",-$40,-$963,$579,"$5,505",26,332,85.27%,14.73%
,2022-08-01 0:00:00,Postmates,C1,"$27,403","-$22,208",903,"$5,874","$35,844","-$3,271","-$2,561",-$19,-$740,$529,"$4,465",25,319,85.12%,14.88%
,2022-09-01 0:00:00,Postmates,C1,"$27,403","-$22,338",908,"$4,472","$34,286","-$3,164","-$1,999",-$14,-$567,$447,"$3,442",23,330,84.74%,15.26%
,2022-10-01 0:00:00,Postmates,C1,"$28,701","-$23,247",957,"$4,435","$35,714","-$3,304","-$1,670",-$72,-$539,$434,"$3,423",23,314,83.26%,16.74%
,2022-11-01 0:00:00,UberEats,C1,"$94,222","-$75,534","3,317","$22,915","$126,298","-$12,932","-$3,274","-$1,415","-$6,063","$2,176","$16,954",123,"1,193",79.47%,20.53%
,2022-12-01 0:00:00,UberEats,C1,"$104,539","-$83,649","3,620","$25,720","$140,427","-$15,664","-$4,309","-$1,460","-$7,097","$2,313","$17,350",129,"1,278",80.06%,19.94%
,2023-01-01 0:00:00,UberEats,C1,"$107,950","-$86,268","3,806","$26,603","$145,037","-$15,821","-$5,591","-$1,505","-$7,787","$2,370","$17,162",142,"1,295",80.98%,19.02%
,2023-02-01 0:00:00,UberEats,C1,"$101,950","-$81,533","3,582","$25,506","$137,049","-$13,045","-$5,683",-$769,"-$7,734","$2,266","$18,514",116,"1,226",79.86%,20.14%
,2023-03-01 0:00:00,UberEats,C1,"$126,097","-$101,665","4,436","$26,515","$164,444","-$18,151","-$7,799",-$554,"-$7,070","$2,355","$15,837",156,"1,441",79.68%,20.32%
,2023-04-01 0:00:00,UberEats,C1,"$123,401","-$99,382","4,347","$26,284","$161,259","-$19,636","-$7,653","-$1,400","-$6,781","$2,343","$14,617",148,"1,438",78.83%,21.17%
,2023-05-01 0:00:00,UberEats,C1,"$123,557","-$99,813","4,382","$26,998","$162,052","-$19,982","-$6,518","-$1,522","-$6,876","$2,743","$16,373",164,"1,478",78.71%,21.29%
,2023-06-01 0:00:00,UberEats,C1,"$121,290","-$98,201","4,327","$26,370","$159,118","-$16,555","-$4,423","-$1,537","-$6,624","$2,860","$20,357",175,"1,477",78.89%,21.11%
,2022-06-01 0:00:00,UberEats,C2,"$755,121","-$601,029","28,639","$157,544","$990,746","-$99,704","-$16,305","-$4,766","-$19,168","$8,238","$159,683",563,"8,367",74.78%,25.22%
,2022-07-01 0:00:00,UberEats,C2,"$793,928","-$639,848","29,861","$175,295","$1,051,452","-$97,484","-$24,744","-$4,570","-$31,695","$9,702","$154,721",599,"8,545",76.01%,23.99%
,2022-08-01 0:00:00,UberEats,C2,"$784,581","-$630,780","29,750","$173,942","$1,039,870","-$98,820","-$29,871","-$3,962","-$33,222","$9,814","$151,607",579,"8,448",76.09%,23.91%
,2022-09-01 0:00:00,UberEats,C2,"$780,465","-$628,212","29,038","$172,847","$1,033,556","-$94,437","-$33,948","-$3,738","-$35,651","$9,117","$134,883",526,"8,298",75.86%,24.14%
,2022-10-01 0:00:00,UberEats,C2,"$885,620","-$711,366","32,027","$189,993","$1,166,533","-$91,476","-$38,020","-$5,112","-$40,585","$10,080","$141,044",669,"8,829",76.55%,23.45%
,2022-11-01 0:00:00,UberEats,C2,"$817,744","-$657,329","30,037","$180,480","$1,082,417","-$92,967","-$28,315","-$4,795","-$39,352","$10,206","$157,759",529,"8,426",76.61%,23.39%
,2022-12-01 0:00:00,UberEats,C2,"$878,357","-$732,067","31,235","$201,521","$1,169,409","-$110,420","-$33,443","-$5,517","-$47,925","$10,803","$129,536",562,"8,828",77.15%,22.85%
,2023-01-01 0:00:00,UberEats,C2,"$890,435","-$714,981","32,441","$201,754","$1,182,953","-$85,354","-$33,609","-$5,885","-$50,297","$11,342","$183,797",566,"8,739",77.55%,22.45%
,2023-02-01 0:00:00,UberEats,C2,"$863,115","-$695,308","31,086","$193,411","$1,144,028","-$73,536","-$38,422","-$3,898","-$51,710","$11,145","$164,830",490,"8,520",77.12%,22.88%
,2023-03-01 0:00:00,UberEats,C2,"$1,038,501","-$842,765","37,542","$204,925","$1,348,327","-$94,671","-$48,592","-$4,275","-$50,579","$11,921","$164,936",619,"9,514",76.60%,23.40%
,2023-04-01 0:00:00,UberEats,C2,"$977,363","-$793,011","35,469","$191,351","$1,266,942","-$90,034","-$44,117","-$5,164","-$46,051","$11,987","$162,959",573,"9,254",76.03%,23.97%
,2023-05-01 0:00:00,UberEats,C2,"$974,022","-$791,569","35,567","$191,099","$1,262,573","-$95,070","-$47,844","-$5,093","-$44,694","$14,127","$161,446",594,"9,372",76.00%,24.00%
,2023-06-01 0:00:00,UberEats,C2,"$949,501","-$772,759","34,500","$185,133","$1,230,222","-$89,858","-$34,727","-$5,583","-$42,579","$14,714","$167,768",643,"9,349",76.22%,23.78%
,2022-06-01 0:00:00,UberEats,C3,"$270,752","-$213,282","9,226","$57,142","$350,544","-$31,442","-$6,128","-$1,548","-$9,382","$3,618","$66,365",180,"2,784",79.99%,20.01%
,2022-07-01 0:00:00,UberEats,C3,"$282,188","-$224,375","9,442","$61,006","$366,763","-$27,908","-$7,190","-$1,758","-$10,869","$3,812","$69,620",199,"2,841",79.43%,20.57%
,2022-08-01 0:00:00,UberEats,C3,"$280,320","-$222,881","9,468","$60,905","$364,716","-$25,710","-$9,193","-$1,521","-$11,201","$3,832","$68,557",192,"2,847",79.74%,20.26%
,2022-09-01 0:00:00,UberEats,C3,"$284,802","-$226,268","9,395","$61,403","$369,940","-$28,867","-$9,884","-$1,513","-$11,604","$3,640","$64,819",189,"2,857",80.07%,19.93%
,2022-10-01 0:00:00,UberEats,C3,"$312,872","-$248,585","10,249","$62,062","$400,726","-$33,675","-$11,382","-$1,644","-$11,384","$3,820","$60,894",194,"3,004",80.32%,19.68%
,2022-11-01 0:00:00,UberEats,C3,"$290,706","-$231,026","9,588","$62,153","$377,262","-$29,097","-$7,785","-$1,874","-$12,335","$3,863","$70,954",178,"2,890",79.92%,20.08%
,2022-12-01 0:00:00,UberEats,C3,"$319,776","-$254,363","10,316","$69,191","$415,773","-$32,297","-$9,710","-$4,616","-$14,604","$4,118","$75,193",214,"3,096",80.21%,19.79%
,2023-01-01 0:00:00,UberEats,C3,"$312,861","-$248,756","10,307","$67,941","$407,040","-$28,650","-$9,902","-$1,833","-$14,960","$4,154","$77,685",194,"3,003",80.23%,19.77%
,2023-02-01 0:00:00,UberEats,C3,"$304,829","-$242,786","10,062","$65,906","$395,666","-$28,660","-$11,793","-$1,076","-$15,529","$4,043","$70,946",177,"2,967",79.21%,20.79%
,2023-03-01 0:00:00,UberEats,C3,"$342,513","-$274,102","11,273","$74,397","$445,427","-$32,402","-$13,006",-$787,"-$17,595","$4,358","$79,403",201,"3,151",78.71%,21.29%
,2023-04-01 0:00:00,UberEats,C3,"$333,928","-$267,443","10,979","$71,837","$433,398","-$31,451","-$11,801","-$1,549","-$16,794","$4,424","$78,586",188,"3,142",78.38%,21.62%
,2023-05-01 0:00:00,UberEats,C3,"$328,524","-$263,720","10,787","$70,072","$426,177","-$29,639","-$10,769","-$1,526","-$15,931","$5,122","$80,528",193,"3,146",78.89%,21.11%
,2023-06-01 0:00:00,UberEats,C3,"$316,769","-$254,687","10,258","$66,375","$410,075","-$28,237","-$5,251","-$1,531","-$14,748","$5,328","$81,614",203,"3,047",80.04%,19.96%
,2022-06-01 0:00:00,UberEats,D1,"$659,744","-$525,156","25,621","$160,412","$872,896","-$87,475","-$15,161","-$4,532","-$26,543","$9,749","$162,135",547,"7,116",75.31%,24.69%
,2022-07-01 0:00:00,UberEats,D1,"$703,238","-$566,255","27,027","$169,530","$929,215","-$84,987","-$22,407","-$4,529","-$31,305","$10,391","$161,253",575,"7,275",76.45%,23.55%
,2022-08-01 0:00:00,UberEats,D1,"$695,422","-$558,214","26,794","$169,038","$920,581","-$84,770","-$29,827","-$3,938","-$32,748","$10,514","$155,184",543,"7,250",76.55%,23.45%
,2022-09-01 0:00:00,UberEats,D1,"$677,644","-$544,301","25,715","$164,228","$896,404","-$75,573","-$27,028","-$3,631","-$32,877","$10,017","$153,519",484,"7,047",75.68%,24.32%
,2022-10-01 0:00:00,UberEats,D1,"$719,700","-$578,046","26,933","$172,028","$948,961","-$82,328","-$27,978","-$4,266","-$36,713","$10,847","$160,757",516,"7,312",75.27%,24.73%
,2022-11-01 0:00:00,UberEats,D1,"$674,839","-$543,107","25,302","$165,350","$894,288","-$78,562","-$24,784","-$4,410","-$36,219","$10,882","$151,650",465,"7,031",74.31%,25.69%
,2022-12-01 0:00:00,UberEats,D1,"$727,838","-$587,021","26,653","$180,135","$966,003","-$79,264","-$26,751","-$5,220","-$41,704","$11,585","$164,480",488,"7,299",75.01%,24.99%
,2023-01-01 0:00:00,UberEats,D1,"$723,043","-$580,826","26,738","$178,090","$958,859","-$74,187","-$30,308","-$5,995","-$44,261","$11,571","$167,221",526,"7,257",75.79%,24.21%
,2023-02-01 0:00:00,UberEats,D1,"$692,658","-$555,882","25,070","$171,058","$919,018","-$71,696","-$36,641","-$4,281","-$45,665","$11,130","$150,130",467,"7,036",75.59%,24.41%
,2023-03-01 0:00:00,UberEats,D1,"$825,035","-$668,069","30,111","$185,996","$1,076,302","-$84,644","-$42,836","-$5,357","-$46,769","$12,137","$162,143",578,"7,764",75.04%,24.96%
,2022-11-01 0:00:00,Postmates,C1,"$27,403","-$22,338",910,"$4,311","$34,286","-$3,295","-$2,297",-$60,-$524,$411,"$2,436",17,297,82.80%,17.20%
,2022-12-01 0:00:00,Postmates,C1,"$30,000","-$24,286",975,"$4,343","$37,013","-$3,355","-$1,982",-$44,-$543,$396,"$3,216",16,301,84.24%,15.76%
,2023-01-01 0:00:00,Postmates,C1,"$29,221","-$23,506",965,"$4,269","$36,104","-$3,083","-$2,191",-$46,-$553,$389,"$3,242",18,265,83.97%,16.03%
,2023-02-01 0:00:00,Postmates,C1,"$27,273","-$22,078",890,"$4,146","$33,896","-$2,901","-$2,482",-$52,-$552,$356,"$2,895",19,255,83.98%,16.02%
,2023-03-01 0:00:00,Postmates,C1,"$31,169","-$25,195","1,010","$4,755","$38,831","-$3,481","-$2,201",-$238,-$652,$397,"$3,679",23,271,83.93%,16.07%
,2023-04-01 0:00:00,Postmates,C1,"$29,481","-$23,896",960,"$4,490","$36,753","-$3,392","-$2,100",-$137,-$586,$357,"$3,521",23,267,83.08%,16.92%
,2023-05-01 0:00:00,Postmates,C1,"$30,000","-$24,156",970,"$4,524","$37,143","-$3,392","-$2,588",-$94,-$574,$372,"$3,263",24,258,83.09%,16.91%
,2023-06-01 0:00:00,Postmates,C1,"$27,662","-$22,338",910,"$4,198","$34,286","-$3,219","-$1,485",-$190,-$530,$362,"$3,590",22,249,83.79%,16.21%
,2022-06-01 0:00:00,Postmates,C2,"$25,714","-$21,039",883,"$5,109","$33,636","-$2,380",-$947,-$109,-$499,$253,"$5,354",48,393,83.48%,16.52%
,2022-07-01 0:00:00,Postmates,C2,"$26,753","-$21,948",909,"$5,135","$34,805","-$2,397","-$1,238",-$85,-$530,$246,"$4,998",53,403,83.38%,16.62%
,2022-08-01 0:00:00,Postmates,C2,"$27,013","-$22,208",905,"$4,899","$34,805","-$2,436","-$1,914",-$62,-$511,$235,"$4,285",53,394,84.85%,15.15%
,2022-09-01 0:00:00,Postmates,C2,"$26,753","-$21,948",889,"$4,528","$34,156","-$2,205","-$1,806",-$45,-$509,$223,"$3,790",44,400,85.33%,14.67%
,2022-10-01 0:00:00,Postmates,C2,"$28,571","-$23,506",927,"$4,909","$36,623","-$1,991","-$1,852",-$143,-$563,$236,"$3,877",45,381,84.94%,15.06%
,2022-11-01 0:00:00,Postmates,C2,"$25,325","-$20,779",831,"$4,386","$32,468","-$1,941","-$1,640",-$139,-$498,$212,"$3,942",31,341,84.84%,15.16%
,2022-12-01 0:00:00,Postmates,C2,"$25,974","-$21,429",832,"$4,618","$33,377","-$1,931","-$1,280",-$116,-$576,$205,"$4,455",31,333,84.88%,15.12%
,2023-01-01 0:00:00,Postmates,C2,"$24,805","-$20,260",810,"$4,635","$32,078","-$1,713","-$1,739",-$192,-$565,$210,"$4,192",32,266,83.71%,16.29%
,2023-02-01 0:00:00,Postmates,C2,"$23,247","-$19,091",755,"$4,249","$30,000","-$1,523","-$1,607",-$188,-$559,$201,"$3,533",30,259,84.16%,15.84%
,2023-03-01 0:00:00,Postmates,C2,"$30,130","-$24,675",942,"$5,468","$38,701","-$2,001","-$2,916","-$1,166",-$754,$241,"$3,660",68,320,84.06%,15.94%
,2023-04-01 0:00:00,Postmates,C2,"$25,844","-$21,169",820,"$4,831","$33,377","-$1,816","-$1,672",-$521,-$615,$213,"$4,229",31,266,83.65%,16.35%
,2023-05-01 0:00:00,Postmates,C2,"$24,805","-$20,390",797,"$4,777","$32,208","-$1,902","-$2,163",-$194,-$596,$234,"$3,659",32,257,83.45%,16.55%
,2023-06-01 0:00:00,Postmates,C2,"$23,636","-$19,351",760,"$4,887","$30,909","-$1,801","-$1,747",-$394,-$548,$228,"$4,057",41,269,84.29%,15.71%
,2022-06-01 0:00:00,Postmates,C3,"$3,382","-$2,738",107,$603,"$4,257",-$326,-$167,-$39,-$50,$25,$674,11,55,79.85%,20.15%
,2022-07-01 0:00:00,Postmates,C3,"$3,748","-$3,040",115,$639,"$4,687",-$314,-$254,-$38,-$51,$28,$665,13,58,80.88%,19.12%
,2022-08-01 0:00:00,Postmates,C3,"$4,086","-$3,307",122,$667,"$5,076",-$317,-$454,-$30,-$56,$30,$549,13,60,81.76%,18.24%
,2022-09-01 0:00:00,Postmates,C3,"$4,119","-$3,347",124,$631,"$5,075",-$331,-$420,-$13,-$57,$29,$497,11,61,81.37%,18.63%
,2022-10-01 0:00:00,Postmates,C3,"$4,421","-$3,569",130,$700,"$5,469",-$368,-$425,-$41,-$66,$32,$535,10,60,81.56%,18.44%
,2022-11-01 0:00:00,Postmates,C3,"$4,442","-$3,575",130,$636,"$5,428",-$375,-$556,-$47,-$61,$30,$433,8,58,82.43%,17.57%
,2022-12-01 0:00:00,Postmates,C3,"$4,506","-$3,628",129,$575,"$5,429",-$398,-$444,-$40,-$57,$28,$460,8,55,84.07%,15.93%
,2023-01-01 0:00:00,Postmates,C3,"$4,410","-$3,519",128,$582,"$5,332",-$375,-$618,-$69,-$64,$28,$349,10,49,81.71%,18.29%
,2023-02-01 0:00:00,Postmates,C3,"$4,782","-$3,812",138,$640,"$5,790",-$422,-$729,-$79,-$85,$29,$295,10,52,82.18%,17.82%
,2023-03-01 0:00:00,Postmates,C3,"$6,048","-$4,850",172,$802,"$7,312",-$508,-$953,-$364,-$112,$36,$365,19,66,82.41%,17.59%
,2023-04-01 0:00:00,Postmates,C3,"$5,706","-$4,571",164,$761,"$6,903",-$494,-$768,-$163,-$102,$35,$472,10,61,82.29%,17.71%
,2023-05-01 0:00:00,Postmates,C3,"$5,983","-$4,784",172,$807,"$7,252",-$501,"-$1,044",-$89,-$105,$45,$327,11,62,82.06%,17.94%
,2023-06-01 0:00:00,Postmates,C3,"$5,284","-$4,252",152,$693,"$6,389",-$446,-$684,-$177,-$80,$40,$486,15,62,82.17%,17.83%
,2022-06-01 0:00:00,Postmates,D1,"$18,312","-$14,935",680,"$4,068","$23,896","-$1,882",-$649,-$110,-$330,$183,"$4,374",47,293,78.43%,21.57%
,2022-07-01 0:00:00,Postmates,D1,"$19,091","-$15,584",702,"$4,102","$24,675","-$1,943",-$827,-$98,-$362,$183,"$4,109",49,298,77.83%,22.17%
,2022-08-01 0:00:00,Postmates,D1,"$19,740","-$16,104",717,"$4,062","$25,325","-$2,054","-$1,365",-$61,-$375,$187,"$3,547",49,295,78.59%,21.41%
,2022-09-01 0:00:00,Postmates,D1,"$19,610","-$15,974",705,"$3,756","$24,935","-$1,850","-$1,322",-$25,-$351,$179,"$3,319",41,288,78.80%,21.20%
,2022-10-01 0:00:00,Postmates,D1,"$20,000","-$16,234",710,"$3,987","$25,455","-$2,004","-$1,292",-$72,-$396,$184,"$3,504",37,274,77.52%,22.48%
,2022-11-01 0:00:00,Postmates,D1,"$19,221","-$15,714",682,"$3,402","$24,156","-$1,901","-$1,558",-$124,-$361,$176,"$2,646",30,255,77.53%,22.47%
,2022-12-01 0:00:00,Postmates,D1,"$20,260","-$16,494",715,"$3,029","$24,805","-$1,947","-$1,229",-$128,-$274,$150,"$2,722",30,253,78.16%,21.84%
,2023-01-01 0:00:00,Postmates,D1,"$20,000","-$16,234",707,"$3,087","$24,675","-$1,943","-$1,646",-$183,-$308,$160,"$2,501",31,214,77.89%,22.11%
,2023-02-01 0:00:00,Postmates,D1,"$19,221","-$15,455",654,"$3,143","$23,896","-$1,898","-$1,748",-$155,-$382,$151,"$2,281",27,203,78.17%,21.83%
,2023-03-01 0:00:00,Postmates,D1,"$24,545","-$20,000",818,"$3,860","$30,390","-$2,353","-$2,453","-$1,202",-$484,$181,"$2,710",59,252,79.60%,20.40%
,2023-04-01 0:00:00,UberEats,D1,"$795,296","-$642,114","29,195","$178,136","$1,036,489","-$81,435","-$37,850","-$6,910","-$43,873","$12,287","$167,781",607,"7,723",74.33%,25.67%
,2023-05-01 0:00:00,UberEats,D1,"$809,911","-$655,320","29,716","$179,773","$1,052,950","-$86,307","-$41,269","-$5,763","-$42,008","$14,170","$170,395",606,"7,854",75.62%,24.38%
,2023-06-01 0:00:00,UberEats,D1,"$790,384","-$639,394","29,074","$174,842","$1,027,103","-$79,394","-$27,697","-$6,586","-$40,725","$14,590","$172,897",655,"7,785",75.19%,24.81%
,2022-06-01 0:00:00,UberEats,D2,"$207,631","-$165,383","7,330","$51,580","$275,364","-$28,691","-$4,720","-$1,541","-$8,783","$3,677","$50,756",187,"2,363",73.84%,26.16%
,2022-07-01 0:00:00,UberEats,D2,"$216,837","-$174,024","7,539","$53,472","$289,566","-$25,244","-$6,838","-$1,424","-$11,261","$4,033","$51,368",189,"2,374",75.88%,24.12%
,2022-08-01 0:00:00,UberEats,D2,"$221,183","-$177,481","7,684","$56,293","$296,706","-$27,865","-$9,453","-$1,341","-$13,037","$4,103","$47,205",185,"2,408",75.74%,24.26%
,2022-09-01 0:00:00,UberEats,D2,"$215,598","-$173,080","7,408","$54,105","$288,398","-$26,453","-$7,655","-$1,428","-$12,636","$3,859","$41,851",179,"2,373",74.80%,25.20%
,2022-10-01 0:00:00,UberEats,D2,"$234,879","-$188,527","7,995","$55,851","$311,007","-$24,798","-$8,693","-$1,584","-$12,862","$4,111","$45,838",188,"2,496",75.71%,24.29%
,2022-11-01 0:00:00,UberEats,D2,"$216,881","-$174,191","7,359","$54,460","$290,205","-$24,983","-$7,333","-$1,666","-$13,197","$4,148","$47,319",172,"2,356",74.69%,25.31%
,2022-12-01 0:00:00,UberEats,D2,"$224,676","-$181,330","7,439","$57,696","$301,850","-$26,053","-$7,956","-$1,841","-$15,120","$4,326","$48,492",176,"2,407",74.71%,25.29%
,2023-01-01 0:00:00,UberEats,D2,"$236,570","-$190,814","7,951","$60,213","$316,541","-$25,722","-$9,710","-$1,954","-$16,651","$4,457","$53,006",191,"2,457",75.08%,24.92%
,2023-02-01 0:00:00,UberEats,D2,"$227,554","-$183,584","7,714","$57,411","$303,667","-$24,076","-$11,129","-$1,224","-$15,871","$4,254","$49,254",168,"2,391",74.49%,25.51%
,2023-03-01 0:00:00,UberEats,D2,"$268,582","-$217,661","8,997","$66,624","$357,084","-$25,638","-$13,600","-$1,033","-$18,543","$4,578","$56,749",195,"2,600",74.64%,25.36%
,2023-04-01 0:00:00,UberEats,D2,"$261,336","-$211,741","8,790","$64,297","$346,858","-$27,597","-$11,335","-$1,719","-$17,526","$4,589","$56,428",186,"2,573",74.38%,25.62%
,2023-05-01 0:00:00,UberEats,D2,"$261,562","-$212,102","8,811","$60,829","$343,404","-$28,337","-$11,917","-$1,681","-$15,587","$5,215","$55,461",201,"2,621",75.00%,25.00%
,2023-06-01 0:00:00,UberEats,D2,"$256,308","-$208,262","8,546","$60,054","$337,094","-$26,615","-$6,017","-$1,780","-$15,234","$5,398","$57,431",213,"2,610",74.81%,25.19%
,2022-06-01 0:00:00,UberEats,E1,"$52,830","-$42,317","2,117","$14,965","$71,941","-$6,592","-$1,140",-$442,"-$2,919","$1,007","$15,021",54,660,58.50%,41.50%
,2022-07-01 0:00:00,UberEats,E1,"$55,291","-$44,747","2,193","$15,867","$75,530","-$6,269","-$1,409",-$441,"-$3,434","$1,051","$15,572",55,667,60.70%,39.30%
,2022-08-01 0:00:00,UberEats,E1,"$51,879","-$41,818","2,088","$15,095","$71,151","-$5,814","-$1,675",-$365,"-$3,369","$1,075","$14,511",49,646,61.67%,38.33%
,2022-09-01 0:00:00,UberEats,E1,"$49,883","-$40,241","1,968","$14,118","$68,017","-$5,091","-$1,500",-$327,"-$3,232","$1,026","$13,572",45,618,60.13%,39.87%
,2022-10-01 0:00:00,UberEats,E1,"$55,549","-$44,813","2,178","$14,764","$74,761","-$6,497","-$1,612",-$394,"-$3,386","$1,103","$13,721",50,658,58.20%,41.80%
,2022-11-01 0:00:00,UberEats,E1,"$54,959","-$44,364","2,153","$15,654","$75,026","-$6,607","-$1,429",-$417,"-$3,748","$1,089","$14,395",48,658,58.01%,41.99%
,2022-12-01 0:00:00,UberEats,E1,"$57,913","-$46,842","2,195","$16,488","$79,030","-$6,278","-$1,541",-$433,"-$4,249","$1,156","$15,297",49,679,58.76%,41.24%
,2023-01-01 0:00:00,UberEats,E1,"$57,628","-$46,404","2,216","$16,218","$78,470","-$6,195","-$1,739",-$395,"-$4,513","$1,165","$15,225",49,658,59.43%,40.57%
,2023-02-01 0:00:00,UberEats,E1,"$56,002","-$45,003","2,138","$15,886","$76,387","-$5,824","-$1,707",-$242,"-$4,548","$1,133","$14,774",44,650,59.47%,40.53%
,2023-03-01 0:00:00,UberEats,E1,"$61,944","-$49,954","2,359","$17,286","$84,155","-$6,209","-$1,502",-$185,"-$5,002","$1,189","$16,276",53,687,58.87%,41.13%
,2023-04-01 0:00:00,UberEats,E1,"$59,505","-$47,979","2,265","$16,679","$80,907","-$6,635","-$1,277",-$265,"-$4,859","$1,203","$15,343",45,661,58.37%,41.63%
,2023-05-01 0:00:00,UberEats,E1,"$60,265","-$48,676","2,303","$17,064","$82,102","-$6,797","-$1,579",-$298,"-$4,940","$1,396","$15,601",47,672,58.48%,41.52%
,2023-06-01 0:00:00,UberEats,E1,"$57,390","-$46,303","2,184","$16,041","$77,996","-$5,985",-$881,-$336,"-$4,578","$1,426","$15,732",51,657,58.77%,41.23%
,2022-06-01 0:00:00,UberEats,F1,"$15,790","-$12,668",581,"$4,368","$21,652","-$2,235",-$396,-$235,-$744,$380,"$4,151",22,199,63.68%,36.32%
,2022-07-01 0:00:00,UberEats,F1,"$17,205","-$13,947",637,"$5,063","$23,924","-$2,346",-$390,-$244,"-$1,103",$400,"$4,496",26,213,63.72%,36.28%
,2022-08-01 0:00:00,UberEats,F1,"$16,306","-$13,171",616,"$4,863","$22,762","-$2,242",-$375,-$216,"-$1,120",$414,"$4,290",23,203,63.77%,36.23%
,2022-09-01 0:00:00,UberEats,F1,"$16,215","-$13,055",596,"$4,757","$22,552","-$2,016",-$484,-$219,"-$1,175",$413,"$4,137",23,198,63.56%,36.44%
,2022-10-01 0:00:00,UberEats,F1,"$16,842","-$13,529",606,"$4,931","$23,415","-$1,901",-$395,-$219,"-$1,268",$453,"$4,631",21,199,63.55%,36.45%
,2022-11-01 0:00:00,UberEats,F1,"$15,128","-$12,183",551,"$4,526","$21,135","-$1,814",-$228,-$233,"-$1,192",$436,"$4,220",20,192,61.83%,38.17%
,2022-12-01 0:00:00,UberEats,F1,"$16,499","-$13,282",586,"$4,966","$23,075","-$2,032",-$291,-$272,"-$1,385",$450,"$4,534",22,203,62.35%,37.65%
,2023-01-01 0:00:00,UberEats,F1,"$16,817","-$13,487",610,"$5,120","$23,586","-$1,988",-$418,-$263,"-$1,523",$456,"$4,371",24,202,64.17%,35.83%
,2023-02-01 0:00:00,UberEats,F1,"$17,397","-$13,934",619,"$5,257","$24,272","-$2,091",-$551,-$133,"-$1,558",$444,"$4,314",21,205,63.84%,36.16%
,2023-03-01 0:00:00,UberEats,F1,"$20,654","-$16,614",728,"$6,252","$28,912","-$2,730",-$934,-$111,"-$1,912",$473,"$4,271",26,229,61.54%,38.46%
,2023-04-01 0:00:00,UberEats,F1,"$19,589","-$15,757",688,"$6,014","$27,499","-$2,412",-$892,-$242,"-$1,849",$472,"$4,220",25,224,59.33%,40.67%
,2023-05-01 0:00:00,UberEats,F1,"$18,873","-$15,202",669,"$5,892","$26,548","-$2,384",-$704,-$261,"-$1,823",$550,"$4,524",26,219,61.48%,38.52%
,2023-06-01 0:00:00,UberEats,F1,"$18,178","-$14,653",645,"$5,628","$25,594","-$2,187",-$590,-$273,"-$1,733",$560,"$4,486",28,220,62.36%,37.64%
,2022-06-01 0:00:00,UberEats,G1,"$23,699","-$18,939",866,"$6,744","$32,949","-$3,446",-$824,-$536,"-$1,461",$717,"$5,972",52,342,66.71%,33.29%
,2022-07-01 0:00:00,UberEats,G1,"$25,410","-$20,496",924,"$7,540","$35,672","-$3,398","-$1,001",-$488,"-$2,125",$783,"$6,198",52,352,67.97%,32.03%
,2023-04-01 0:00:00,Postmates,D1,"$22,338","-$18,052",762,"$3,597","$27,662","-$2,170","-$1,938",-$490,-$428,$170,"$3,052",34,230,78.51%,21.49%
,2023-05-01 0:00:00,Postmates,D1,"$23,506","-$19,091",790,"$3,696","$28,961","-$2,325","-$3,109",-$359,-$435,$196,"$2,128",41,234,79.26%,20.74%
,2023-06-01 0:00:00,Postmates,D1,"$21,429","-$17,403",733,"$3,406","$26,494","-$2,116","-$1,909",-$706,-$371,$181,"$2,640",53,241,78.86%,21.14%
,2022-06-01 0:00:00,Postmates,D2,"$27,013","-$22,078",917,"$5,474","$34,675","-$3,061",-$890,-$64,-$593,$348,"$5,641",33,364,80.99%,19.01%
,2022-07-01 0:00:00,Postmates,D2,"$27,143","-$22,208",913,"$5,384","$34,805","-$2,728",-$965,-$50,-$532,$333,"$5,621",32,356,81.12%,18.88%
,2022-08-01 0:00:00,Postmates,D2,"$27,143","-$22,338",912,"$5,271","$34,805","-$2,938","-$1,413",-$22,-$588,$323,"$4,685",32,352,81.13%,18.87%
,2022-09-01 0:00:00,Postmates,D2,"$26,753","-$21,948",880,"$4,750","$33,766","-$2,594","-$1,337",-$19,-$503,$297,"$3,863",27,349,82.06%,17.94%
,2022-10-01 0:00:00,Postmates,D2,"$27,273","-$22,338",889,"$4,908","$34,545","-$2,376","-$1,388",-$83,-$503,$307,"$4,131",26,330,82.19%,17.81%
,2022-11-01 0:00:00,Postmates,D2,"$24,416","-$19,870",790,"$4,523","$30,909","-$2,320","-$1,258",-$64,-$491,$290,"$4,101",19,291,81.30%,18.70%
,2022-12-01 0:00:00,Postmates,D2,"$24,675","-$20,130",770,"$4,609","$31,299","-$2,366","-$1,188",-$49,-$549,$284,"$4,271",17,278,82.91%,17.09%
,2023-01-01 0:00:00,Postmates,D2,"$24,416","-$19,870",766,"$4,646","$31,039","-$2,363","-$1,453",-$29,-$568,$286,"$4,344",17,235,82.38%,17.62%
,2023-02-01 0:00:00,Postmates,D2,"$22,468","-$18,182",712,"$4,301","$28,571","-$2,032","-$1,266",-$28,-$494,$261,"$4,212",13,220,81.85%,18.15%
,2023-03-01 0:00:00,Postmates,D2,"$25,844","-$21,169",810,"$4,868","$32,857","-$2,281","-$1,433",-$170,-$546,$278,"$4,843",20,235,82.25%,17.75%
,2023-04-01 0:00:00,Postmates,D2,"$24,675","-$20,130",782,"$4,814","$31,558","-$2,433","-$1,040",-$82,-$520,$251,"$5,042",13,222,81.56%,18.44%
,2023-05-01 0:00:00,Postmates,D2,"$23,896","-$19,481",758,"$4,750","$30,519","-$2,320","-$1,321",-$78,-$504,$263,"$4,913",15,213,81.74%,18.26%
,2023-06-01 0:00:00,Postmates,D2,"$21,818","-$17,792",682,"$4,848","$28,442","-$2,136",-$705,-$72,-$531,$263,"$5,099",14,204,82.69%,17.31%
,2022-06-01 0:00:00,Postmates,E1,"$2,138","-$1,752",86,$536,"$2,839",-$258,-$71,-$7,-$41,$27,$530,4,31,58.11%,41.89%
,2022-07-01 0:00:00,Postmates,E1,"$2,398","-$1,975",94,$573,"$3,159",-$289,-$110,-$8,-$49,$27,$525,5,32,59.23%,40.77%
,2022-08-01 0:00:00,Postmates,E1,"$2,249","-$1,851",91,$527,"$2,957",-$272,-$137,-$2,-$46,$26,$442,4,30,59.20%,40.80%
,2022-09-01 0:00:00,Postmates,E1,"$1,908","-$1,571",76,$420,"$2,482",-$204,-$132,-$5,-$33,$23,$330,4,27,60.22%,39.78%
,2022-10-01 0:00:00,Postmates,E1,"$2,190","-$1,799",86,$485,"$2,852",-$262,-$128,-$13,-$45,$24,$395,3,27,56.79%,43.21%
,2022-11-01 0:00:00,Postmates,E1,"$2,212","-$1,818",88,$436,"$2,825",-$275,-$181,-$10,-$46,$24,$288,3,27,55.71%,44.29%
,2022-12-01 0:00:00,Postmates,E1,"$2,266","-$1,867",88,$363,"$2,811",-$251,-$127,-$9,-$33,$23,$301,3,28,59.14%,40.86%
,2023-01-01 0:00:00,Postmates,E1,"$2,213","-$1,806",87,$365,"$2,755",-$254,-$153,-$13,-$36,$21,$288,3,23,56.59%,43.41%
,2023-02-01 0:00:00,Postmates,E1,"$2,108","-$1,716",81,$382,"$2,658",-$237,-$166,-$13,-$40,$18,$276,3,22,57.19%,42.81%
,2023-03-01 0:00:00,Postmates,E1,"$2,546","-$2,076",94,$438,"$3,186",-$261,-$228,-$81,-$47,$20,$309,5,26,57.52%,42.48%
,2023-04-01 0:00:00,Postmates,E1,"$2,330","-$1,896",89,$417,"$2,932",-$288,-$173,-$21,-$42,$19,$293,3,24,55.23%,44.77%
,2023-05-01 0:00:00,Postmates,E1,"$2,464","-$2,008",94,$432,"$3,090",-$300,-$262,-$10,-$49,$24,$237,4,24,53.94%,46.06%
,2023-06-01 0:00:00,Postmates,E1,"$2,262","-$1,844",85,$391,"$2,832",-$251,-$164,-$38,-$40,$22,$309,4,23,56.34%,43.66%
,2022-06-01 0:00:00,Postmates,F1,"$2,245","-$1,822",79,$583,"$3,037",-$276,-$89,-$8,-$73,$49,$568,3,27,65.20%,34.80%
,2022-07-01 0:00:00,Postmates,F1,"$2,294","-$1,869",81,$582,"$3,090",-$287,-$117,-$5,-$74,$44,$521,3,27,63.98%,36.02%
,2022-08-01 0:00:00,Postmates,F1,"$2,216","-$1,804",78,$547,"$2,971",-$281,-$144,-$3,-$71,$41,$456,3,25,65.52%,34.48%
,2022-09-01 0:00:00,Postmates,F1,"$2,121","-$1,724",74,$494,"$2,813",-$245,-$164,-$1,-$63,$37,$383,3,25,64.46%,35.54%
,2022-10-01 0:00:00,Postmates,F1,"$2,118","-$1,723",73,$499,"$2,815",-$228,-$143,-$9,-$63,$38,$431,2,23,65.46%,34.54%
,2022-11-01 0:00:00,Postmates,F1,"$1,952","-$1,587",66,$390,"$2,520",-$212,-$169,-$2,-$49,$32,$291,2,22,66.52%,33.48%
,2022-12-01 0:00:00,Postmates,F1,"$2,239","-$1,821",75,$341,"$2,776",-$256,-$164,-$6,-$37,$29,$273,2,23,64.96%,35.04%
,2023-01-01 0:00:00,Postmates,F1,"$2,250","-$1,818",76,$356,"$2,805",-$254,-$193,-$5,-$42,$29,$237,2,20,65.73%,34.27%
,2023-02-01 0:00:00,Postmates,F1,"$2,239","-$1,803",73,$414,"$2,850",-$258,-$206,-$2,-$58,$30,$270,2,20,66.31%,33.69%
,2023-03-01 0:00:00,Postmates,F1,"$2,604","-$2,108",86,$492,"$3,329",-$330,-$220,-$34,-$66,$30,$278,4,23,64.48%,35.52%
,2023-04-01 0:00:00,Postmates,F1,"$2,355","-$1,905",78,$445,"$3,010",-$282,-$157,-$20,-$61,$27,$302,2,21,63.13%,36.87%
,2023-05-01 0:00:00,Postmates,F1,"$2,365","-$1,912",80,$450,"$3,024",-$302,-$190,-$7,-$59,$30,$289,3,20,61.76%,38.24%
,2023-06-01 0:00:00,Postmates,F1,"$2,139","-$1,733",71,$405,"$2,736",-$261,-$145,-$16,-$54,$28,$291,3,20,63.61%,36.39%
,2022-06-01 0:00:00,Postmates,G1,"$1,821","-$1,489",67,$421,"$2,423",-$231,-$81,-$15,-$39,$28,$396,6,31,67.76%,32.24%
,2022-07-01 0:00:00,Postmates,G1,"$1,805","-$1,487",67,$409,"$2,395",-$226,-$107,-$12,-$38,$27,$356,6,30,65.83%,34.17%
,2022-08-01 0:00:00,UberEats,G1,"$24,548","-$19,687",913,"$7,335","$34,546","-$3,244","-$1,008",-$484,"-$2,097",$783,"$6,185",53,351,67.67%,32.33%
,2022-09-01 0:00:00,UberEats,G1,"$24,599","-$19,694",905,"$7,308","$34,574","-$3,126","-$1,121",-$477,"-$2,104",$764,"$5,874",51,349,65.82%,34.18%
,2022-10-01 0:00:00,UberEats,G1,"$26,157","-$20,904",949,"$7,910","$36,919","-$3,231","-$1,056",-$523,"-$2,430",$846,"$6,107",52,362,65.23%,34.77%
,2022-11-01 0:00:00,UberEats,G1,"$24,706","-$19,829",903,"$7,411","$34,802","-$3,128",-$780,-$586,"-$2,299",$804,"$5,335",48,351,64.09%,35.91%
,2022-12-01 0:00:00,UberEats,G1,"$26,384","-$21,154",948,"$8,121","$37,366","-$3,276",-$997,-$617,"-$2,711",$847,"$5,898",50,362,64.54%,35.46%
,2023-01-01 0:00:00,UberEats,G1,"$27,091","-$21,622",990,"$8,374","$38,403","-$3,272","-$1,306",-$607,"-$2,950",$855,"$5,443",56,366,66.04%,33.96%
,2023-02-01 0:00:00,UberEats,G1,"$27,137","-$21,656",985,"$8,390","$38,341","-$3,104","-$1,508",-$313,"-$3,023",$827,"$5,733",46,362,64.15%,35.85%
,2023-03-01 0:00:00,UberEats,G1,"$31,822","-$25,533","1,144","$9,694","$44,926","-$3,564","-$2,092",-$238,"-$3,556",$903,"$4,827",59,412,63.80%,36.20%
,2023-04-01 0:00:00,UberEats,G1,"$31,233","-$25,088","1,116","$9,533","$44,081","-$3,502","-$1,909",-$559,"-$3,472",$912,"$4,778",56,403,63.69%,36.31%
,2023-05-01 0:00:00,UberEats,G1,"$29,742","-$23,776","1,062","$9,233","$42,068","-$3,477","-$1,605",-$558,"-$3,398","$1,059","$5,781",57,388,64.35%,35.65%
,2023-06-01 0:00:00,UberEats,G1,"$28,929","-$23,135","1,022","$8,814","$40,846","-$3,330","-$1,285",-$552,"-$3,202","$1,084","$6,381",60,380,65.58%,34.42%
,2022-06-01 0:00:00,UberEats,H1,"$485,214","-$385,758","18,371","$114,443","$638,314","-$68,135","-$11,654","-$4,319","-$13,897","$6,714","$120,818",505,"5,534",76.61%,23.39%
,2022-07-01 0:00:00,UberEats,H1,"$512,821","-$411,680","19,036","$120,897","$674,677","-$64,677","-$16,841","-$4,325","-$20,838","$7,456","$112,515",521,"5,625",78.34%,21.66%
,2022-08-01 0:00:00,UberEats,H1,"$512,222","-$410,252","19,047","$121,534","$675,015","-$64,627","-$23,145","-$3,820","-$22,279","$7,631","$112,693",490,"5,611",78.86%,21.14%
,2022-09-01 0:00:00,UberEats,H1,"$497,271","-$398,060","18,275","$118,091","$655,365","-$56,194","-$20,139","-$3,560","-$22,618","$7,326","$110,116",439,"5,450",77.96%,22.04%
,2022-10-01 0:00:00,UberEats,H1,"$534,757","-$427,882","19,408","$122,961","$700,203","-$61,672","-$21,121","-$3,998","-$24,227","$7,903","$115,918",468,"5,651",77.69%,22.31%
,2022-11-01 0:00:00,UberEats,H1,"$504,230","-$404,715","18,180","$120,124","$664,804","-$59,228","-$19,176","-$4,143","-$25,001","$7,997","$116,573",419,"5,471",77.21%,22.79%
,2022-12-01 0:00:00,UberEats,H1,"$531,324","-$426,234","18,801","$127,290","$700,998","-$59,200","-$20,825","-$4,811","-$28,291","$8,492","$125,020",421,"5,567",77.84%,22.16%
,2023-01-01 0:00:00,UberEats,H1,"$539,860","-$432,627","19,383","$129,368","$712,267","-$56,470","-$24,387","-$5,806","-$30,967","$8,617","$126,299",476,"5,624",78.34%,21.66%
,2023-02-01 0:00:00,UberEats,H1,"$530,992","-$426,203","18,860","$126,988","$700,344","-$56,604","-$28,942","-$3,990","-$31,352","$8,189","$116,018",426,"5,578",78.02%,21.98%
,2023-03-01 0:00:00,UberEats,H1,"$629,544","-$508,209","22,234","$139,459","$818,577","-$67,380","-$35,615","-$5,196","-$33,660","$8,960","$121,250",552,"6,214",77.59%,22.41%
,2023-04-01 0:00:00,UberEats,H1,"$611,782","-$493,416","21,643","$133,137","$793,151","-$65,690","-$31,189","-$5,610","-$31,329","$9,100","$122,755",539,"6,209",77.07%,22.93%
,2023-05-01 0:00:00,UberEats,H1,"$621,782","-$502,855","22,268","$134,754","$805,154","-$67,979","-$31,294","-$5,715","-$30,631","$10,612","$128,390",579,"6,345",76.87%,23.13%
,2023-06-01 0:00:00,UberEats,H1,"$609,115","-$492,607","21,810","$131,655","$788,403","-$62,761","-$24,489","-$7,233","-$30,061","$11,026","$129,646",627,"6,312",76.74%,23.26%
,2022-06-01 0:00:00,UberEats,I1,"$76,534","-$61,231","2,956","$19,320","$101,709","-$19,972","-$1,957","-$1,170","-$2,121","$1,037","$10,494",116,"1,062",55.45%,44.55%
,2022-07-01 0:00:00,UberEats,I1,"$81,397","-$65,838","3,106","$20,027","$107,686","-$19,539","-$2,564","-$1,182","-$3,102","$1,139","$9,732",126,"1,101",59.27%,40.73%
,2022-08-01 0:00:00,UberEats,I1,"$76,951","-$62,116","2,988","$20,383","$103,244","-$18,461","-$2,359","-$1,019","-$3,210","$1,186","$11,467",111,"1,056",59.85%,40.15%
,2022-09-01 0:00:00,UberEats,I1,"$77,910","-$62,716","2,940","$20,723","$104,602","-$18,347","-$3,014",-$970,"-$3,445","$1,220","$11,302",104,"1,047",59.39%,40.61%
,2022-10-01 0:00:00,UberEats,I1,"$80,415","-$64,638","2,976","$22,887","$109,493","-$18,674","-$2,335",-$977,"-$4,522","$1,412","$13,464",100,"1,053",58.12%,41.88%
,2022-11-01 0:00:00,UberEats,I1,"$79,198","-$63,771","2,956","$21,454","$106,717","-$18,784","-$1,934","-$1,065","-$4,030","$1,373","$13,036",99,"1,055",56.91%,43.09%
,2022-12-01 0:00:00,UberEats,I1,"$84,317","-$68,029","3,090","$23,216","$113,946","-$18,016","-$2,439","-$1,069","-$4,853","$1,496","$14,821",98,"1,090",57.52%,42.48%
,2023-01-01 0:00:00,UberEats,I1,"$83,277","-$66,930","3,076","$22,956","$112,584","-$16,502","-$2,825","-$1,108","-$5,228","$1,528","$15,829",105,"1,084",59.44%,40.56%
,2023-02-01 0:00:00,UberEats,I1,"$81,672","-$65,780","2,993","$22,185","$110,115","-$15,807","-$3,404",-$610,"-$5,041","$1,483","$14,944",93,"1,073",57.97%,42.03%
,2023-03-01 0:00:00,UberEats,I1,"$93,260","-$75,383","3,403","$24,776","$125,126","-$17,925","-$3,700",-$509,"-$5,626","$1,570","$16,280",109,"1,159",57.00%,43.00%
,2023-04-01 0:00:00,UberEats,I1,"$87,172","-$70,452","3,180","$23,654","$117,526","-$16,921","-$3,117","-$1,055","-$5,454","$1,620","$16,231",100,"1,112",56.36%,43.64%
,2023-05-01 0:00:00,UberEats,I1,"$87,029","-$70,633","3,183","$24,303","$117,969","-$16,878","-$2,843","-$1,070","-$5,606","$1,916","$17,165",110,"1,133",56.33%,43.67%
,2023-06-01 0:00:00,UberEats,I1,"$79,261","-$64,474","2,869","$24,348","$109,689","-$14,970","-$1,927",-$957,"-$5,085","$1,994","$18,357",102,"1,053",57.11%,42.89%
,2022-06-01 0:00:00,UberEats,K1,"$49,523","-$40,103","1,889","$13,005","$67,671","-$7,603","-$1,342",-$908,"-$2,047","$1,092","$11,378",94,716,66.74%,33.26%
,2022-07-01 0:00:00,UberEats,K1,"$54,130","-$44,304","2,062","$14,423","$74,178","-$7,750","-$2,172",-$917,"-$3,300","$1,229","$10,545",103,761,68.09%,31.91%
,2022-08-01 0:00:00,UberEats,K1,"$52,706","-$43,137","2,037","$14,141","$72,334","-$7,626","-$2,056",-$910,"-$3,390","$1,267","$10,459",103,750,67.75%,32.25%
,2022-09-01 0:00:00,UberEats,K1,"$50,991","-$41,683","1,920","$13,547","$69,850","-$7,088","-$1,550",-$846,"-$3,460","$1,250","$10,349",89,708,65.86%,34.14%
,2022-10-01 0:00:00,UberEats,K1,"$55,029","-$44,945","2,027","$14,372","$75,083","-$7,677","-$1,462",-$982,"-$3,779","$1,337","$10,655",94,737,67.30%,32.70%
,2022-11-01 0:00:00,UberEats,K1,"$53,636","-$43,922","1,969","$14,366","$73,873","-$8,087","-$1,649","-$1,065","-$3,865","$1,314","$9,960",90,736,66.54%,33.46%
,2022-12-01 0:00:00,UberEats,K1,"$57,908","-$47,392","2,086","$15,954","$79,839","-$9,074","-$2,232","-$1,157","-$4,705","$1,402","$10,210",95,764,67.44%,32.56%
,2022-08-01 0:00:00,Postmates,G1,"$1,837","-$1,510",69,$398,"$2,420",-$230,-$139,-$8,-$37,$27,$312,5,30,68.52%,31.48%
,2022-09-01 0:00:00,Postmates,G1,"$1,900","-$1,574",69,$366,"$2,455",-$212,-$151,-$8,-$34,$27,$269,5,32,66.27%,33.73%
,2022-10-01 0:00:00,Postmates,G1,"$1,836","-$1,509",68,$375,"$2,396",-$213,-$120,-$10,-$34,$25,$280,4,29,64.87%,35.13%
,2022-11-01 0:00:00,Postmates,G1,"$1,851","-$1,519",68,$339,"$2,375",-$222,-$179,-$12,-$35,$24,$143,3,28,63.85%,36.15%
,2022-12-01 0:00:00,Postmates,G1,"$2,044","-$1,682",74,$317,"$2,561",-$246,-$140,-$10,-$28,$23,$180,4,28,65.42%,34.58%
,2023-01-01 0:00:00,Postmates,G1,"$1,966","-$1,599",72,$320,"$2,480",-$235,-$166,-$21,-$31,$21,$141,4,22,64.67%,35.33%
,2023-02-01 0:00:00,Postmates,G1,"$1,889","-$1,529",66,$330,"$2,406",-$215,-$195,-$12,-$42,$22,$154,3,21,64.80%,35.20%
,2023-03-01 0:00:00,Postmates,G1,"$2,345","-$1,905",81,$408,"$2,986",-$263,-$224,-$64,-$53,$23,$124,6,26,65.41%,34.59%
,2023-04-01 0:00:00,Postmates,G1,"$2,166","-$1,757",75,$378,"$2,757",-$258,-$173,-$26,-$46,$21,$114,4,24,65.10%,34.90%
,2023-05-01 0:00:00,Postmates,G1,"$2,065","-$1,675",73,$361,"$2,629",-$259,-$182,-$17,-$40,$23,$153,4,23,63.76%,36.24%
,2023-06-01 0:00:00,Postmates,G1,"$2,022","-$1,639",73,$357,"$2,580",-$268,-$153,-$24,-$38,$23,$186,4,23,64.11%,35.89%
,2022-06-01 0:00:00,Postmates,H1,"$13,766","-$11,189",500,"$2,800","$17,662","-$1,380",-$524,-$83,-$201,$125,"$3,177",34,219,79.67%,20.33%
,2022-07-01 0:00:00,Postmates,H1,"$14,286","-$11,714",520,"$2,870","$18,312","-$1,473",-$696,-$85,-$220,$122,"$2,760",37,222,78.89%,21.11%
,2022-08-01 0:00:00,Postmates,H1,"$14,545","-$11,926",526,"$2,804","$18,571","-$1,550","-$1,121",-$48,-$224,$121,"$2,393",38,217,79.29%,20.71%
,2022-09-01 0:00:00,Postmates,H1,"$14,156","-$11,586",508,"$2,541","$17,792","-$1,306","-$1,056",-$30,-$204,$114,"$2,137",31,212,80.01%,19.99%
,2022-10-01 0:00:00,Postmates,H1,"$14,545","-$11,877",513,"$2,624","$18,312","-$1,434","-$1,049",-$54,-$211,$121,"$2,204",28,204,78.71%,21.29%
,2022-11-01 0:00:00,Postmates,H1,"$14,156","-$11,578",497,"$2,316","$17,662","-$1,465","-$1,273",-$79,-$206,$115,"$1,758",22,192,79.20%,20.80%
,2022-12-01 0:00:00,Postmates,H1,"$14,675","-$11,998",506,"$2,124","$18,052","-$1,429",-$990,-$85,-$190,$110,"$1,967",21,184,79.53%,20.47%
,2023-01-01 0:00:00,Postmates,H1,"$14,416","-$11,648",503,"$2,152","$17,662","-$1,403","-$1,423",-$173,-$211,$109,"$1,613",25,155,78.96%,21.04%
,2023-02-01 0:00:00,Postmates,H1,"$14,416","-$11,622",487,"$2,187","$17,662","-$1,414","-$1,520",-$215,-$238,$103,"$1,506",23,154,79.62%,20.38%
,2023-03-01 0:00:00,Postmates,H1,"$18,831","-$15,325",617,"$2,781","$23,117","-$1,829","-$2,198","-$1,174",-$326,$127,"$1,660",54,200,80.14%,19.86%
,2023-04-01 0:00:00,Postmates,H1,"$16,883","-$13,636",562,"$2,525","$20,779","-$1,673","-$1,746",-$381,-$299,$121,"$1,780",27,175,79.36%,20.64%
,2023-05-01 0:00:00,Postmates,H1,"$18,312","-$14,805",613,"$2,739","$22,468","-$1,853","-$2,702",-$347,-$322,$150,"$1,192",36,184,78.65%,21.35%
,2023-06-01 0:00:00,Postmates,H1,"$16,364","-$13,247",560,"$2,491","$20,130","-$1,668","-$1,811",-$594,-$265,$134,"$1,586",45,191,78.82%,21.18%
,2022-06-01 0:00:00,Postmates,I1,"$32,468","-$26,104","1,154","$8,053","$43,117","-$7,070","-$1,334",-$68,"-$1,035",$599,"$5,043",31,422,63.68%,36.32%
,2022-07-01 0:00:00,Postmates,I1,"$32,468","-$26,234","1,140","$8,056","$42,987","-$6,822","-$1,456",-$58,"-$1,088",$568,"$4,744",28,410,64.91%,35.09%
,2022-08-01 0:00:00,Postmates,I1,"$31,429","-$25,455","1,102","$8,105","$41,948","-$6,635","-$2,136",-$22,"-$1,017",$548,"$4,443",27,392,66.66%,33.34%
,2022-09-01 0:00:00,Postmates,I1,"$30,390","-$24,675","1,051","$7,516","$40,260","-$6,324","-$2,116",-$45,-$949,$522,"$3,958",24,381,65.79%,34.21%
,2022-10-01 0:00:00,Postmates,I1,"$31,429","-$25,455","1,079","$7,847","$41,818","-$6,609","-$1,970",-$59,-$988,$534,"$4,269",21,378,63.65%,36.35%
,2022-11-01 0:00:00,Postmates,I1,"$27,662","-$22,338",955,"$7,811","$37,662","-$5,813",-$874,-$86,"-$1,078",$527,"$5,479",17,338,63.27%,36.73%
,2022-12-01 0:00:00,Postmates,I1,"$28,442","-$22,987",954,"$8,089","$38,831","-$5,363",-$916,-$73,"-$1,226",$526,"$6,124",17,330,64.71%,35.29%
,2023-01-01 0:00:00,Postmates,I1,"$26,104","-$21,039",880,"$7,472","$35,584","-$4,677",-$982,-$73,"-$1,171",$510,"$6,002",16,292,65.03%,34.97%
,2023-02-01 0:00:00,Postmates,I1,"$24,545","-$19,740",820,"$6,987","$33,506","-$4,292",-$834,-$101,"-$1,077",$487,"$5,778",15,280,65.90%,34.10%
,2023-03-01 0:00:00,Postmates,I1,"$28,571","-$23,117",945,"$8,035","$38,831","-$4,950","-$1,387",-$321,"-$1,259",$534,"$6,176",23,309,65.19%,34.81%
,2023-04-01 0:00:00,Postmates,I1,"$25,065","-$20,260",846,"$7,106","$34,156","-$4,521",-$778,-$90,"-$1,054",$468,"$5,945",13,274,64.25%,35.75%
,2023-05-01 0:00:00,Postmates,I1,"$25,455","-$20,649",852,"$7,174","$34,675","-$4,567","-$1,098",-$103,"-$1,020",$481,"$5,809",17,276,65.53%,34.47%
,2023-06-01 0:00:00,Postmates,I1,"$22,727","-$18,312",761,"$7,043","$31,558","-$4,065",-$647,-$132,-$813,$441,"$6,065",15,256,65.92%,34.08%
,2022-06-01 0:00:00,Postmates,K1,"$11,047","-$9,035",395,"$2,785","$14,935","-$1,350",-$433,-$31,-$372,$256,"$2,663",15,154,76.51%,23.49%
,2022-07-01 0:00:00,Postmates,K1,"$11,134","-$9,157",393,"$2,702","$14,935","-$1,312",-$542,-$49,-$388,$236,"$2,325",16,153,75.80%,24.20%
,2022-08-01 0:00:00,Postmates,K1,"$10,984","-$9,023",381,"$2,531","$14,675","-$1,255",-$748,-$23,-$374,$219,"$2,050",14,143,77.04%,22.96%
,2022-09-01 0:00:00,Postmates,K1,"$10,678","-$8,815",364,"$2,279","$14,026","-$1,121",-$826,-$20,-$348,$213,"$1,737",11,143,77.50%,22.50%
,2022-10-01 0:00:00,Postmates,K1,"$10,663","-$8,780",359,"$2,369","$14,156","-$1,129",-$674,-$32,-$359,$213,"$1,839",10,131,75.99%,24.01%
,2022-11-01 0:00:00,Postmates,K1,"$9,342","-$7,687",317,"$2,247","$12,615","-$1,027",-$312,-$30,-$337,$200,"$2,028",7,117,75.63%,24.37%
,2022-12-01 0:00:00,Postmates,K1,"$9,556","-$7,867",319,"$2,206","$12,728","-$1,060",-$302,-$16,-$317,$182,"$2,095",8,115,76.06%,23.94%
,2023-01-01 0:00:00,UberEats,K1,"$58,757","-$48,091","2,157","$15,971","$81,118","-$7,827","-$2,365","-$1,103","-$4,947","$1,412","$12,236",100,764,68.63%,31.37%
,2023-02-01 0:00:00,UberEats,K1,"$58,728","-$48,133","2,106","$15,958","$80,863","-$7,871","-$2,852",-$612,"-$5,103","$1,350","$10,804",88,759,68.69%,31.31%
,2023-03-01 0:00:00,UberEats,K1,"$69,854","-$57,569","2,522","$16,215","$93,337","-$8,889","-$3,685",-$442,"-$4,576","$1,413","$10,621",113,880,68.86%,31.14%
,2023-04-01 0:00:00,UberEats,K1,"$63,430","-$52,124","2,320","$14,651","$84,791","-$8,128","-$2,617",-$990,"-$3,988","$1,377","$10,993",97,830,66.87%,33.13%
,2023-05-01 0:00:00,UberEats,K1,"$64,136","-$52,998","2,357","$14,687","$85,417","-$8,184","-$2,480","-$1,080","-$3,850","$1,617","$11,362",112,852,68.77%,31.23%
,2023-06-01 0:00:00,UberEats,K1,"$64,013","-$52,837","2,350","$14,557","$84,979","-$8,047","-$1,474","-$1,072","-$3,718","$1,699","$13,125",118,856,69.43%,30.57%
,2022-06-01 0:00:00,UberEats,K2,"$26,586","-$21,668","1,118","$6,989","$35,670","-$4,271",-$780,-$292,-$674,$349,"$6,058",32,305,46.97%,53.03%
,2022-07-01 0:00:00,UberEats,K2,"$28,639","-$23,603","1,214","$7,577","$38,477","-$4,284",-$993,-$293,"-$1,180",$396,"$5,899",34,317,49.38%,50.62%
,2022-08-01 0:00:00,UberEats,K2,"$26,914","-$22,077","1,150","$7,124","$36,198","-$3,982","-$1,218",-$240,"-$1,183",$421,"$5,504",31,304,51.36%,48.64%
,2022-09-01 0:00:00,UberEats,K2,"$27,622","-$22,663","1,147","$7,345","$37,179","-$4,287","-$1,376",-$246,"-$1,302",$417,"$5,245",29,305,49.21%,50.79%
,2022-10-01 0:00:00,UberEats,K2,"$27,265","-$22,273","1,132","$7,490","$36,941","-$3,590","-$1,260",-$236,"-$1,510",$468,"$6,193",28,300,48.56%,51.44%
,2022-11-01 0:00:00,UberEats,K2,"$26,368","-$21,585","1,085","$7,104","$35,615","-$3,578",-$995,-$254,"-$1,426",$445,"$5,857",26,295,48.51%,51.49%
,2022-12-01 0:00:00,UberEats,K2,"$26,767","-$21,948","1,069","$7,253","$36,169","-$3,182",-$811,-$239,"-$1,583",$470,"$6,411",26,297,48.60%,51.40%
,2023-01-01 0:00:00,UberEats,K2,"$28,471","-$23,266","1,144","$7,684","$38,440","-$3,470","-$1,015",-$246,"-$1,862",$471,"$6,506",29,307,48.48%,51.52%
,2023-02-01 0:00:00,UberEats,K2,"$28,928","-$23,490","1,128","$7,636","$38,891","-$3,825","-$1,020",-$167,"-$1,908",$470,"$6,238",26,305,50.21%,49.79%
,2023-03-01 0:00:00,UberEats,K2,"$32,880","-$26,881","1,300","$8,972","$44,485","-$4,484",-$804,-$150,"-$2,289",$514,"$7,481",33,330,48.30%,51.70%
,2023-04-01 0:00:00,UberEats,K2,"$32,193","-$26,312","1,274","$9,007","$43,766","-$4,559",-$748,-$210,"-$2,284",$531,"$7,461",29,327,46.94%,53.06%
,2023-05-01 0:00:00,UberEats,K2,"$30,644","-$25,027","1,226","$8,665","$41,741","-$3,604",-$737,-$201,"-$2,220",$652,"$8,120",29,320,48.63%,51.37%
,2023-06-01 0:00:00,UberEats,K2,"$27,577","-$22,508","1,096","$7,716","$37,489","-$3,319",-$501,-$226,"-$1,958",$666,"$7,339",30,300,49.87%,50.13%
,2022-06-01 0:00:00,UberEats,K3,"$26,526","-$21,390","1,012","$6,113","$35,666","-$4,049",-$785,-$387,-$706,$530,"$5,640",45,368,55.30%,44.70%
,2022-07-01 0:00:00,UberEats,K3,"$27,883","-$22,669","1,059","$6,749","$37,859","-$4,030",-$774,-$344,"-$1,167",$596,"$5,914",45,379,57.10%,42.90%
,2022-08-01 0:00:00,UberEats,K3,"$26,612","-$21,559","1,048","$6,519","$36,225","-$3,842",-$653,-$344,"-$1,163",$599,"$5,939",44,373,57.78%,42.22%
,2022-09-01 0:00:00,UberEats,K3,"$25,361","-$20,538",986,"$6,244","$34,550","-$3,421",-$774,-$329,"-$1,158",$581,"$5,391",40,362,56.93%,43.07%
,2022-10-01 0:00:00,UberEats,K3,"$25,367","-$20,505",956,"$6,662","$35,012","-$3,260",-$660,-$342,"-$1,377",$649,"$5,942",38,360,58.13%,41.87%
,2022-11-01 0:00:00,UberEats,K3,"$23,181","-$18,809",889,"$5,922","$31,810","-$3,057",-$396,-$361,"-$1,204",$588,"$5,308",35,338,56.80%,43.20%
,2022-12-01 0:00:00,UberEats,K3,"$23,263","-$18,899",854,"$5,910","$31,890","-$3,025",-$528,-$411,"-$1,332",$593,"$5,113",37,336,57.10%,42.90%
,2023-01-01 0:00:00,UberEats,K3,"$25,493","-$20,513",953,"$6,578","$35,066","-$3,148",-$853,-$433,"-$1,609",$600,"$5,565",41,350,57.30%,42.70%
,2023-02-01 0:00:00,UberEats,K3,"$25,167","-$20,257",958,"$6,503","$34,517","-$2,953",-$979,-$230,"-$1,563",$582,"$5,470",37,349,54.67%,45.33%
,2023-03-01 0:00:00,UberEats,K3,"$29,893","-$24,165","1,103","$7,571","$40,940","-$3,631","-$1,507",-$173,"-$1,891",$618,"$4,681",45,387,54.57%,45.43%
,2023-04-01 0:00:00,UberEats,K3,"$28,607","-$23,081","1,061","$7,403","$39,344","-$3,387","-$1,383",-$380,"-$1,833",$627,"$4,559",42,378,54.59%,45.41%
,2023-05-01 0:00:00,UberEats,K3,"$28,201","-$22,765","1,045","$7,555","$39,011","-$3,630","-$1,181",-$407,"-$1,917",$741,"$5,566",46,378,55.36%,44.64%
,2023-06-01 0:00:00,UberEats,K3,"$27,171","-$21,991",985,"$7,072","$37,449","-$3,915",-$896,-$374,"-$1,776",$768,"$4,971",48,363,55.63%,44.37%
,2022-06-01 0:00:00,UberEats,L1,"$214,387","-$172,783","7,615","$49,717","$281,515","-$28,577","-$6,184","-$1,952","-$11,311","$3,825","$45,252",213,"2,290",70.22%,29.78%
,2022-07-01 0:00:00,UberEats,L1,"$236,798","-$188,498","8,309","$51,922","$307,929","-$30,414","-$9,271","-$1,865","-$10,917","$4,001","$42,268",237,"2,458",72.74%,27.26%
,2022-08-01 0:00:00,UberEats,L1,"$229,342","-$182,001","8,105","$50,543","$298,508","-$24,436","-$10,668","-$1,605","-$11,183","$4,000","$51,093",209,"2,369",72.70%,27.30%
,2022-09-01 0:00:00,UberEats,L1,"$227,033","-$180,477","7,949","$50,796","$296,174","-$26,395","-$9,995","-$1,636","-$11,643","$3,775","$46,168",195,"2,356",69.99%,30.01%
,2022-10-01 0:00:00,UberEats,L1,"$240,168","-$190,739","8,299","$53,481","$313,126","-$25,149","-$10,136","-$1,738","-$13,007","$4,189","$49,411",199,"2,434",69.56%,30.44%
,2022-11-01 0:00:00,UberEats,L1,"$226,010","-$180,117","7,800","$51,191","$295,535","-$25,864","-$8,697","-$1,809","-$12,630","$4,197","$49,041",179,"2,317",69.43%,30.57%
,2022-12-01 0:00:00,UberEats,L1,"$246,884","-$196,527","8,368","$56,370","$323,163","-$27,558","-$10,089","-$2,150","-$14,358","$4,433","$54,290",198,"2,437",70.76%,29.24%
,2023-01-01 0:00:00,UberEats,L1,"$250,025","-$200,033","8,564","$57,033","$327,234","-$26,244","-$10,867","-$1,994","-$15,478","$4,498","$56,770",203,"2,444",70.95%,29.05%
,2023-02-01 0:00:00,UberEats,L1,"$236,772","-$188,575","8,041","$54,152","$310,049","-$25,122","-$10,393","-$1,185","-$15,286","$4,316","$53,880",177,"2,353",70.49%,29.51%
,2023-03-01 0:00:00,UberEats,L1,"$271,696","-$217,391","9,186","$61,719","$355,147","-$28,418","-$12,108","-$1,155","-$17,587","$4,553","$58,759",217,"2,558",70.10%,29.90%
,2023-04-01 0:00:00,UberEats,L1,"$256,783","-$205,608","8,723","$57,237","$334,546","-$27,220","-$9,444","-$1,909","-$15,805","$4,509","$57,752",199,"2,504",69.57%,30.43%
,2023-05-01 0:00:00,UberEats,L1,"$270,867","-$216,945","9,127","$59,149","$351,615","-$31,131","-$10,858","-$1,957","-$15,629","$5,213","$58,808",219,"2,669",70.63%,29.37%
,2023-01-01 0:00:00,Postmates,K1,"$9,317","-$7,657",317,"$2,094","$12,426",-$994,-$370,-$21,-$288,$169,"$2,118",7,101,76.67%,23.33%
,2023-02-01 0:00:00,Postmates,K1,"$8,516","-$6,998",286,"$1,930","$11,354",-$938,-$276,-$19,-$271,$145,"$1,902",6,95,76.91%,23.09%
,2023-03-01 0:00:00,Postmates,K1,"$9,726","-$8,008",323,"$2,167","$12,922","-$1,045",-$463,-$97,-$312,$167,"$1,961",10,102,77.78%,22.22%
,2023-04-01 0:00:00,Postmates,K1,"$8,778","-$7,204",295,"$2,000","$11,723",-$940,-$261,-$33,-$278,$154,"$2,026",6,92,76.57%,23.43%
,2023-05-01 0:00:00,Postmates,K1,"$8,603","-$7,077",288,"$1,971","$11,480",-$936,-$369,-$28,-$266,$165,"$1,917",7,91,78.00%,22.00%
,2023-06-01 0:00:00,Postmates,K1,"$8,134","-$6,696",278,"$1,918","$10,880",-$909,-$246,-$36,-$232,$154,"$2,011",8,90,78.46%,21.54%
,2022-06-01 0:00:00,Postmates,K2,"$1,218","-$1,010",48,$342,"$1,656",-$157,-$42,-$7,-$38,$20,$307,3,16,51.09%,48.91%
,2022-07-01 0:00:00,Postmates,K2,"$1,334","-$1,107",53,$372,"$1,811",-$179,-$59,-$10,-$41,$19,$308,3,16,52.42%,47.58%
,2022-08-01 0:00:00,Postmates,K2,"$1,357","-$1,127",52,$351,"$1,817",-$173,-$84,-$4,-$39,$17,$272,3,16,54.27%,45.73%
,2022-09-01 0:00:00,Postmates,K2,"$1,260","-$1,043",49,$319,"$1,681",-$179,-$80,-$1,-$36,$17,$232,2,15,51.04%,48.96%
,2022-10-01 0:00:00,Postmates,K2,"$1,208",-$995,47,$306,"$1,610",-$145,-$62,-$2,-$40,$19,$261,2,14,52.65%,47.35%
,2022-11-01 0:00:00,Postmates,K2,"$1,190",-$986,44,$253,"$1,540",-$143,-$80,-$5,-$31,$15,$171,2,13,52.08%,47.92%
,2022-12-01 0:00:00,Postmates,K2,"$1,230","-$1,023",46,$199,"$1,528",-$131,-$63,-$2,-$18,$12,$163,2,13,50.44%,49.56%
,2023-01-01 0:00:00,Postmates,K2,"$1,248","-$1,032",48,$215,"$1,564",-$146,-$72,-$10,-$22,$13,$167,2,12,49.22%,50.78%
,2023-02-01 0:00:00,Postmates,K2,"$1,268","-$1,045",47,$262,"$1,632",-$164,-$85,-$5,-$34,$14,$170,1,12,53.39%,46.61%
,2023-03-01 0:00:00,Postmates,K2,"$1,510","-$1,246",55,$302,"$1,932",-$193,-$108,-$38,-$36,$16,$205,3,14,54.78%,45.22%
,2023-04-01 0:00:00,Postmates,K2,"$1,414","-$1,166",52,$290,"$1,815",-$195,-$85,-$16,-$37,$14,$200,2,13,51.04%,48.96%
,2023-05-01 0:00:00,Postmates,K2,"$1,441","-$1,186",53,$293,"$1,848",-$164,-$127,-$15,-$39,$16,$198,2,13,49.03%,50.97%
,2023-06-01 0:00:00,Postmates,K2,"$1,276","-$1,049",48,$260,"$1,638",-$155,-$84,-$18,-$26,$13,$197,2,13,51.52%,48.48%
,2022-06-01 0:00:00,Postmates,K3,"$1,297","-$1,073",47,$274,"$1,715",-$160,-$63,-$11,-$15,$16,$240,4,23,59.25%,40.75%
,2022-07-01 0:00:00,Postmates,K3,"$1,327","-$1,095",47,$279,"$1,754",-$169,-$84,-$9,-$18,$17,$226,4,23,64.49%,35.51%
,2022-08-01 0:00:00,Postmates,K3,"$1,419","-$1,168",52,$295,"$1,872",-$188,-$140,-$6,-$21,$18,$192,5,24,63.79%,36.21%
,2022-09-01 0:00:00,Postmates,K3,"$1,490","-$1,243",54,$270,"$1,925",-$166,-$145,-$5,-$20,$16,$158,4,26,62.58%,37.42%
,2022-10-01 0:00:00,Postmates,K3,"$1,383","-$1,139",50,$270,"$1,806",-$160,-$130,-$8,-$17,$14,$169,3,22,61.45%,38.55%
,2022-11-01 0:00:00,Postmates,K3,"$1,309","-$1,076",46,$229,"$1,681",-$157,-$150,-$4,-$18,$15,$95,2,21,63.43%,36.57%
,2022-12-01 0:00:00,Postmates,K3,"$1,224","-$1,011",42,$180,"$1,533",-$146,-$118,-$6,-$15,$14,$77,2,18,65.01%,34.99%
,2023-01-01 0:00:00,Postmates,K3,"$1,322","-$1,076",46,$209,"$1,673",-$153,-$182,-$5,-$19,$13,$55,2,17,60.17%,39.83%
,2023-02-01 0:00:00,Postmates,K3,"$1,333","-$1,083",46,$216,"$1,691",-$140,-$154,-$6,-$24,$14,$89,2,16,59.80%,40.20%
,2023-03-01 0:00:00,Postmates,K3,"$1,599","-$1,310",54,$255,"$2,024",-$178,-$172,-$49,-$27,$15,$65,3,19,57.81%,42.19%
,2023-04-01 0:00:00,Postmates,K3,"$1,433","-$1,172",50,$236,"$1,823",-$160,-$131,-$22,-$22,$14,$77,2,17,57.72%,42.28%
,2023-05-01 0:00:00,Postmates,K3,"$1,399","-$1,141",50,$235,"$1,784",-$185,-$159,-$17,-$22,$14,$59,3,18,59.70%,40.30%
,2023-06-01 0:00:00,Postmates,K3,"$1,311","-$1,070",46,$219,"$1,673",-$207,-$116,-$18,-$17,$12,$53,3,16,61.90%,38.10%
,2022-06-01 0:00:00,Postmates,L1,"$75,584","-$62,208","2,665","$16,753","$98,571","-$7,933","-$2,467",-$84,"-$1,748",$959,"$17,662",50,777,74.30%,25.70%
,2022-07-01 0:00:00,Postmates,L1,"$78,442","-$63,896","2,726","$15,974","$100,779","-$7,691","-$2,843",-$92,"-$1,469",$933,"$15,974",51,779,74.66%,25.34%
,2022-08-01 0:00:00,Postmates,L1,"$76,753","-$62,597","2,665","$14,675","$97,792","-$7,353","-$3,677",-$40,"-$1,392",$891,"$15,844",46,743,74.94%,25.06%
,2022-09-01 0:00:00,Postmates,L1,"$74,675","-$60,909","2,567","$13,636","$94,416","-$7,133","-$3,509",-$35,"-$1,297",$843,"$13,896",40,726,74.06%,25.94%
,2022-10-01 0:00:00,Postmates,L1,"$76,494","-$62,338","2,610","$13,896","$96,494","-$6,883","-$3,665",-$85,"-$1,336",$845,"$13,766",35,714,73.32%,26.68%
,2022-11-01 0:00:00,Postmates,L1,"$75,325","-$61,558","2,540","$12,375","$93,766","-$7,260","-$5,618",-$107,"-$1,290",$816,"$10,699",30,685,73.30%,26.70%
,2022-12-01 0:00:00,Postmates,L1,"$81,299","-$66,364","2,684","$11,897","$99,870","-$7,520","-$5,284",-$83,"-$1,275",$780,"$11,667",31,694,74.78%,25.22%
,2023-01-01 0:00:00,Postmates,L1,"$81,688","-$66,494","2,730","$11,711","$100,000","-$7,402","-$6,157",-$132,"-$1,316",$763,"$11,691",38,656,74.54%,25.46%
,2023-02-01 0:00:00,Postmates,L1,"$78,312","-$63,636","2,569","$11,326","$95,974","-$7,069","-$6,854",-$149,"-$1,303",$724,"$10,480",29,632,74.46%,25.54%
,2023-03-01 0:00:00,Postmates,L1,"$88,571","-$72,208","2,908","$12,772","$108,442","-$8,198","-$6,161",-$436,"-$1,424",$757,"$12,944",41,677,74.36%,25.64%
,2023-04-01 0:00:00,Postmates,L1,"$83,247","-$67,792","2,745","$12,020","$101,948","-$7,927","-$4,888",-$198,"-$1,342",$706,"$13,117",27,645,73.60%,26.40%
,2023-05-01 0:00:00,Postmates,L1,"$86,623","-$70,519","2,855","$12,427","$105,974","-$8,737","-$6,207",-$166,"-$1,366",$768,"$12,345",37,660,74.35%,25.65%
,2023-06-01 0:00:00,UberEats,L1,"$259,344","-$207,720","8,791","$56,230","$336,422","-$27,402","-$6,399","-$1,960","-$14,707","$5,436","$60,991",221,"2,538",70.80%,29.20%
,2022-06-01 0:00:00,UberEats,L2,"$1,006,498","-$820,133","35,535","$221,471","$1,319,315","-$172,388","-$20,989","-$6,664","-$28,258","$10,465","$182,845",695,"9,696",78.49%,21.51%
,2022-07-01 0:00:00,UberEats,L2,"$1,076,343","-$888,645","37,433","$230,110","$1,404,363","-$163,771","-$32,982","-$6,584","-$39,056","$11,864","$176,101",769,"9,941",79.72%,20.28%
,2022-08-01 0:00:00,UberEats,L2,"$1,083,920","-$889,756","37,752","$246,874","$1,429,315","-$167,381","-$43,030","-$5,578","-$41,751","$11,985","$188,744",676,"9,946",80.31%,19.69%
,2022-09-01 0:00:00,UberEats,L2,"$1,097,588","-$899,045","37,704","$250,951","$1,448,045","-$178,954","-$47,338","-$5,624","-$43,646","$11,258","$174,577",670,"9,959",79.98%,20.02%
,2022-10-01 0:00:00,UberEats,L2,"$1,174,720","-$960,360","40,001","$267,030","$1,548,535","-$189,021","-$45,063","-$5,462","-$47,964","$12,487","$187,506",647,"10,241",80.00%,20.00%
,2022-11-01 0:00:00,UberEats,L2,"$1,123,480","-$938,869","38,224","$258,132","$1,483,647","-$175,419","-$40,126","-$5,372","-$46,681","$12,971","$184,656",586,"10,034",79.82%,20.18%
,2022-12-01 0:00:00,UberEats,L2,"$1,170,824","-$959,755","39,010","$268,830","$1,545,397","-$176,073","-$39,783","-$5,510","-$50,768","$13,886","$215,545",584,"10,305",79.86%,20.14%
,2023-01-01 0:00:00,UberEats,L2,"$1,197,522","-$981,441","40,050","$275,031","$1,580,983","-$178,065","-$46,006","-$6,307","-$55,648","$14,286","$217,685",623,"10,445",81.31%,18.69%
,2023-02-01 0:00:00,UberEats,L2,"$1,153,222","-$945,749","38,417","$267,323","$1,524,558","-$170,091","-$48,904","-$4,319","-$55,694","$13,804","$208,846",564,"10,241",80.58%,19.42%
,2023-03-01 0:00:00,UberEats,L2,"$1,340,110","-$1,101,969","44,348","$295,698","$1,755,556","-$194,763","-$62,378","-$4,847","-$60,310","$14,927","$218,968",670,"11,140",80.46%,19.54%
,2023-04-01 0:00:00,UberEats,L2,"$1,281,384","-$1,054,470","42,423","$281,618","$1,677,433","-$186,651","-$63,058","-$6,058","-$56,895","$14,946","$206,232",610,"10,865",80.05%,19.95%
,2023-05-01 0:00:00,UberEats,L2,"$1,306,724","-$1,077,185","43,337","$287,684","$1,710,175","-$194,700","-$65,954","-$6,246","-$56,831","$17,313","$211,043",666,"11,178",79.98%,20.02%
,2023-06-01 0:00:00,UberEats,L2,"$1,233,552","-$1,018,796","40,708","$290,606","$1,633,759","-$181,861","-$43,839","-$6,241","-$56,122","$18,161","$221,916",651,"10,775",79.88%,20.12%
,2022-06-01 0:00:00,UberEats,M1,"$71,057","-$55,849","2,705","$17,581","$96,801","-$9,958","-$1,533",-$695,"-$2,713","$1,211","$17,680",81,827,73.58%,26.42%
,2022-07-01 0:00:00,UberEats,M1,"$75,827","-$60,502","2,878","$18,066","$102,558","-$10,045","-$1,930",-$706,"-$3,460","$1,274","$16,974",89,858,74.06%,25.94%
,2022-08-01 0:00:00,UberEats,M1,"$74,233","-$58,879","2,849","$17,774","$100,509","-$9,791","-$2,288",-$685,"-$3,562","$1,292","$16,868",85,841,75.06%,24.94%
,2022-09-01 0:00:00,UberEats,M1,"$71,966","-$57,004","2,697","$17,246","$97,479","-$8,996","-$2,375",-$610,"-$3,559","$1,258","$15,829",73,808,74.38%,25.62%
,2022-10-01 0:00:00,UberEats,M1,"$73,336","-$57,869","2,722","$18,503","$100,342","-$9,250","-$2,218",-$670,"-$4,279","$1,339","$16,547",76,819,73.83%,26.17%
,2022-11-01 0:00:00,UberEats,M1,"$71,354","-$56,455","2,665","$17,560","$97,152","-$9,721","-$1,673",-$796,"-$3,984","$1,314","$14,955",75,810,72.93%,27.07%
,2022-12-01 0:00:00,UberEats,M1,"$77,597","-$61,358","2,793","$19,356","$105,898","-$12,598","-$2,351",-$907,"-$4,895","$1,408","$13,166",81,848,73.85%,26.15%
,2023-01-01 0:00:00,UberEats,M1,"$78,898","-$62,180","2,911","$19,853","$107,943","-$12,797","-$2,859",-$869,"-$5,360","$1,426","$14,057",86,847,74.91%,25.09%
,2023-02-01 0:00:00,UberEats,M1,"$76,417","-$60,153","2,743","$19,325","$104,355","-$11,640","-$3,105",-$513,"-$5,589","$1,380","$13,835",79,832,73.03%,26.97%
,2023-03-01 0:00:00,UberEats,M1,"$89,378","-$70,843","3,228","$22,009","$121,645","-$16,244","-$4,013",-$405,"-$6,269","$1,496","$12,513",96,916,73.07%,26.93%
,2023-04-01 0:00:00,UberEats,M1,"$84,105","-$66,923","3,054","$20,949","$114,701","-$14,222","-$3,870",-$776,"-$5,827","$1,506","$12,866",82,876,73.05%,26.95%
,2023-05-01 0:00:00,UberEats,M1,"$83,789","-$66,820","3,060","$21,368","$114,654","-$14,186","-$3,150",-$842,"-$5,881","$1,760","$14,725",93,890,73.49%,26.51%
,2023-06-01 0:00:00,UberEats,M1,"$80,672","-$64,432","2,948","$20,407","$110,451","-$10,517","-$2,065",-$845,"-$5,556","$1,789","$17,470",96,874,74.33%,25.67%
,2022-06-01 0:00:00,UberEats,M2,"$1,241,265","-$974,477","40,652","$266,411","$1,594,567","-$125,091","-$14,718","-$5,892","-$46,150","$13,981","$341,158",672,"10,199",84.42%,15.58%
,2022-07-01 0:00:00,UberEats,M2,"$1,296,482","-$1,028,434","41,928","$279,987","$1,667,330","-$112,547","-$23,953","-$5,700","-$51,808","$14,933","$355,524",715,"10,417",84.81%,15.19%
,2022-08-01 0:00:00,UberEats,M2,"$1,287,045","-$1,016,189","41,852","$279,620","$1,656,665","-$112,761","-$28,621","-$4,315","-$54,123","$14,853","$354,832",626,"10,225",85.26%,14.74%
,2022-09-01 0:00:00,UberEats,M2,"$1,282,139","-$1,011,487","40,741","$273,210","$1,644,840","-$108,179","-$30,314","-$3,873","-$54,795","$13,719","$343,309",568,"10,041",85.28%,14.72%
,2022-10-01 0:00:00,UberEats,M2,"$1,368,314","-$1,078,854","43,422","$270,832","$1,734,180","-$119,879","-$32,456","-$3,717","-$53,316","$14,388","$348,862",571,"10,336",84.98%,15.02%
,2022-11-01 0:00:00,UberEats,M2,"$1,295,678","-$1,023,215","40,839","$278,191","$1,664,145","-$109,976","-$21,957","-$4,087","-$58,658","$15,009","$359,664",536,"10,180",84.55%,15.45%
,2022-12-01 0:00:00,UberEats,M2,"$1,403,721","-$1,107,408","43,103","$302,656","$1,804,358","-$121,649","-$26,767","-$4,317","-$64,564","$15,950","$385,618",557,"10,786",85.16%,14.84%
,2023-01-01 0:00:00,UberEats,M2,"$1,385,446","-$1,092,613","43,263","$299,351","$1,781,603","-$114,689","-$29,832","-$3,941","-$67,476","$16,147","$385,210",571,"10,640",85.81%,14.19%
,2023-02-01 0:00:00,UberEats,M2,"$1,309,050","-$1,033,564","40,904","$285,797","$1,686,077","-$105,512","-$27,358","-$2,444","-$65,478","$15,383","$364,051",530,"10,308",85.47%,14.53%
,2023-03-01 0:00:00,UberEats,M2,"$1,529,449","-$1,212,937","47,662","$321,750","$1,957,168","-$127,696","-$32,789","-$2,021","-$72,899","$16,729","$402,455",667,"11,378",84.88%,15.12%
,2023-04-01 0:00:00,UberEats,M2,"$1,526,006","-$1,210,687","46,870","$306,614","$1,937,918","-$131,773","-$41,458","-$4,294","-$68,019","$16,781","$379,170",666,"11,308",84.66%,15.34%
,2023-05-01 0:00:00,UberEats,M2,"$1,536,190","-$1,221,780","48,260","$287,713","$1,929,581","-$132,437","-$36,954","-$4,475","-$57,426","$18,702","$382,623",688,"11,424",84.93%,15.07%
,2023-06-01 0:00:00,UberEats,M2,"$1,500,884","-$1,194,471","47,452","$283,227","$1,886,854","-$125,131","-$20,047","-$4,751","-$55,989","$19,588","$380,180",728,"11,248",84.61%,15.39%
,2022-06-01 0:00:00,UberEats,N1,"$164,218","-$130,631","5,987","$37,638","$220,494","-$21,968","-$2,885","-$1,071","-$6,289","$2,991","$41,178",152,"1,870",78.48%,21.52%
,2022-07-01 0:00:00,UberEats,N1,"$175,702","-$140,821","6,317","$38,658","$234,214","-$21,284","-$4,944","-$1,023","-$7,767","$3,156","$40,750",154,"1,924",79.55%,20.45%
,2022-08-01 0:00:00,UberEats,N1,"$173,650","-$138,868","6,290","$38,619","$231,929","-$20,453","-$6,242",-$982,"-$8,031","$3,151","$39,696",146,"1,900",79.91%,20.09%
,2022-09-01 0:00:00,UberEats,N1,"$169,816","-$135,658","6,046","$38,916","$228,114","-$19,460","-$5,509",-$997,"-$8,689","$3,000","$38,813",139,"1,877",79.18%,20.82%
,2023-06-01 0:00:00,Postmates,L1,"$80,909","-$65,844","2,687","$11,662","$99,091","-$7,903","-$4,398",-$235,"-$1,243",$732,"$12,772",42,637,74.48%,25.52%
,2022-06-01 0:00:00,Postmates,L2,"$790,909","-$657,143","23,550","$158,442","$1,020,779","-$102,597","-$21,558",-$517,"-$27,273","$10,253","$135,065",254,"5,889",89.69%,10.31%
,2022-07-01 0:00:00,Postmates,L2,"$774,026","-$645,455","22,984","$154,545","$1,000,000","-$97,922","-$22,727",-$437,"-$26,623","$10,026","$126,364",246,"5,695",89.69%,10.31%
,2022-08-01 0:00:00,Postmates,L2,"$774,026","-$646,753","22,802","$161,039","$1,006,494","-$99,091","-$31,818",-$299,"-$25,974","$9,542","$123,506",226,"5,565",90.05%,9.95%
,2022-09-01 0:00:00,Postmates,L2,"$766,234","-$640,260","22,205","$151,948","$988,312","-$102,727","-$35,455",-$373,"-$24,286","$8,881","$105,455",213,"5,501",89.96%,10.04%
,2022-10-01 0:00:00,Postmates,L2,"$793,506","-$662,338","22,843","$157,143","$1,023,377","-$105,844","-$31,299",-$709,"-$24,935","$9,244","$111,688",200,"5,431",89.63%,10.37%
,2022-11-01 0:00:00,Postmates,L2,"$740,260","-$618,182","21,225","$146,753","$955,844","-$95,195","-$30,519",-$664,"-$23,247","$8,815","$115,584",165,"5,161",89.58%,10.42%
,2022-12-01 0:00:00,Postmates,L2,"$762,338","-$636,364","21,246","$149,351","$981,818","-$94,286","-$30,909",-$669,"-$23,896","$8,615","$119,091",156,"5,102",89.88%,10.12%
,2023-01-01 0:00:00,Postmates,L2,"$751,948","-$632,468","21,212","$153,247","$975,325","-$94,286","-$31,948",-$570,"-$24,156","$8,565","$117,403",155,"4,752",90.34%,9.66%
,2023-02-01 0:00:00,Postmates,L2,"$710,390","-$597,403","19,938","$141,558","$916,883","-$88,961","-$33,506",-$659,"-$20,909","$7,823","$107,662",159,"4,686",90.38%,9.62%
,2023-03-01 0:00:00,Postmates,L2,"$806,494","-$679,221","22,608","$154,545","$1,035,065","-$100,779","-$36,104","-$2,038","-$20,779","$8,195","$122,338",207,"4,958",90.46%,9.54%
,2023-04-01 0:00:00,Postmates,L2,"$732,468","-$618,182","20,751","$144,156","$944,156","-$92,597","-$23,636",-$911,"-$18,831","$7,379","$123,896",138,"4,604",90.12%,9.88%
,2023-05-01 0:00:00,Postmates,L2,"$755,844","-$637,662","21,476","$144,156","$968,831","-$97,532","-$34,286",-$926,"-$18,961","$7,769","$114,935",186,"4,684",90.13%,9.87%
,2023-06-01 0:00:00,Postmates,L2,"$698,701","-$590,909","19,919","$140,260","$902,597","-$91,039","-$21,558","-$1,053","-$17,403","$7,455","$115,974",159,"4,462",89.90%,10.10%
,2022-06-01 0:00:00,Postmates,M1,"$2,135","-$1,713",79,$497,"$2,874",-$281,-$87,-$10,-$37,$23,$466,6,33,68.54%,31.46%
,2022-07-01 0:00:00,Postmates,M1,"$2,195","-$1,774",80,$498,"$2,940",-$285,-$131,-$6,-$38,$23,$410,7,33,70.00%,30.00%
,2022-08-01 0:00:00,Postmates,M1,"$2,129","-$1,717",78,$452,"$2,817",-$271,-$179,-$5,-$37,$23,$329,6,31,68.71%,31.29%
,2022-09-01 0:00:00,Postmates,M1,"$2,047","-$1,661",74,$409,"$2,684",-$244,-$180,-$4,-$35,$22,$262,5,31,68.14%,31.86%
,2022-10-01 0:00:00,Postmates,M1,"$2,049","-$1,651",75,$423,"$2,701",-$255,-$158,-$11,-$33,$19,$296,5,30,68.89%,31.11%
,2022-11-01 0:00:00,Postmates,M1,"$2,132","-$1,718",76,$379,"$2,744",-$270,-$194,-$14,-$36,$20,$191,4,29,68.07%,31.93%
,2022-12-01 0:00:00,Postmates,M1,"$2,197","-$1,778",79,$339,"$2,770",-$286,-$167,-$7,-$32,$18,$147,4,28,67.33%,32.67%
,2023-01-01 0:00:00,Postmates,M1,"$2,259","-$1,813",83,$354,"$2,856",-$275,-$208,-$14,-$34,$17,$187,4,25,68.76%,31.24%
,2023-02-01 0:00:00,Postmates,M1,"$2,225","-$1,785",78,$376,"$2,838",-$276,-$221,-$11,-$47,$17,$181,5,25,68.46%,31.54%
,2023-03-01 0:00:00,Postmates,M1,"$2,895","-$2,326",101,$482,"$3,687",-$353,-$299,-$91,-$58,$21,$244,8,31,67.84%,32.16%
,2023-04-01 0:00:00,Postmates,M1,"$2,631","-$2,117",95,$448,"$3,362",-$348,-$230,-$37,-$50,$20,$243,4,28,67.21%,32.79%
,2023-05-01 0:00:00,Postmates,M1,"$2,762","-$2,228",99,$464,"$3,521",-$451,-$299,-$32,-$47,$22,$141,6,29,68.83%,31.17%
,2023-06-01 0:00:00,Postmates,M1,"$2,704","-$2,182",98,$453,"$3,449",-$394,-$216,-$91,-$43,$22,$249,7,31,69.72%,30.28%
,2022-06-01 0:00:00,Postmates,M2,"$87,532","-$70,390","2,816","$17,532","$111,299","-$7,442","-$2,198",-$176,"-$1,816",$809,"$22,078",79,912,84.58%,15.42%
,2022-07-01 0:00:00,Postmates,M2,"$88,312","-$71,299","2,831","$16,883","$111,558","-$7,145","-$2,476",-$124,"-$1,772",$795,"$21,429",76,898,84.95%,15.05%
,2022-08-01 0:00:00,Postmates,M2,"$88,052","-$71,169","2,821","$16,104","$110,390","-$7,206","-$3,509",-$70,"-$1,762",$761,"$19,481",72,863,85.69%,14.31%
,2022-09-01 0:00:00,Postmates,M2,"$85,584","-$68,961","2,684","$14,675","$106,234","-$6,703","-$3,334",-$50,"-$1,652",$716,"$17,922",59,819,85.63%,14.37%
,2022-10-01 0:00:00,Postmates,M2,"$87,922","-$70,909","2,725","$14,935","$109,091","-$7,003","-$3,222",-$133,"-$1,691",$754,"$18,442",56,802,85.57%,14.43%
,2022-11-01 0:00:00,Postmates,M2,"$83,117","-$67,013","2,563","$14,416","$103,247","-$6,385","-$3,268",-$121,"-$1,724",$699,"$17,662",44,768,85.33%,14.67%
,2022-12-01 0:00:00,Postmates,M2,"$89,610","-$72,208","2,679","$15,195","$111,039","-$7,121","-$3,127",-$194,"-$1,837",$690,"$18,961",45,784,86.23%,13.77%
,2023-01-01 0:00:00,Postmates,M2,"$82,078","-$65,844","2,519","$14,545","$102,468","-$6,518","-$3,375",-$228,"-$1,765",$679,"$18,052",45,624,85.97%,14.03%
,2023-02-01 0:00:00,Postmates,M2,"$76,753","-$61,558","2,356","$13,766","$95,844","-$5,899","-$3,419",-$206,"-$1,641",$634,"$16,753",41,600,86.18%,13.82%
,2023-03-01 0:00:00,Postmates,M2,"$93,636","-$75,195","2,801","$16,494","$116,753","-$7,416","-$4,845","-$1,452","-$2,003",$710,"$19,740",76,686,86.22%,13.78%
,2023-04-01 0:00:00,Postmates,M2,"$87,273","-$70,130","2,601","$15,844","$109,091","-$7,179","-$3,379",-$571,"-$1,849",$658,"$19,870",44,622,85.87%,14.13%
,2023-05-01 0:00:00,Postmates,M2,"$85,844","-$69,091","2,567","$15,844","$107,792","-$6,797","-$3,996",-$340,"-$1,813",$713,"$19,870",49,600,86.20%,13.80%
,2023-06-01 0:00:00,Postmates,M2,"$78,831","-$63,247","2,371","$15,974","$100,130","-$6,144","-$2,388",-$416,"-$1,705",$697,"$20,260",50,573,86.28%,13.72%
,2022-06-01 0:00:00,Postmates,N1,"$29,740","-$24,156","1,019","$5,850","$38,831","-$3,367",-$932,-$39,-$565,$416,"$6,500",26,334,85.88%,14.12%
,2022-07-01 0:00:00,Postmates,N1,"$30,909","-$25,195","1,053","$5,627","$40,000","-$3,403","-$1,227",-$30,-$557,$398,"$6,079",25,333,85.84%,14.16%
,2022-08-01 0:00:00,Postmates,N1,"$31,299","-$25,584","1,063","$5,573","$40,260","-$3,347","-$1,972",-$38,-$559,$387,"$5,340",24,327,86.15%,13.85%
,2022-09-01 0:00:00,Postmates,N1,"$31,688","-$25,844","1,059","$4,975","$40,000","-$3,242","-$2,293",-$93,-$559,$364,"$4,265",26,345,85.53%,14.47%
,2022-10-01 0:00:00,UberEats,N1,"$175,804","-$140,361","6,154","$41,995","$238,007","-$20,928","-$5,448","-$1,071","-$10,470","$3,236","$38,363",138,"1,902",78.96%,21.04%
,2022-11-01 0:00:00,UberEats,N1,"$167,462","-$133,878","5,905","$39,254","$225,917","-$20,610","-$3,901","-$1,088","-$9,432","$3,232","$37,776",129,"1,834",78.13%,21.87%
,2022-12-01 0:00:00,UberEats,N1,"$177,046","-$141,450","6,049","$40,908","$238,188","-$21,408","-$6,475","-$1,187","-$9,956","$3,302","$37,602",129,"1,876",78.73%,21.27%
,2023-01-01 0:00:00,UberEats,N1,"$185,614","-$147,988","6,512","$42,981","$249,848","-$21,256","-$7,562","-$1,311","-$10,855","$3,354","$40,468",139,"1,908",79.61%,20.39%
,2023-02-01 0:00:00,UberEats,N1,"$179,932","-$143,614","6,271","$42,467","$242,452","-$18,700","-$7,988",-$844,"-$11,047","$3,176","$40,505",129,"1,889",77.77%,22.23%
,2023-03-01 0:00:00,UberEats,N1,"$214,406","-$172,291","7,509","$43,667","$281,881","-$24,282","-$9,812",-$888,"-$10,116","$3,302","$39,282",164,"2,139",77.51%,22.49%
,2023-04-01 0:00:00,UberEats,N1,"$212,522","-$171,043","7,412","$43,187","$279,235","-$25,698","-$11,070","-$1,267","-$9,691","$3,293","$36,968",164,"2,143",77.02%,22.98%
,2023-05-01 0:00:00,UberEats,N1,"$215,248","-$173,756","7,519","$43,919","$282,827","-$25,931","-$9,913","-$1,305","-$9,534","$3,771","$40,356",173,"2,182",76.80%,23.20%
,2023-06-01 0:00:00,UberEats,N1,"$211,282","-$170,955","7,432","$42,973","$277,796","-$23,430","-$7,024","-$1,325","-$9,156","$3,864","$42,128",180,"2,151",76.76%,23.24%
,2022-06-01 0:00:00,UberEats,N2,"$751,454","-$602,381","27,699","$160,504","$970,456","-$89,041","-$22,444","-$5,301","-$26,879","$9,524","$140,215",549,"7,841",77.23%,22.77%
,2022-07-01 0:00:00,UberEats,N2,"$813,559","-$657,368","29,432","$167,621","$1,044,157","-$87,169","-$31,390","-$5,071","-$33,362","$10,454","$127,842",591,"8,119",78.25%,21.75%
,2022-08-01 0:00:00,UberEats,N2,"$809,872","-$652,450","29,515","$168,789","$1,041,402","-$82,535","-$32,864","-$4,490","-$33,967","$10,318","$137,009",550,"8,032",77.85%,22.15%
,2022-09-01 0:00:00,UberEats,N2,"$789,187","-$635,091","28,288","$164,357","$1,014,384","-$67,731","-$32,587","-$4,191","-$33,926","$9,428","$132,588",503,"7,806",78.19%,21.81%
,2022-10-01 0:00:00,UberEats,N2,"$851,315","-$685,982","30,053","$173,351","$1,089,978","-$69,395","-$32,368","-$4,530","-$37,033","$10,309","$132,986",513,"8,038",78.41%,21.59%
,2022-11-01 0:00:00,UberEats,N2,"$803,790","-$647,820","28,749","$168,037","$1,033,902","-$64,640","-$23,371","-$4,749","-$36,679","$10,571","$133,360",477,"7,822",77.69%,22.31%
,2022-12-01 0:00:00,UberEats,N2,"$893,321","-$720,448","31,066","$189,330","$1,151,658","-$75,153","-$26,395","-$5,582","-$43,962","$11,447","$154,204",526,"8,337",78.01%,21.99%
,2023-01-01 0:00:00,UberEats,N2,"$866,455","-$698,230","30,596","$183,945","$1,117,342","-$70,260","-$31,193","-$4,605","-$45,508","$11,642","$144,923",494,"8,084",78.49%,21.51%
,2023-02-01 0:00:00,UberEats,N2,"$839,872","-$676,850","29,473","$177,873","$1,081,180","-$63,415","-$37,678","-$3,026","-$45,620","$11,161","$148,110",444,"7,897",78.01%,21.99%
,2023-03-01 0:00:00,UberEats,N2,"$965,552","-$782,324","33,816","$202,654","$1,241,895","-$74,542","-$39,713","-$2,479","-$52,916","$12,112","$174,413",541,"8,527",77.29%,22.71%
,2023-04-01 0:00:00,UberEats,N2,"$906,055","-$734,592","31,609","$190,167","$1,165,101","-$76,767","-$28,381","-$4,519","-$50,094","$12,188","$174,667",500,"8,345",76.71%,23.29%
,2023-05-01 0:00:00,UberEats,N2,"$882,580","-$715,801","31,082","$183,888","$1,132,883","-$78,511","-$23,225","-$4,541","-$46,488","$13,813","$178,306",515,"8,348",76.86%,23.14%
,2023-06-01 0:00:00,UberEats,N2,"$874,356","-$709,135","30,472","$180,685","$1,122,082","-$75,842","-$18,813","-$4,509","-$44,902","$14,833","$178,574",541,"8,325",77.61%,22.39%
,2022-06-01 0:00:00,UberEats,N3,"$1,700,909","-$1,402,281","62,615","$308,655","$2,154,173","-$184,625","-$46,456","-$13,184","-$60,645","$15,472","$299,038","1,090","15,370",79.73%,20.27%
,2022-07-01 0:00:00,UberEats,N3,"$1,777,446","-$1,484,431","64,362","$342,286","$2,270,744","-$197,193","-$77,956","-$10,260","-$71,939","$17,662","$234,782","1,047","15,398",80.73%,19.27%
,2022-08-01 0:00:00,UberEats,N3,"$1,772,800","-$1,471,749","64,470","$342,740","$2,265,300","-$191,072","-$79,518","-$8,471","-$75,037","$17,488","$262,128",909,"15,273",80.52%,19.48%
,2022-09-01 0:00:00,UberEats,N3,"$1,804,725","-$1,497,949","63,859","$346,224","$2,302,394","-$184,750","-$78,524","-$6,851","-$80,356","$15,318","$236,033",809,"15,262",81.62%,18.38%
,2022-10-01 0:00:00,UberEats,N3,"$1,979,162","-$1,642,267","69,007","$370,726","$2,515,953","-$177,537","-$79,477","-$6,356","-$89,772","$17,344","$224,712",763,"15,799",81.90%,18.10%
,2022-11-01 0:00:00,UberEats,N3,"$1,856,213","-$1,542,297","65,375","$353,842","$2,365,599","-$157,582","-$58,201","-$6,495","-$86,409","$18,446","$278,107",713,"15,408",81.97%,18.03%
,2022-12-01 0:00:00,UberEats,N3,"$2,045,240","-$1,700,386","69,937","$395,671","$2,611,840","-$181,636","-$63,377","-$7,764","-$100,099","$20,058","$297,160",802,"16,522",81.78%,18.22%
,2023-01-01 0:00:00,UberEats,N3,"$2,009,307","-$1,669,849","69,764","$391,561","$2,569,114","-$158,629","-$72,094","-$7,558","-$103,810","$20,366","$318,554",733,"16,018",82.51%,17.49%
,2023-02-01 0:00:00,UberEats,N3,"$1,980,782","-$1,648,102","67,922","$384,178","$2,530,509","-$152,039","-$88,630","-$5,784","-$106,293","$19,511","$322,018",676,"15,859",82.13%,17.87%
,2023-03-01 0:00:00,UberEats,N3,"$2,292,291","-$1,911,219","78,500","$420,621","$2,903,032","-$172,779","-$114,541","-$6,295","-$114,098","$21,362","$328,919",819,"16,980",81.78%,18.22%
,2023-04-01 0:00:00,UberEats,N3,"$2,183,111","-$1,823,374","74,289","$396,882","$2,760,941","-$162,115","-$102,610","-$6,681","-$107,203","$21,410","$308,010",744,"16,671",81.22%,18.78%
,2023-05-01 0:00:00,UberEats,N3,"$2,137,220","-$1,784,143","73,649","$384,735","$2,699,077","-$163,291","-$101,133","-$6,795","-$99,687","$24,342","$340,982",766,"16,764",81.58%,18.42%
,2023-06-01 0:00:00,UberEats,N3,"$2,100,935","-$1,754,407","71,848","$375,294","$2,649,714","-$175,744","-$59,270","-$7,144","-$96,299","$26,330","$351,577",806,"16,588",81.59%,18.41%
,2022-06-01 0:00:00,UberEats,N4,"$551,235","-$435,312","19,517","$109,448","$706,379","-$66,478","-$12,890","-$3,292","-$17,511","$6,109","$126,489",326,"5,633",76.59%,23.41%
,2022-07-01 0:00:00,UberEats,N4,"$587,958","-$468,664","20,257","$119,455","$756,190","-$68,658","-$18,849","-$2,999","-$20,050","$6,486","$120,054",341,"5,825",77.47%,22.53%
,2022-08-01 0:00:00,UberEats,N4,"$585,282","-$465,211","20,341","$119,986","$753,809","-$68,245","-$18,518","-$2,496","-$20,467","$6,459","$124,371",313,"5,783",77.47%,22.53%
,2022-09-01 0:00:00,UberEats,N4,"$565,571","-$450,005","19,338","$114,320","$726,446","-$62,163","-$18,146","-$2,293","-$19,682","$5,943","$116,862",280,"5,590",77.37%,22.63%
,2022-10-01 0:00:00,UberEats,N4,"$611,117","-$485,898","20,768","$114,564","$775,894","-$63,183","-$17,698","-$2,309","-$19,612","$6,348","$116,856",285,"5,822",77.06%,22.94%
,2022-11-01 0:00:00,UberEats,N4,"$581,824","-$462,631","19,847","$117,146","$746,971","-$58,093","-$12,390","-$2,333","-$21,731","$6,668","$125,483",256,"5,638",76.89%,23.11%
,2022-12-01 0:00:00,UberEats,N4,"$644,432","-$513,130","21,349","$131,700","$828,858","-$66,008","-$14,680","-$2,803","-$25,763","$7,139","$143,254",283,"6,037",77.49%,22.51%
,2023-01-01 0:00:00,UberEats,N4,"$628,066","-$499,653","21,179","$128,341","$807,734","-$61,056","-$18,446","-$2,946","-$26,490","$7,130","$140,960",286,"5,923",77.77%,22.23%
,2023-02-01 0:00:00,UberEats,N4,"$590,782","-$469,754","19,814","$119,750","$759,003","-$54,356","-$22,392","-$2,042","-$25,537","$6,725","$138,842",244,"5,688",77.54%,22.46%
,2022-10-01 0:00:00,Postmates,N1,"$32,597","-$26,623","1,087","$5,099","$41,169","-$3,399","-$1,964",-$127,-$595,$367,"$4,123",25,341,84.18%,15.82%
,2022-11-01 0:00:00,Postmates,N1,"$31,558","-$25,714","1,048","$4,961","$40,000","-$3,104","-$2,159",-$115,-$564,$367,"$4,205",21,326,84.82%,15.18%
,2022-12-01 0:00:00,Postmates,N1,"$31,818","-$25,844","1,017","$4,606","$39,740","-$2,829","-$1,808",-$58,-$537,$344,"$4,686",16,309,85.63%,14.37%
,2023-01-01 0:00:00,Postmates,N1,"$31,818","-$25,714","1,045","$4,608","$39,740","-$2,821","-$1,971",-$27,-$552,$338,"$4,782",15,276,85.40%,14.60%
,2023-02-01 0:00:00,Postmates,N1,"$30,130","-$24,416",992,"$4,421","$37,662","-$2,700","-$2,153",-$48,-$505,$300,"$4,193",14,271,84.04%,15.96%
,2023-03-01 0:00:00,Postmates,N1,"$34,675","-$28,182","1,125","$5,050","$43,377","-$3,268","-$2,039",-$321,-$571,$327,"$5,050",24,292,84.16%,15.84%
,2023-04-01 0:00:00,Postmates,N1,"$33,117","-$26,883","1,076","$4,791","$41,299","-$3,264","-$1,828",-$170,-$531,$304,"$4,941",20,285,84.06%,15.94%
,2023-05-01 0:00:00,Postmates,N1,"$33,377","-$27,143","1,080","$4,782","$41,558","-$3,375","-$2,239",-$97,-$514,$315,"$4,624",24,283,84.26%,15.74%
,2023-06-01 0:00:00,Postmates,N1,"$31,039","-$25,195","1,026","$4,536","$38,831","-$3,036","-$1,381",-$150,-$467,$302,"$4,970",24,272,84.77%,15.23%
,2022-06-01 0:00:00,Postmates,N2,"$9,392","-$7,775",310,"$1,541","$11,636",-$662,-$352,-$118,-$168,$73,"$1,680",27,171,84.19%,15.81%
,2022-07-01 0:00:00,Postmates,N2,"$10,330","-$8,554",336,"$1,686","$12,788",-$721,-$652,-$90,-$176,$75,"$1,447",33,183,83.88%,16.12%
,2022-08-01 0:00:00,Postmates,N2,"$10,596","-$8,714",339,"$1,749","$13,117",-$741,"-$1,124",-$62,-$193,$73,"$1,089",35,175,84.24%,15.76%
,2022-09-01 0:00:00,Postmates,N2,"$9,906","-$8,175",318,"$1,517","$12,155",-$558,-$930,-$40,-$173,$67,"$1,033",24,165,84.96%,15.04%
,2022-10-01 0:00:00,Postmates,N2,"$10,638","-$8,747",330,"$1,674","$13,117",-$594,"-$1,005",-$161,-$209,$76,$984,25,161,84.94%,15.06%
,2022-11-01 0:00:00,Postmates,N2,"$11,330","-$9,265",341,"$1,600","$13,766",-$630,"-$1,528",-$261,-$224,$75,$397,23,161,84.95%,15.05%
,2022-12-01 0:00:00,Postmates,N2,"$12,071","-$9,891",363,"$1,438","$14,416",-$779,"-$1,155",-$306,-$185,$71,$619,26,162,84.50%,15.50%
,2023-01-01 0:00:00,Postmates,N2,"$11,371","-$9,221",338,"$1,418","$13,636",-$765,"-$1,629",-$384,-$198,$78,$90,28,128,84.13%,15.87%
,2023-02-01 0:00:00,Postmates,N2,"$12,061","-$9,797",352,"$1,567","$14,416",-$782,"-$1,970",-$453,-$257,$85,$16,28,137,85.46%,14.54%
,2023-03-01 0:00:00,Postmates,N2,"$22,338","-$17,922",570,"$2,517","$26,364","-$1,319","-$3,650","-$3,437",-$494,$127,$406,86,221,88.51%,11.49%
,2023-04-01 0:00:00,Postmates,N2,"$18,182","-$14,675",497,"$2,178","$21,688","-$1,265","-$3,058","-$1,117",-$396,$127,$169,39,193,86.74%,13.26%
,2023-05-01 0:00:00,Postmates,N2,"$19,870","-$16,104",557,"$2,433","$23,636","-$1,497","-$4,740",-$562,-$437,$171,"-$1,115",47,206,86.76%,13.24%
,2023-06-01 0:00:00,Postmates,N2,"$16,104","-$12,987",470,"$2,006","$19,221","-$1,230","-$2,747",-$734,-$308,$142,$91,50,205,86.23%,13.77%
,2022-06-01 0:00:00,Postmates,N3,"$91,429","-$77,662","2,644","$15,584","$114,935","-$7,209","-$3,270",-$362,"-$2,552",$777,"$15,325",81,886,92.21%,7.79%
,2022-07-01 0:00:00,Postmates,N3,"$84,286","-$71,688","2,482","$14,416","$105,974","-$6,473","-$3,756",-$256,"-$2,333",$760,"$11,902",92,847,91.77%,8.23%
,2022-08-01 0:00:00,Postmates,N3,"$87,013","-$74,156","2,534","$14,156","$108,701","-$6,585","-$6,033",-$156,"-$2,412",$740,"$9,925",93,849,91.80%,8.20%
,2022-09-01 0:00:00,Postmates,N3,"$95,974","-$81,948","2,728","$14,675","$118,961","-$6,722","-$5,783",-$101,"-$2,644",$697,"$9,714",77,914,92.61%,7.39%
,2022-10-01 0:00:00,Postmates,N3,"$104,545","-$89,221","2,891","$15,974","$129,481","-$6,207","-$5,704",-$341,"-$2,937",$756,"$9,387",82,895,92.51%,7.49%
,2022-11-01 0:00:00,Postmates,N3,"$97,662","-$83,247","2,692","$14,935","$120,909","-$5,256","-$5,230",-$443,"-$2,716",$744,"$11,057",69,859,92.92%,7.08%
,2022-12-01 0:00:00,Postmates,N3,"$98,701","-$83,896","2,675","$15,455","$122,597","-$5,583","-$4,865",-$479,"-$2,873",$729,"$11,627",67,848,92.55%,7.45%
,2023-01-01 0:00:00,Postmates,N3,"$98,052","-$83,247","2,685","$15,195","$121,688","-$5,088","-$6,291",-$629,"-$2,882",$744,"$11,145",71,750,92.70%,7.30%
,2023-02-01 0:00:00,Postmates,N3,"$95,714","-$81,558","2,626","$15,065","$118,961","-$5,235","-$6,577",-$847,"-$2,988",$714,"$10,965",73,767,92.45%,7.55%
,2023-03-01 0:00:00,Postmates,N3,"$122,078","-$103,506","3,253","$18,442","$150,649","-$6,395","-$11,477","-$5,294","-$3,660",$853,"$11,030",169,943,92.83%,7.17%
,2023-04-01 0:00:00,Postmates,N3,"$108,182","-$92,078","2,919","$17,013","$133,766","-$5,912","-$7,692","-$1,706","-$3,328",$783,"$12,091",71,820,92.56%,7.44%
,2023-05-01 0:00:00,Postmates,N3,"$106,753","-$90,779","2,926","$17,143","$132,468","-$6,027","-$10,143",-$756,"-$3,192",$847,"$11,333",83,817,92.55%,7.45%
,2023-06-01 0:00:00,Postmates,N3,"$96,883","-$82,597","2,653","$16,234","$121,169","-$5,916","-$6,325","-$1,175","-$2,762",$817,"$13,377",99,817,92.71%,7.29%
,2022-06-01 0:00:00,Postmates,N4,"$6,603","-$5,334",193,"$1,072","$8,227",-$537,-$285,-$63,-$101,$50,"$1,351",17,102,82.62%,17.38%
,2022-07-01 0:00:00,Postmates,N4,"$7,801","-$6,310",219,"$1,206","$9,659",-$641,-$413,-$72,-$112,$53,"$1,369",20,113,84.04%,15.96%
,2022-08-01 0:00:00,Postmates,N4,"$8,333","-$6,726",233,"$1,256","$10,283",-$709,-$732,-$48,-$114,$52,"$1,126",21,116,84.60%,15.40%
,2022-09-01 0:00:00,Postmates,N4,"$7,050","-$5,704",206,"$1,047","$8,679",-$569,-$641,-$33,-$98,$43,$868,16,104,82.60%,17.40%
,2022-10-01 0:00:00,Postmates,N4,"$7,226","-$5,821",212,"$1,109","$8,931",-$565,-$713,-$79,-$101,$47,$807,17,100,82.41%,17.59%
,2022-11-01 0:00:00,Postmates,N4,"$7,539","-$6,055",218,"$1,046","$9,206",-$580,-$880,-$129,-$107,$48,$616,15,100,82.41%,17.59%
,2022-12-01 0:00:00,Postmates,N4,"$7,866","-$6,349",227,$951,"$9,457",-$660,-$735,-$95,-$99,$45,$676,15,100,82.30%,17.70%
,2023-01-01 0:00:00,Postmates,N4,"$7,360","-$5,901",212,$895,"$8,848",-$607,-$956,-$97,-$96,$47,$424,15,86,82.29%,17.71%
,2023-02-01 0:00:00,Postmates,N4,"$7,225","-$5,771",210,$902,"$8,713",-$595,"-$1,004",-$159,-$113,$48,$511,14,87,83.41%,16.59%
,2023-03-01 0:00:00,UberEats,N4,"$682,537","-$544,941","22,768","$134,092","$871,870","-$65,916","-$28,781","-$2,119","-$28,856","$7,409","$151,385",284,"6,093",77.38%,22.62%
,2023-04-01 0:00:00,UberEats,N4,"$653,741","-$522,304","21,665","$127,598","$834,659","-$65,075","-$26,808","-$2,394","-$27,534","$7,495","$144,383",269,"6,004",76.52%,23.48%
,2023-05-01 0:00:00,UberEats,N4,"$654,225","-$523,147","21,813","$127,829","$835,373","-$65,135","-$25,777","-$2,302","-$26,756","$8,601","$149,263",275,"6,093",76.97%,23.03%
,2023-06-01 0:00:00,UberEats,N4,"$659,164","-$527,543","21,717","$128,387","$841,086","-$64,008","-$16,041","-$2,373","-$26,521","$9,223","$153,286",299,"6,198",77.68%,22.32%
,2022-06-01 0:00:00,UberEats,O1,"$39,300","-$31,677","1,614","$9,941","$52,557","-$6,076","-$1,367",-$640,"-$1,016",$648,"$9,075",71,565,58.67%,41.33%
,2022-07-01 0:00:00,UberEats,O1,"$42,616","-$34,676","1,761","$10,744","$56,974","-$5,670","-$1,682",-$644,"-$1,835",$773,"$9,344",75,582,60.81%,39.19%
,2022-08-01 0:00:00,UberEats,O1,"$42,943","-$34,768","1,795","$10,877","$57,523","-$5,501","-$2,103",-$634,"-$1,950",$821,"$9,647",78,597,60.48%,39.52%
,2022-09-01 0:00:00,UberEats,O1,"$42,588","-$34,455","1,757","$10,961","$57,223","-$5,443","-$1,984",-$645,"-$2,078",$844,"$9,809",71,594,58.59%,41.41%
,2022-10-01 0:00:00,UberEats,O1,"$44,409","-$35,836","1,788","$11,889","$60,104","-$5,275","-$1,978",-$674,"-$2,537",$917,"$10,557",73,599,59.03%,40.97%
,2022-11-01 0:00:00,UberEats,O1,"$42,994","-$34,824","1,737","$11,200","$57,887","-$4,925","-$1,403",-$786,"-$2,345",$865,"$10,746",70,587,58.14%,41.86%
,2022-12-01 0:00:00,UberEats,O1,"$47,246","-$38,374","1,863","$12,481","$63,752","-$5,579","-$1,761",-$872,"-$2,910",$920,"$10,873",72,615,58.62%,41.38%
,2023-01-01 0:00:00,UberEats,O1,"$46,520","-$37,548","1,865","$12,280","$62,777","-$5,239","-$2,003",-$861,"-$3,068",$962,"$11,276",80,611,59.09%,40.91%
,2023-02-01 0:00:00,UberEats,O1,"$46,521","-$37,488","1,846","$12,130","$62,625","-$4,948","-$2,076",-$477,"-$3,058",$945,"$11,335",69,606,58.94%,41.06%
,2023-03-01 0:00:00,UberEats,O1,"$51,844","-$41,957","2,037","$13,643","$69,869","-$5,466","-$2,209",-$404,"-$3,563",$993,"$12,348",82,655,59.48%,40.52%
,2023-04-01 0:00:00,UberEats,O1,"$47,773","-$38,595","1,887","$12,876","$64,703","-$5,141","-$1,756",-$530,"-$3,326","$1,024","$12,162",67,620,58.93%,41.07%
,2023-05-01 0:00:00,UberEats,O1,"$47,121","-$38,102","1,844","$12,757","$63,881","-$5,273","-$1,884",-$501,"-$3,305","$1,203","$11,949",69,614,60.65%,39.35%
,2023-06-01 0:00:00,UberEats,O1,"$46,080","-$37,334","1,782","$12,207","$62,231","-$4,730","-$1,091",-$571,"-$3,107","$1,221","$12,339",77,608,62.20%,37.80%
,2022-06-01 0:00:00,UberEats,O2,"$188,977","-$149,641","6,629","$46,026","$249,308","-$34,482","-$5,004","-$2,303","-$6,600","$2,722","$39,649",216,"2,277",78.09%,21.91%
,2022-07-01 0:00:00,UberEats,O2,"$202,093","-$161,983","6,887","$47,669","$265,106","-$32,529","-$7,634","-$2,147","-$8,898","$3,010","$38,313",219,"2,314",79.88%,20.12%
,2022-08-01 0:00:00,UberEats,O2,"$194,306","-$155,855","6,729","$48,975","$258,107","-$30,594","-$7,832","-$1,629","-$9,169","$3,033","$41,183",182,"2,223",79.58%,20.42%
,2022-09-01 0:00:00,UberEats,O2,"$197,825","-$157,866","6,698","$49,035","$261,853","-$32,084","-$8,947","-$1,611","-$9,352","$2,891","$38,573",181,"2,222",79.24%,20.76%
,2022-10-01 0:00:00,UberEats,O2,"$210,953","-$168,241","7,177","$51,637","$278,593","-$34,160","-$7,992","-$1,822","-$10,056","$3,153","$42,339",191,"2,306",78.84%,21.16%
,2022-11-01 0:00:00,UberEats,O2,"$200,076","-$159,511","6,847","$51,044","$266,318","-$31,748","-$6,644","-$1,738","-$10,473","$3,260","$45,291",170,"2,208",78.25%,21.75%
,2022-12-01 0:00:00,UberEats,O2,"$216,284","-$172,786","7,179","$55,528","$288,037","-$33,051","-$7,405","-$1,802","-$12,226","$3,523","$47,919",168,"2,316",78.71%,21.29%
,2023-01-01 0:00:00,UberEats,O2,"$214,496","-$171,034","7,174","$54,709","$285,232","-$32,190","-$8,818","-$1,768","-$12,697","$3,578","$47,143",172,"2,311",79.94%,20.06%
,2023-02-01 0:00:00,UberEats,O2,"$200,507","-$159,965","6,748","$51,319","$266,784","-$29,911","-$8,925","-$1,087","-$12,139","$3,445","$44,128",152,"2,223",79.27%,20.73%
,2023-03-01 0:00:00,UberEats,O2,"$229,258","-$183,685","7,650","$57,764","$304,005","-$33,382","-$9,122",-$930,"-$13,759","$3,678","$49,511",185,"2,435",79.15%,20.85%
,2023-04-01 0:00:00,UberEats,O2,"$219,096","-$175,603","7,313","$55,068","$290,452","-$32,224","-$8,532","-$1,612","-$13,222","$3,672","$47,804",168,"2,372",79.06%,20.94%
,2023-05-01 0:00:00,UberEats,O2,"$224,679","-$180,526","7,507","$56,756","$297,948","-$33,662","-$8,154","-$1,675","-$13,416","$4,243","$50,230",181,"2,430",79.20%,20.80%
,2023-06-01 0:00:00,UberEats,O2,"$209,317","-$168,808","6,933","$55,245","$279,940","-$30,806","-$4,924","-$1,479","-$12,260","$4,362","$50,201",172,"2,321",79.12%,20.88%
,2022-06-01 0:00:00,UberEats,P1,"$60,697","-$48,730","2,165","$18,816","$84,331","-$11,202","-$1,518","-$1,088","-$1,882","$1,030","$16,233",105,904,59.52%,40.48%
,2022-07-01 0:00:00,UberEats,P1,"$63,086","-$51,126","2,215","$18,840","$86,946","-$10,505","-$1,657","-$1,063","-$2,637","$1,153","$16,189",109,906,62.02%,37.98%
,2022-08-01 0:00:00,UberEats,P1,"$60,291","-$48,715","2,172","$18,322","$83,393","-$10,236","-$1,630",-$892,"-$2,710","$1,172","$15,749",98,874,62.23%,37.77%
,2022-09-01 0:00:00,UberEats,P1,"$61,419","-$49,391","2,163","$18,438","$84,715","-$10,759","-$2,055",-$885,"-$2,855","$1,161","$15,199",95,873,61.25%,38.75%
,2022-10-01 0:00:00,UberEats,P1,"$66,696","-$53,619","2,340","$19,458","$91,449","-$11,667","-$1,614",-$933,"-$2,993","$1,281","$16,825",101,929,59.63%,40.37%
,2022-11-01 0:00:00,UberEats,P1,"$66,518","-$53,696","2,303","$20,006","$91,795","-$11,412","-$1,383","-$1,008","-$3,246","$1,280","$17,496",96,922,59.59%,40.41%
,2022-12-01 0:00:00,UberEats,P1,"$69,973","-$56,517","2,388","$21,348","$96,812","-$12,419","-$1,797","-$1,002","-$3,798","$1,376","$17,446",93,944,60.11%,39.89%
,2023-01-01 0:00:00,UberEats,P1,"$69,230","-$55,938","2,407","$21,202","$95,884","-$12,085","-$2,051","-$1,033","-$3,965","$1,417","$17,377",101,950,61.66%,38.34%
,2023-02-01 0:00:00,UberEats,P1,"$67,076","-$54,141","2,309","$20,457","$92,790","-$11,334","-$2,523",-$571,"-$3,903","$1,372","$16,698",89,919,60.86%,39.14%
,2023-03-01 0:00:00,UberEats,P1,"$77,705","-$62,966","2,649","$23,173","$106,924","-$13,028","-$2,902",-$463,"-$4,495","$1,456","$18,397",107,"1,019",60.42%,39.58%
,2023-04-01 0:00:00,UberEats,P1,"$82,925","-$67,114","2,749","$24,524","$113,879","-$14,300","-$2,593","-$1,038","-$4,770","$1,533","$19,685",102,"1,119",59.60%,40.40%
,2023-05-01 0:00:00,UberEats,P1,"$76,418","-$62,004","2,619","$23,071","$105,371","-$13,060","-$2,077","-$1,040","-$4,545","$1,745","$19,417",109,"1,028",59.11%,40.89%
,2023-06-01 0:00:00,UberEats,P1,"$71,170","-$57,847","2,437","$21,461","$98,114","-$11,961","-$1,443",-$934,"-$4,162","$1,804","$18,289",103,971,58.99%,41.01%
,2022-06-01 0:00:00,UberEats,P2,"$257,407","-$205,903","9,681","$50,536","$328,520","-$29,315","-$8,589","-$2,106","-$6,701","$3,405","$51,837",243,"3,191",72.27%,27.73%
,2023-03-01 0:00:00,Postmates,N4,"$12,958","-$10,284",332,"$1,407","$15,455",-$970,"-$1,943","-$1,740",-$209,$70,$797,45,137,88.34%,11.66%
,2023-04-01 0:00:00,Postmates,N4,"$10,337","-$8,239",277,"$1,188","$12,349",-$875,"-$1,403",-$630,-$161,$66,$730,19,116,85.95%,14.05%
,2023-05-01 0:00:00,Postmates,N4,"$11,378","-$9,091",314,"$1,344","$13,636",-$988,"-$2,364",-$213,-$184,$81,$128,22,124,86.06%,13.94%
,2023-06-01 0:00:00,Postmates,N4,"$9,988","-$7,994",274,"$1,158","$11,938",-$845,"-$1,284",-$256,-$146,$71,$750,22,121,87.07%,12.93%
,2022-06-01 0:00:00,Postmates,O1,"$28,571","-$23,247","1,082","$6,959","$37,792","-$3,439",-$962,-$26,-$571,$513,"$7,338",21,336,73.16%,26.84%
,2022-07-01 0:00:00,Postmates,O1,"$29,091","-$23,636","1,088","$6,966","$38,442","-$3,348","-$1,135",-$29,-$634,$478,"$7,149",20,329,73.45%,26.55%
,2022-08-01 0:00:00,Postmates,O1,"$28,442","-$23,247","1,073","$6,470","$37,403","-$3,174","-$1,649",-$17,-$586,$453,"$6,368",18,324,73.84%,26.16%
,2022-09-01 0:00:00,Postmates,O1,"$27,013","-$22,078","1,005","$5,842","$35,195","-$2,966","-$1,658",-$7,-$521,$408,"$5,704",15,309,73.32%,26.68%
,2022-10-01 0:00:00,Postmates,O1,"$27,922","-$22,727","1,027","$6,064","$36,364","-$2,815","-$1,498",-$12,-$538,$401,"$6,100",14,303,72.57%,27.43%
,2022-11-01 0:00:00,Postmates,O1,"$24,935","-$20,260",930,"$5,933","$32,987","-$2,455",-$590,-$17,-$509,$382,"$6,743",11,278,72.05%,27.95%
,2022-12-01 0:00:00,Postmates,O1,"$26,883","-$21,948",990,"$5,854","$35,065","-$2,649",-$669,-$12,-$479,$343,"$6,661",12,285,71.60%,28.40%
,2023-01-01 0:00:00,Postmates,O1,"$25,974","-$21,039",976,"$5,366","$33,636","-$2,455",-$722,-$14,-$399,$322,"$6,551",11,261,70.76%,29.24%
,2023-02-01 0:00:00,Postmates,O1,"$24,545","-$19,870",915,"$5,085","$31,688","-$2,296",-$615,-$7,-$354,$287,"$6,274",10,252,71.22%,28.78%
,2023-03-01 0:00:00,Postmates,O1,"$27,922","-$22,727","1,038","$5,834","$36,234","-$2,655",-$882,-$78,-$418,$315,"$6,965",13,264,70.83%,29.17%
,2023-04-01 0:00:00,Postmates,O1,"$25,844","-$20,909",953,"$5,521","$33,506","-$2,456",-$571,-$38,-$380,$277,"$6,912",9,247,70.87%,29.13%
,2023-05-01 0:00:00,Postmates,O1,"$24,935","-$20,260",919,"$5,441","$32,597","-$2,475",-$707,-$26,-$371,$279,"$6,628",11,237,71.34%,28.66%
,2023-06-01 0:00:00,Postmates,O1,"$22,468","-$18,182",811,"$5,838","$30,260","-$2,067",-$449,-$51,-$511,$302,"$7,007",10,220,73.80%,26.20%
,2022-06-01 0:00:00,Postmates,O2,"$93,636","-$75,455","3,175","$21,818","$122,727","-$14,805","-$3,257",-$112,"-$3,512","$1,677","$18,831",58,"1,042",82.47%,17.53%
,2022-07-01 0:00:00,Postmates,O2,"$94,026","-$75,974","3,131","$21,688","$122,857","-$14,286","-$3,445",-$79,"-$3,443","$1,595","$18,312",56,"1,018",82.92%,17.08%
,2022-08-01 0:00:00,Postmates,O2,"$90,000","-$72,727","3,000","$21,688","$118,571","-$13,247","-$4,680",-$46,"-$3,237","$1,507","$18,052",52,969,83.28%,16.72%
,2022-09-01 0:00:00,Postmates,O2,"$87,662","-$70,909","2,888","$20,130","$114,545","-$13,247","-$4,630",-$59,"-$2,875","$1,397","$15,974",45,950,82.88%,17.12%
,2022-10-01 0:00:00,Postmates,O2,"$90,000","-$72,727","2,954","$20,779","$117,662","-$13,636","-$4,692",-$129,"-$2,930","$1,429","$16,364",41,929,82.23%,17.77%
,2022-11-01 0:00:00,Postmates,O2,"$84,026","-$67,922","2,769","$19,481","$110,130","-$12,385","-$4,024",-$163,"-$2,778","$1,343","$16,753",34,883,81.70%,18.30%
,2022-12-01 0:00:00,Postmates,O2,"$88,442","-$71,558","2,844","$19,610","$114,675","-$12,776","-$3,769",-$134,"-$2,736","$1,274","$17,013",33,880,82.09%,17.91%
,2023-01-01 0:00:00,Postmates,O2,"$84,286","-$67,792","2,736","$18,442","$109,091","-$12,249","-$4,221",-$224,"-$2,488","$1,208","$16,234",34,791,82.63%,17.37%
,2023-02-01 0:00:00,Postmates,O2,"$80,909","-$65,195","2,585","$17,143","$104,156","-$11,541","-$5,921",-$235,"-$2,162","$1,116","$13,506",34,775,83.41%,16.59%
,2023-03-01 0:00:00,Postmates,O2,"$96,234","-$77,532","3,022","$19,870","$123,377","-$13,506","-$7,151","-$1,008","-$2,477","$1,207","$15,844",55,860,83.85%,16.15%
,2023-04-01 0:00:00,Postmates,O2,"$88,052","-$71,039","2,791","$18,831","$113,506","-$12,631","-$5,486",-$260,"-$2,266","$1,083","$16,234",37,805,83.21%,16.79%
,2023-05-01 0:00:00,Postmates,O2,"$89,740","-$72,468","2,861","$19,740","$116,104","-$13,117","-$6,635",-$221,"-$2,274","$1,139","$16,234",42,815,83.47%,16.53%
,2023-06-01 0:00:00,Postmates,O2,"$80,519","-$65,065","2,535","$21,169","$107,662","-$11,687","-$4,258",-$285,"-$2,465","$1,172","$18,701",37,753,83.60%,16.40%
,2022-06-01 0:00:00,Postmates,P1,"$34,935","-$28,182","1,193","$8,478","$46,234","-$5,437","-$1,405",-$69,"-$1,131",$749,"$7,470",34,442,66.20%,33.80%
,2022-07-01 0:00:00,Postmates,P1,"$34,286","-$27,662","1,151","$8,727","$45,714","-$5,243","-$1,574",-$64,"-$1,086",$714,"$7,567",30,424,67.22%,32.78%
,2022-08-01 0:00:00,Postmates,P1,"$32,078","-$25,974","1,075","$8,998","$43,636","-$4,879","-$2,159",-$35,"-$1,011",$678,"$7,281",26,396,68.61%,31.39%
,2022-09-01 0:00:00,Postmates,P1,"$30,519","-$24,675","1,012","$8,203","$41,169","-$4,803","-$2,129",-$63,-$904,$633,"$6,339",24,379,67.24%,32.76%
,2022-10-01 0:00:00,Postmates,P1,"$31,169","-$25,195","1,025","$8,521","$42,208","-$4,915","-$1,967",-$63,-$914,$652,"$6,766",21,373,66.35%,33.65%
,2022-11-01 0:00:00,Postmates,P1,"$28,571","-$23,247",936,"$8,516","$39,481","-$4,414",-$964,-$66,-$889,$600,"$7,784",18,345,66.10%,33.90%
,2022-12-01 0:00:00,Postmates,P1,"$29,351","-$23,896",944,"$8,170","$39,870","-$4,698",-$913,-$55,-$800,$566,"$7,344",17,340,66.76%,33.24%
,2023-01-01 0:00:00,Postmates,P1,"$27,403","-$22,208",898,"$7,516","$37,013","-$4,455","-$1,015",-$36,-$696,$521,"$6,759",16,305,66.83%,33.17%
,2023-02-01 0:00:00,Postmates,P1,"$25,455","-$20,649",832,"$7,005","$34,545","-$4,058",-$845,-$49,-$620,$463,"$6,529",14,290,66.51%,33.49%
,2023-03-01 0:00:00,Postmates,P1,"$30,130","-$24,545",967,"$8,218","$40,779","-$4,778","-$1,394",-$247,-$734,$494,"$7,239",25,323,66.74%,33.26%
,2023-04-01 0:00:00,Postmates,P1,"$29,870","-$24,156",926,"$8,464","$40,649","-$4,635",-$862,-$72,-$869,$487,"$8,066",13,330,65.51%,34.49%
,2023-05-01 0:00:00,Postmates,P1,"$27,273","-$22,078",869,"$8,108","$37,532","-$4,332","-$1,058",-$71,-$864,$497,"$7,463",17,298,64.69%,35.31%
,2023-06-01 0:00:00,Postmates,P1,"$24,286","-$19,610",777,"$7,562","$33,766","-$3,854",-$628,-$80,-$797,$494,"$7,141",15,271,65.56%,34.44%
,2022-06-01 0:00:00,Postmates,P2,"$5,304","-$4,372",183,"$1,002","$6,722",-$434,-$268,-$48,-$95,$63,"$1,031",15,93,81.18%,18.82%
,2022-07-01 0:00:00,UberEats,P2,"$270,938","-$219,644","10,109","$51,392","$343,961","-$29,151","-$9,922","-$2,240","-$7,000","$3,505","$50,265",265,"3,253",73.38%,26.62%
,2022-08-01 0:00:00,UberEats,P2,"$272,000","-$219,605","10,190","$51,760","$345,507","-$30,485","-$13,218","-$2,046","-$7,034","$3,380","$46,795",248,"3,293",74.26%,25.74%
,2022-09-01 0:00:00,UberEats,P2,"$267,583","-$215,570","9,870","$51,343","$340,315","-$32,978","-$11,393","-$2,140","-$7,548","$3,156","$44,450",237,"3,226",75.72%,24.28%
,2022-10-01 0:00:00,UberEats,P2,"$290,354","-$233,640","10,428","$56,374","$370,117","-$35,559","-$14,586","-$2,590","-$9,209","$3,479","$42,337",249,"3,381",76.93%,23.07%
,2022-11-01 0:00:00,UberEats,P2,"$262,961","-$212,273","9,613","$50,678","$334,850","-$30,733","-$7,595","-$2,806","-$7,919","$3,369","$52,293",234,"3,180",76.21%,23.79%
,2022-12-01 0:00:00,UberEats,P2,"$292,977","-$237,443","10,364","$57,546","$374,157","-$36,175","-$8,505","-$3,376","-$9,967","$3,735","$51,883",260,"3,396",76.73%,23.27%
,2023-01-01 0:00:00,UberEats,P2,"$289,254","-$233,492","10,433","$56,502","$369,224","-$32,589","-$10,993","-$2,595","-$9,967","$3,711","$56,112",254,"3,337",77.17%,22.83%
,2023-02-01 0:00:00,UberEats,P2,"$282,581","-$228,461","10,176","$55,273","$360,188","-$33,607","-$11,507","-$1,545","-$10,098","$3,566","$52,274",229,"3,295",76.09%,23.91%
,2023-03-01 0:00:00,UberEats,P2,"$333,167","-$270,154","11,881","$65,334","$425,165","-$41,220","-$16,982","-$1,233","-$13,112","$3,898","$54,307",279,"3,585",75.80%,24.20%
,2023-04-01 0:00:00,UberEats,P2,"$311,682","-$253,203","11,059","$60,861","$397,221","-$35,561","-$13,438","-$2,314","-$11,963","$3,869","$56,706",246,"3,472",75.73%,24.27%
,2023-05-01 0:00:00,UberEats,P2,"$289,726","-$235,351","10,440","$55,686","$368,026","-$32,367","-$9,652","-$2,305","-$9,574","$4,222","$59,688",253,"3,376",76.42%,23.58%
,2023-06-01 0:00:00,UberEats,P2,"$283,717","-$230,652","10,080","$53,453","$359,681","-$31,098","-$5,515","-$2,413","-$8,995","$4,442","$59,840",271,"3,305",77.24%,22.76%
,2022-06-01 0:00:00,UberEats,P3,"$341,707","-$272,874","13,151","$83,065","$453,352","-$42,177","-$9,027","-$2,632","-$11,828","$5,308","$83,869",302,"3,676",66.91%,33.09%
,2022-07-01 0:00:00,UberEats,P3,"$361,623","-$291,097","13,854","$83,347","$475,338","-$40,551","-$13,483","-$2,558","-$15,586","$5,662","$80,338",311,"3,743",69.21%,30.79%
,2022-08-01 0:00:00,UberEats,P3,"$359,865","-$288,746","13,823","$83,669","$473,852","-$42,416","-$16,513","-$2,239","-$16,269","$5,614","$76,976",293,"3,742",69.09%,30.91%
,2022-09-01 0:00:00,UberEats,P3,"$356,422","-$286,080","13,443","$83,195","$469,630","-$41,395","-$15,316","-$2,372","-$16,743","$5,380","$74,197",282,"3,729",67.70%,32.30%
,2022-10-01 0:00:00,UberEats,P3,"$373,355","-$299,123","13,916","$87,809","$492,418","-$40,678","-$15,530","-$2,644","-$18,898","$5,896","$79,048",292,"3,837",66.80%,33.20%
,2022-11-01 0:00:00,UberEats,P3,"$353,158","-$283,597","13,137","$83,562","$466,407","-$43,808","-$13,755","-$2,557","-$18,060","$5,895","$73,766",262,"3,719",66.09%,33.91%
,2022-12-01 0:00:00,UberEats,P3,"$371,615","-$298,230","13,502","$89,442","$492,122","-$44,889","-$13,857","-$3,007","-$20,581","$6,187","$81,021",269,"3,791",67.08%,32.92%
,2023-01-01 0:00:00,UberEats,P3,"$379,922","-$304,277","13,931","$90,896","$502,642","-$41,875","-$16,766","-$3,515","-$22,354","$6,267","$87,640",294,"3,837",67.27%,32.73%
,2023-02-01 0:00:00,UberEats,P3,"$381,019","-$304,942","13,662","$91,240","$504,191","-$46,847","-$21,572","-$2,513","-$23,448","$6,025","$76,214",262,"3,897",66.99%,33.01%
,2023-03-01 0:00:00,UberEats,P3,"$438,029","-$352,658","15,619","$95,172","$569,577","-$53,281","-$24,327","-$2,893","-$22,924","$6,409","$76,241",319,"4,184",66.96%,33.04%
,2023-04-01 0:00:00,UberEats,P3,"$417,919","-$336,312","15,008","$90,638","$543,364","-$51,342","-$21,623","-$3,406","-$21,315","$6,383","$76,560",308,"4,098",66.20%,33.80%
,2023-05-01 0:00:00,UberEats,P3,"$420,754","-$339,391","15,240","$91,994","$547,640","-$54,498","-$19,886","-$3,421","-$21,121","$7,392","$79,709",326,"4,136",66.12%,33.88%
,2023-06-01 0:00:00,UberEats,P3,"$400,191","-$322,383","14,643","$87,887","$521,271","-$50,314","-$14,963","-$3,656","-$20,500","$7,497","$80,743",321,"3,958",66.99%,33.01%
,2022-06-01 0:00:00,UberEats,P4,"$32,588","-$26,086","1,302","$8,205","$43,484","-$5,355","-$1,125",-$554,"-$1,107",$666,"$6,950",58,464,63.15%,36.85%
,2022-07-01 0:00:00,UberEats,P4,"$34,316","-$27,770","1,365","$8,994","$46,187","-$5,270","-$1,222",-$569,"-$1,750",$723,"$7,353",63,478,64.25%,35.75%
,2022-08-01 0:00:00,UberEats,P4,"$34,257","-$27,506","1,397","$9,079","$46,256","-$5,313","-$1,268",-$567,"-$1,784",$742,"$7,631",65,496,64.56%,35.44%
,2022-09-01 0:00:00,UberEats,P4,"$35,413","-$28,358","1,408","$9,453","$47,887","-$5,415","-$1,619",-$559,"-$1,999",$762,"$7,536",60,497,64.95%,35.05%
,2022-10-01 0:00:00,UberEats,P4,"$37,021","-$29,580","1,429","$10,542","$50,767","-$5,372","-$1,430",-$611,"-$2,649",$864,"$8,783",60,503,65.35%,34.65%
,2022-11-01 0:00:00,UberEats,P4,"$33,706","-$27,020","1,326","$9,303","$45,908","-$5,132",-$962,-$643,"-$2,340",$826,"$7,927",54,473,63.66%,36.34%
,2022-12-01 0:00:00,UberEats,P4,"$35,551","-$28,409","1,351","$9,823","$48,419","-$5,183","-$1,341",-$686,"-$2,691",$859,"$7,925",56,483,65.15%,34.85%
,2023-01-01 0:00:00,UberEats,P4,"$37,147","-$29,626","1,452","$10,348","$50,694","-$5,315","-$1,830",-$677,"-$3,016",$877,"$7,997",63,501,64.83%,35.17%
,2023-02-01 0:00:00,UberEats,P4,"$36,943","-$29,571","1,429","$10,325","$50,301","-$5,501","-$2,170",-$358,"-$3,142",$857,"$7,355",53,490,62.29%,37.71%
,2023-03-01 0:00:00,UberEats,P4,"$43,909","-$35,206","1,665","$11,867","$59,496","-$6,808","-$3,031",-$287,"-$3,635",$927,"$7,537",67,550,61.94%,38.06%
,2023-04-01 0:00:00,UberEats,P4,"$43,091","-$34,568","1,610","$11,786","$58,522","-$6,555","-$2,895",-$638,"-$3,603",$956,"$7,888",64,548,61.63%,38.37%
,2023-05-01 0:00:00,UberEats,P4,"$37,991","-$30,494","1,424","$10,610","$51,755","-$5,514","-$2,328",-$699,"-$3,291","$1,107","$7,821",66,505,62.69%,37.31%
,2023-06-01 0:00:00,UberEats,P4,"$35,798","-$28,754","1,336","$9,848","$48,721","-$5,495","-$1,924",-$666,"-$2,975","$1,118","$7,287",69,484,63.34%,36.66%
,2022-06-01 0:00:00,UberEats,P5,"$151,581","-$128,512","5,283","$43,974","$198,202","-$20,714","-$4,964","-$1,289","-$10,736","$2,954","$30,390",120,"1,610",73.25%,26.75%
,2022-07-01 0:00:00,UberEats,P5,"$160,348","-$136,061","5,528","$43,760","$206,858","-$19,908","-$5,830","-$1,026","-$10,186","$3,128","$31,230",118,"1,615",74.43%,25.57%
,2022-08-01 0:00:00,UberEats,P5,"$158,720","-$134,555","5,482","$43,096","$204,551","-$18,627","-$7,164",-$924,"-$9,961","$3,087","$31,698",113,"1,603",75.25%,24.75%
,2022-09-01 0:00:00,UberEats,P5,"$156,309","-$132,088","5,317","$42,981","$202,010","-$18,290","-$8,101",-$945,"-$10,255","$2,932","$30,077",107,"1,565",75.29%,24.71%
,2022-10-01 0:00:00,UberEats,P5,"$164,248","-$138,574","5,530","$45,966","$213,037","-$19,503","-$7,577","-$1,030","-$11,750","$3,139","$33,304",109,"1,597",75.37%,24.63%
,2022-11-01 0:00:00,UberEats,P5,"$157,932","-$133,565","5,329","$44,023","$204,647","-$17,330","-$6,526","-$1,067","-$11,388","$3,093","$33,140",101,"1,567",74.54%,25.46%
,2022-07-01 0:00:00,Postmates,P2,"$5,732","-$4,732",191,"$1,040","$7,225",-$462,-$498,-$45,-$96,$61,$859,19,98,82.69%,17.31%
,2022-08-01 0:00:00,Postmates,P2,"$6,119","-$5,036",201,"$1,068","$7,657",-$512,-$785,-$33,-$108,$60,$609,22,101,82.97%,17.03%
,2022-09-01 0:00:00,Postmates,P2,"$6,173","-$5,108",202,$997,"$7,647",-$546,-$718,-$23,-$108,$59,$521,16,103,83.18%,16.82%
,2022-10-01 0:00:00,Postmates,P2,"$6,471","-$5,338",207,"$1,077","$8,056",-$569,-$715,-$43,-$121,$62,$540,16,98,81.95%,18.05%
,2022-11-01 0:00:00,Postmates,P2,"$6,836","-$5,620",215,"$1,010","$8,369",-$621,"-$1,071",-$55,-$127,$67,$268,12,99,83.21%,16.79%
,2022-12-01 0:00:00,Postmates,P2,"$7,017","-$5,782",217,$900,"$8,442",-$646,-$798,-$51,-$109,$58,$360,13,96,83.50%,16.50%
,2023-01-01 0:00:00,Postmates,P2,"$7,091","-$5,800",223,$934,"$8,561",-$623,"-$1,109",-$87,-$114,$58,$233,15,87,82.60%,17.40%
,2023-02-01 0:00:00,Postmates,P2,"$7,461","-$6,089",227,$984,"$8,997",-$678,"-$1,344",-$95,-$146,$66,$44,13,89,84.11%,15.89%
,2023-03-01 0:00:00,Postmates,P2,"$9,793","-$8,004",292,"$1,254","$11,757",-$946,"-$1,748",-$671,-$191,$73,-$5,32,117,84.72%,15.28%
,2023-04-01 0:00:00,Postmates,P2,"$9,040","-$7,394",267,"$1,144","$10,842",-$841,"-$1,452",-$226,-$180,$71,$197,16,104,83.96%,16.04%
,2023-05-01 0:00:00,Postmates,P2,"$9,428","-$7,696",281,"$1,196","$11,298",-$877,"-$2,025",-$148,-$183,$90,-$208,19,105,84.21%,15.79%
,2023-06-01 0:00:00,Postmates,P2,"$8,154","-$6,665",249,"$1,030","$9,773",-$777,"-$1,262",-$296,-$140,$84,$249,22,103,84.26%,15.74%
,2022-06-01 0:00:00,Postmates,P3,"$85,974","-$69,610","3,165","$20,130","$113,117","-$8,996","-$2,507",-$137,"-$2,103","$1,273","$21,299",75,979,73.77%,26.23%
,2022-07-01 0:00:00,Postmates,P3,"$85,325","-$69,351","3,150","$18,961","$111,429","-$8,970","-$2,767",-$115,"-$1,918","$1,164","$20,000",69,956,73.87%,26.13%
,2022-08-01 0:00:00,Postmates,P3,"$85,065","-$69,351","3,130","$17,922","$110,260","-$9,381","-$3,810",-$67,"-$1,895","$1,106","$17,532",67,932,74.56%,25.44%
,2022-09-01 0:00:00,Postmates,P3,"$81,299","-$66,234","2,949","$16,234","$104,286","-$8,502","-$3,476",-$53,"-$1,694","$1,014","$15,974",56,890,74.39%,25.61%
,2022-10-01 0:00:00,Postmates,P3,"$82,987","-$67,532","2,977","$16,753","$106,623","-$8,231","-$3,601",-$143,"-$1,766","$1,033","$16,104",51,871,72.75%,27.25%
,2022-11-01 0:00:00,Postmates,P3,"$76,234","-$62,078","2,732","$15,325","$97,922","-$8,264","-$2,847",-$116,"-$1,633",$964,"$15,195",39,813,72.49%,27.51%
,2022-12-01 0:00:00,Postmates,P3,"$79,091","-$64,286","2,765","$15,584","$101,169","-$8,047","-$2,791",-$78,"-$1,767",$938,"$16,364",35,797,73.33%,26.67%
,2023-01-01 0:00:00,Postmates,P3,"$76,883","-$62,208","2,727","$15,195","$98,571","-$7,684","-$3,209",-$73,"-$1,746",$925,"$16,883",36,711,72.66%,27.34%
,2023-02-01 0:00:00,Postmates,P3,"$73,377","-$59,481","2,578","$14,545","$94,156","-$8,145","-$2,622",-$76,"-$1,670",$837,"$15,584",32,698,72.59%,27.41%
,2023-03-01 0:00:00,Postmates,P3,"$81,429","-$66,104","2,821","$16,104","$104,286","-$8,924","-$3,265",-$415,"-$1,818",$903,"$16,494",46,720,72.73%,27.27%
,2023-04-01 0:00:00,Postmates,P3,"$75,325","-$61,039","2,627","$15,195","$96,623","-$8,494","-$2,255",-$164,"-$1,620",$823,"$16,494",31,667,72.06%,27.94%
,2023-05-01 0:00:00,Postmates,P3,"$74,416","-$60,390","2,610","$15,455","$96,104","-$8,653","-$2,886",-$138,"-$1,572",$847,"$16,234",38,655,72.10%,27.90%
,2023-06-01 0:00:00,Postmates,P3,"$66,104","-$53,506","2,321","$16,364","$88,052","-$7,665","-$1,578",-$181,"-$1,871",$858,"$17,792",33,600,73.74%,26.26%
,2022-06-01 0:00:00,Postmates,P4,"$2,539","-$2,081",96,$580,"$3,321",-$323,-$111,-$13,-$51,$41,$534,6,44,70.54%,29.46%
,2022-07-01 0:00:00,Postmates,P4,"$2,695","-$2,212",98,$584,"$3,494",-$333,-$152,-$15,-$58,$40,$519,7,46,72.67%,27.33%
,2022-08-01 0:00:00,Postmates,P4,"$2,771","-$2,283",102,$616,"$3,613",-$352,-$277,-$5,-$54,$40,$421,7,46,71.09%,28.91%
,2022-09-01 0:00:00,Postmates,P4,"$2,975","-$2,448",111,$503,"$3,712",-$376,-$278,-$4,-$42,$36,$318,7,50,72.70%,27.30%
,2022-10-01 0:00:00,Postmates,P4,"$3,017","-$2,472",113,$494,"$3,747",-$395,-$249,-$20,-$38,$33,$323,7,47,70.24%,29.76%
,2022-11-01 0:00:00,Postmates,P4,"$2,977","-$2,437",110,$485,"$3,694",-$400,-$355,-$30,-$40,$33,$204,5,44,70.64%,29.36%
,2022-12-01 0:00:00,Postmates,P4,"$2,931","-$2,398",107,$441,"$3,597",-$380,-$266,-$12,-$42,$30,$258,4,42,71.72%,28.28%
,2023-01-01 0:00:00,Postmates,P4,"$2,881","-$2,331",105,$447,"$3,550",-$373,-$336,-$12,-$44,$29,$212,4,35,68.00%,32.00%
,2023-02-01 0:00:00,Postmates,P4,"$2,876","-$2,320",103,$477,"$3,575",-$396,-$347,-$17,-$61,$31,$219,4,34,67.32%,32.68%
,2023-03-01 0:00:00,Postmates,P4,"$3,358","-$2,721",119,$544,"$4,162",-$489,-$388,-$107,-$67,$33,$224,7,39,68.35%,31.65%
,2023-04-01 0:00:00,Postmates,P4,"$3,069","-$2,486",111,$505,"$3,812",-$437,-$296,-$56,-$58,$30,$300,5,36,64.92%,35.08%
,2023-05-01 0:00:00,Postmates,P4,"$2,992","-$2,423",108,$487,"$3,709",-$417,-$346,-$49,-$55,$33,$244,5,34,67.38%,32.62%
,2023-06-01 0:00:00,Postmates,P4,"$2,728","-$2,206",98,$441,"$3,381",-$420,-$263,-$74,-$48,$31,$238,6,34,67.82%,32.18%
,2022-06-01 0:00:00,Postmates,P5,"$43,766","-$38,571","1,392","$11,394","$55,455","-$4,693","-$1,880",-$87,"-$3,109","$1,029","$6,835",35,486,84.51%,15.49%
,2022-07-01 0:00:00,Postmates,P5,"$43,377","-$38,052","1,373","$10,349","$54,026","-$4,423","-$2,017",-$53,"-$2,591","$1,015","$6,427",34,471,84.13%,15.87%
,2022-08-01 0:00:00,Postmates,P5,"$43,247","-$37,922","1,370","$9,631","$53,247","-$4,281","-$2,772",-$23,"-$2,367",$967,"$5,495",34,463,84.56%,15.44%
,2022-09-01 0:00:00,Postmates,P5,"$41,429","-$36,234","1,294","$8,775","$50,390","-$4,073","-$2,579",-$22,"-$2,187",$893,"$4,729",26,442,84.62%,15.38%
,2022-10-01 0:00:00,Postmates,P5,"$43,117","-$37,792","1,337","$9,382","$52,857","-$4,313","-$2,615",-$77,"-$2,322",$907,"$5,187",26,442,84.43%,15.57%
,2022-11-01 0:00:00,Postmates,P5,"$38,571","-$33,896","1,196","$9,079","$47,922","-$3,480","-$1,430",-$58,"-$2,259",$858,"$6,243",19,402,83.96%,16.04%
,2022-12-01 0:00:00,UberEats,P5,"$163,495","-$138,239","5,351","$46,010","$212,323","-$18,069","-$6,867","-$1,122","-$12,856","$3,252","$31,119",101,"1,603",74.91%,25.09%
,2023-01-01 0:00:00,UberEats,P5,"$169,195","-$142,654","5,657","$47,373","$219,593","-$16,384","-$7,452","-$1,034","-$13,661","$3,269","$34,488",104,"1,589",76.11%,23.89%
,2023-02-01 0:00:00,UberEats,P5,"$152,007","-$128,483","5,030","$42,293","$196,977","-$16,050","-$6,388",-$552,"-$13,013","$3,116","$28,176",90,"1,512",74.26%,25.74%
,2023-03-01 0:00:00,UberEats,P5,"$189,006","-$153,399","6,316","$43,697","$235,935","-$19,712","-$8,527",-$428,"-$12,248","$3,351","$35,521",121,"1,721",74.35%,25.65%
,2023-04-01 0:00:00,UberEats,P5,"$184,312","-$149,807","6,210","$42,328","$229,774","-$19,757","-$7,126","-$1,009","-$11,292","$3,312","$35,631",115,"1,717",73.59%,26.41%
,2023-05-01 0:00:00,UberEats,P5,"$181,167","-$147,444","6,148","$41,250","$225,489","-$19,763","-$6,653",-$932,"-$10,609","$3,745","$35,399",112,"1,706",73.92%,26.08%
,2023-06-01 0:00:00,UberEats,P5,"$177,008","-$144,213","6,011","$40,172","$220,233","-$21,097","-$4,116",-$884,"-$10,215","$3,797","$37,770",116,"1,693",74.56%,25.44%
,2022-06-01 0:00:00,UberEats,R1,"$86,817","-$68,697","3,244","$20,698","$115,880","-$13,776","-$2,606",-$914,"-$3,141","$1,629","$19,082",107,"1,103",77.67%,22.33%
,2022-07-01 0:00:00,UberEats,R1,"$93,064","-$74,126","3,441","$21,197","$123,187","-$13,294","-$3,656",-$895,"-$4,007","$1,757","$19,248",114,"1,145",79.07%,20.93%
,2022-08-01 0:00:00,UberEats,R1,"$92,763","-$73,762","3,450","$21,166","$122,851","-$13,248","-$4,229",-$915,"-$4,126","$1,774","$18,659",117,"1,145",79.42%,20.58%
,2022-09-01 0:00:00,UberEats,R1,"$91,198","-$72,467","3,326","$21,065","$121,046","-$12,611","-$4,440",-$955,"-$4,358","$1,728","$17,039",112,"1,137",79.20%,20.80%
,2022-10-01 0:00:00,UberEats,R1,"$96,057","-$76,154","3,425","$23,022","$128,399","-$12,589","-$4,376","-$1,015","-$5,337","$1,919","$19,556",109,"1,153",79.35%,20.65%
,2022-11-01 0:00:00,UberEats,R1,"$89,920","-$71,547","3,217","$21,351","$119,986","-$12,568","-$3,489",-$995,"-$5,012","$1,893","$17,152",95,"1,109",78.67%,21.33%
,2022-12-01 0:00:00,UberEats,R1,"$98,299","-$78,201","3,416","$23,293","$131,070","-$16,177","-$4,392","-$1,157","-$5,638","$1,962","$15,867",103,"1,175",79.23%,20.77%
,2023-01-01 0:00:00,UberEats,R1,"$100,104","-$79,373","3,587","$23,930","$133,700","-$14,307","-$5,577","-$1,104","-$6,126","$2,001","$17,396",109,"1,183",79.68%,20.32%
,2023-02-01 0:00:00,UberEats,R1,"$98,210","-$78,137","3,504","$23,840","$131,290","-$12,962","-$5,550",-$601,"-$6,339","$1,955","$18,443",95,"1,170",78.58%,21.42%
,2023-03-01 0:00:00,UberEats,R1,"$118,068","-$94,524","4,215","$24,620","$153,734","-$16,516","-$7,231",-$420,"-$5,934","$2,044","$17,224",124,"1,330",77.44%,22.56%
,2023-04-01 0:00:00,UberEats,R1,"$117,998","-$94,671","4,199","$24,892","$153,913","-$18,787","-$7,154","-$1,102","-$5,848","$2,067","$15,493",122,"1,357",77.26%,22.74%
,2023-05-01 0:00:00,UberEats,R1,"$114,406","-$91,939","4,108","$24,492","$149,524","-$17,081","-$5,677","-$1,077","-$5,424","$2,338","$18,464",125,"1,328",77.53%,22.47%
,2023-06-01 0:00:00,UberEats,R1,"$110,734","-$89,236","3,986","$23,687","$144,792","-$13,590","-$3,757","-$1,070","-$5,189","$2,403","$21,795",133,"1,301",77.21%,22.79%
,2022-06-01 0:00:00,UberEats,R2,"$34,143","-$26,972","1,288","$8,440","$45,766","-$3,849","-$1,053",-$531,"-$1,415",$640,"$7,987",51,464,72.44%,27.56%
,2022-07-01 0:00:00,UberEats,R2,"$36,932","-$29,568","1,374","$9,482","$49,868","-$4,208","-$1,250",-$551,"-$2,169",$719,"$8,003",59,488,72.83%,27.17%
,2022-08-01 0:00:00,UberEats,R2,"$36,715","-$29,286","1,396","$9,493","$49,663","-$3,957","-$1,425",-$466,"-$2,281",$741,"$8,112",53,487,73.45%,26.55%
,2022-09-01 0:00:00,UberEats,R2,"$38,691","-$31,060","1,438","$9,830","$52,123","-$4,067","-$1,258",-$475,"-$2,397",$718,"$8,347",53,492,73.69%,26.31%
,2022-10-01 0:00:00,UberEats,R2,"$43,246","-$34,756","1,579","$10,886","$58,168","-$4,250","-$1,333",-$501,"-$2,812",$797,"$9,253",54,516,73.80%,26.20%
,2022-11-01 0:00:00,UberEats,R2,"$39,078","-$31,440","1,447","$10,014","$52,747","-$4,452",-$820,-$519,"-$2,729",$788,"$8,355",48,484,73.18%,26.82%
,2022-12-01 0:00:00,UberEats,R2,"$41,394","-$33,434","1,489","$10,618","$55,858","-$4,601",-$713,-$621,"-$3,043",$850,"$8,912",51,506,74.33%,25.67%
,2023-01-01 0:00:00,UberEats,R2,"$40,452","-$32,478","1,482","$10,460","$54,690","-$4,202","-$1,182",-$526,"-$3,208",$851,"$8,843",51,493,74.80%,25.20%
,2023-02-01 0:00:00,UberEats,R2,"$41,188","-$32,917","1,508","$10,666","$55,558","-$3,769","-$1,300",-$298,"-$3,297",$829,"$9,192",46,507,73.48%,26.52%
,2023-03-01 0:00:00,UberEats,R2,"$46,936","-$37,717","1,718","$11,893","$63,190","-$4,900","-$1,770",-$202,"-$3,711",$888,"$9,408",55,552,72.76%,27.24%
,2023-04-01 0:00:00,UberEats,R2,"$46,555","-$37,509","1,687","$11,806","$62,609","-$4,551","-$1,587",-$333,"-$3,658",$919,"$10,432",47,544,72.02%,27.98%
,2023-05-01 0:00:00,UberEats,R2,"$43,816","-$35,400","1,592","$11,106","$58,847","-$4,439","-$1,147",-$299,"-$3,345","$1,050","$10,922",45,530,73.29%,26.71%
,2023-06-01 0:00:00,UberEats,R2,"$38,634","-$31,132","1,386","$9,649","$51,852","-$3,871",-$608,-$315,"-$2,861","$1,072","$9,952",48,490,73.39%,26.61%
,2022-06-01 0:00:00,UberEats,R3,"$54,931","-$43,537","2,068","$13,811","$74,293","-$7,693","-$1,704",-$593,"-$1,730",$949,"$13,141",61,713,73.02%,26.98%
,2022-07-01 0:00:00,UberEats,R3,"$58,125","-$47,260","2,163","$14,132","$78,160","-$7,332","-$1,950",-$612,"-$2,324","$1,009","$12,416",68,732,73.07%,26.93%
,2022-08-01 0:00:00,UberEats,R3,"$57,630","-$46,127","2,167","$14,081","$77,586","-$7,597","-$2,177",-$557,"-$2,408","$1,023","$12,450",64,737,73.74%,26.26%
,2022-09-01 0:00:00,UberEats,R3,"$55,601","-$44,340","2,078","$13,680","$74,996","-$7,260","-$1,981",-$522,"-$2,436","$1,002","$12,256",60,710,73.55%,26.45%
,2022-10-01 0:00:00,UberEats,R3,"$60,582","-$48,203","2,228","$14,912","$81,745","-$7,575","-$2,188",-$592,"-$2,884","$1,093","$10,355",63,744,73.45%,26.55%
,2022-11-01 0:00:00,UberEats,R3,"$56,626","-$45,273","2,080","$14,134","$76,579","-$6,544","-$1,446",-$663,"-$2,824","$1,061","$11,501",59,708,72.27%,27.73%
,2022-12-01 0:00:00,UberEats,R3,"$61,540","-$49,270","2,216","$15,600","$83,494","-$7,051","-$1,601",-$734,"-$3,429","$1,155","$12,891",60,742,73.25%,26.75%
,2023-01-01 0:00:00,UberEats,R3,"$61,665","-$49,277","2,260","$15,658","$83,699","-$6,622","-$2,005",-$771,"-$3,671","$1,168","$13,682",68,734,74.85%,25.15%
,2023-02-01 0:00:00,UberEats,R3,"$59,756","-$47,923","2,170","$15,174","$81,118","-$6,046","-$2,186",-$401,"-$3,708","$1,135","$12,698",55,717,74.34%,25.66%
,2023-03-01 0:00:00,UberEats,R3,"$68,723","-$55,320","2,469","$17,612","$93,412","-$7,059","-$3,111",-$287,"-$4,615","$1,238","$13,377",66,777,73.83%,26.17%
,2023-04-01 0:00:00,UberEats,R3,"$64,574","-$52,030","2,308","$16,575","$87,780","-$6,799","-$2,375",-$435,"-$4,332","$1,237","$13,911",57,745,73.68%,26.32%
,2022-12-01 0:00:00,Postmates,P5,"$38,701","-$33,896","1,160","$9,190","$48,052","-$3,512","-$1,445",-$42,"-$2,390",$834,"$5,702",17,394,84.40%,15.60%
,2023-01-01 0:00:00,Postmates,P5,"$36,753","-$31,948","1,122","$8,943","$45,844","-$3,124","-$1,711",-$41,"-$2,258",$801,"$5,789",17,318,83.80%,16.20%
,2023-02-01 0:00:00,Postmates,P5,"$31,299","-$27,273",952,"$7,575","$39,091","-$2,856","-$1,348",-$47,"-$2,005",$734,"$4,622",14,293,83.29%,16.71%
,2023-03-01 0:00:00,Postmates,P5,"$40,779","-$33,506","1,243","$6,697","$47,792","-$3,782","-$2,383",-$417,"-$1,337",$710,"$5,537",27,342,84.13%,15.87%
,2023-04-01 0:00:00,Postmates,P5,"$39,740","-$32,727","1,237","$6,249","$46,364","-$3,863","-$1,717",-$158,"-$1,011",$615,"$5,805",18,334,83.17%,16.83%
,2023-05-01 0:00:00,Postmates,P5,"$38,571","-$31,688","1,218","$6,800","$45,714","-$3,900","-$2,001",-$99,-$972,$617,"$5,964",19,322,83.34%,16.66%
,2023-06-01 0:00:00,Postmates,P5,"$35,844","-$29,481","1,130","$7,439","$43,506","-$3,927","-$1,014",-$113,"-$1,131",$624,"$7,626",18,311,83.85%,16.15%
,2022-06-01 0:00:00,Postmates,R1,"$11,403","-$9,229",410,"$2,441","$14,935","-$1,417",-$434,-$44,-$229,$168,"$2,458",17,177,83.69%,16.31%
,2022-07-01 0:00:00,Postmates,R1,"$11,525","-$9,342",405,"$2,394","$15,065","-$1,387",-$565,-$35,-$241,$157,"$2,351",16,172,84.00%,16.00%
,2022-08-01 0:00:00,Postmates,R1,"$11,577","-$9,401",402,"$2,431","$15,065","-$1,382","-$1,047",-$18,-$221,$153,"$1,917",17,166,83.90%,16.10%
,2022-09-01 0:00:00,Postmates,R1,"$11,620","-$9,447",402,"$1,832","$14,545","-$1,313",-$945,-$10,-$170,$141,"$1,358",13,172,84.86%,15.14%
,2022-10-01 0:00:00,Postmates,R1,"$12,281","-$9,946",423,"$1,824","$15,195","-$1,401",-$857,-$35,-$166,$133,"$1,495",14,168,83.88%,16.12%
,2022-11-01 0:00:00,Postmates,R1,"$11,601","-$9,398",392,"$1,736","$14,416","-$1,373","-$1,063",-$35,-$162,$129,$973,10,151,83.20%,16.80%
,2022-12-01 0:00:00,Postmates,R1,"$12,115","-$9,818",406,"$1,693","$14,935","-$1,303",-$854,-$19,-$171,$121,"$1,375",9,153,83.12%,16.88%
,2023-01-01 0:00:00,Postmates,R1,"$11,087","-$8,886",379,"$1,649","$13,766","-$1,240","-$1,017",-$38,-$174,$121,"$1,147",10,116,81.78%,18.22%
,2023-02-01 0:00:00,Postmates,R1,"$10,891","-$8,731",364,"$1,675","$13,506","-$1,251","-$1,106",-$39,-$187,$117,"$1,087",9,114,82.30%,17.70%
,2023-03-01 0:00:00,Postmates,R1,"$12,537","-$10,076",417,"$1,927","$15,584","-$1,485","-$1,147",-$229,-$223,$125,"$1,297",16,125,81.61%,18.39%
,2023-04-01 0:00:00,Postmates,R1,"$11,611","-$9,323",387,"$1,778","$14,416","-$1,402",-$932,-$91,-$190,$115,"$1,360",10,120,81.78%,18.22%
,2023-05-01 0:00:00,Postmates,R1,"$11,601","-$9,360",390,"$1,773","$14,416","-$1,377","-$1,084",-$65,-$191,$121,"$1,230",12,116,82.22%,17.78%
,2023-06-01 0:00:00,Postmates,R1,"$10,693","-$8,645",361,"$1,635","$13,247","-$1,167",-$640,-$142,-$164,$114,"$1,492",13,111,82.07%,17.93%
,2022-06-01 0:00:00,Postmates,R2,"$1,698","-$1,381",60,$335,"$2,185",-$140,-$81,-$13,-$31,$21,$353,5,32,82.31%,17.69%
,2022-07-01 0:00:00,Postmates,R2,"$1,847","-$1,498",64,$372,"$2,386",-$171,-$125,-$9,-$35,$19,$327,5,33,80.92%,19.08%
,2022-08-01 0:00:00,Postmates,R2,"$1,865","-$1,514",65,$361,"$2,392",-$162,-$177,-$9,-$34,$19,$271,5,32,80.83%,19.17%
,2022-09-01 0:00:00,Postmates,R2,"$1,926","-$1,571",66,$353,"$2,450",-$157,-$191,-$5,-$40,$22,$251,5,32,81.08%,18.92%
,2022-10-01 0:00:00,Postmates,R2,"$2,001","-$1,634",66,$358,"$2,537",-$149,-$191,-$15,-$39,$21,$259,4,31,80.54%,19.46%
,2022-11-01 0:00:00,Postmates,R2,"$2,011","-$1,634",66,$333,"$2,521",-$160,-$247,-$16,-$40,$22,$176,3,30,79.44%,20.56%
,2022-12-01 0:00:00,Postmates,R2,"$2,080","-$1,692",68,$286,"$2,542",-$171,-$211,-$8,-$32,$19,$180,3,29,80.39%,19.61%
,2023-01-01 0:00:00,Postmates,R2,"$1,829","-$1,468",61,$268,"$2,254",-$169,-$246,-$23,-$35,$20,$102,4,22,78.55%,21.45%
,2023-02-01 0:00:00,Postmates,R2,"$1,876","-$1,500",61,$291,"$2,326",-$151,-$302,-$15,-$45,$20,$81,3,22,78.76%,21.24%
,2023-03-01 0:00:00,Postmates,R2,"$2,376","-$1,911",77,$356,"$2,936",-$200,-$368,-$86,-$53,$23,$98,6,27,78.91%,21.09%
,2023-04-01 0:00:00,Postmates,R2,"$2,169","-$1,742",71,$336,"$2,687",-$202,-$269,-$23,-$51,$23,$178,3,25,78.96%,21.04%
,2023-05-01 0:00:00,Postmates,R2,"$2,247","-$1,816",73,$344,"$2,777",-$216,-$358,-$18,-$52,$25,$131,3,25,77.16%,22.84%
,2023-06-01 0:00:00,Postmates,R2,"$1,902","-$1,531",61,$289,"$2,351",-$179,-$221,-$45,-$38,$22,$192,4,23,77.80%,22.20%
,2022-06-01 0:00:00,Postmates,R3,"$2,075","-$1,669",74,$449,"$2,734",-$229,-$105,-$15,-$40,$26,$437,6,37,77.65%,22.35%
,2022-07-01 0:00:00,Postmates,R3,"$2,186","-$1,770",76,$454,"$2,863",-$231,-$133,-$14,-$39,$23,$409,7,37,77.17%,22.83%
,2022-08-01 0:00:00,Postmates,R3,"$2,237","-$1,804",78,$454,"$2,920",-$245,-$245,-$5,-$42,$26,$295,7,38,77.90%,22.10%
,2022-09-01 0:00:00,Postmates,R3,"$2,153","-$1,753",75,$387,"$2,759",-$219,-$222,-$5,-$35,$22,$251,6,38,77.68%,22.32%
,2022-10-01 0:00:00,Postmates,R3,"$2,176","-$1,763",74,$410,"$2,813",-$199,-$216,-$14,-$38,$20,$214,5,35,75.66%,24.34%
,2022-11-01 0:00:00,Postmates,R3,"$2,122","-$1,712",72,$361,"$2,702",-$184,-$296,-$14,-$36,$21,$119,4,33,74.76%,25.24%
,2022-12-01 0:00:00,Postmates,R3,"$2,286","-$1,849",76,$334,"$2,854",-$211,-$221,-$5,-$31,$20,$170,4,32,76.18%,23.82%
,2023-01-01 0:00:00,Postmates,R3,"$2,157","-$1,735",72,$334,"$2,710",-$204,-$327,-$7,-$36,$19,$77,4,27,75.66%,24.34%
,2023-02-01 0:00:00,Postmates,R3,"$2,113","-$1,695",69,$352,"$2,682",-$201,-$327,-$4,-$42,$20,$83,3,26,76.60%,23.40%
,2023-03-01 0:00:00,Postmates,R3,"$2,789","-$2,256",90,$457,"$3,531",-$256,-$419,-$115,-$58,$24,$110,8,32,76.18%,23.82%
,2023-04-01 0:00:00,Postmates,R3,"$2,377","-$1,926",77,$393,"$3,011",-$243,-$310,-$39,-$52,$24,$138,4,29,75.12%,24.88%
,2023-05-01 0:00:00,UberEats,R3,"$61,288","-$49,433","2,207","$15,833","$83,379","-$7,151","-$1,560",-$422,"-$4,056","$1,432","$15,047",59,727,74.56%,25.44%
,2023-06-01 0:00:00,UberEats,R3,"$58,700","-$47,328","2,121","$15,148","$79,859","-$6,395",-$777,-$456,"-$3,869","$1,477","$14,985",63,701,74.84%,25.16%
,2022-06-01 0:00:00,UberEats,S1,"$57,405","-$46,025","2,082","$19,116","$80,914","-$14,465","-$1,652","-$1,848","-$2,664","$1,444","$12,381",149,858,62.52%,37.48%
,2022-07-01 0:00:00,UberEats,S1,"$58,193","-$47,431","2,091","$18,651","$81,316","-$13,598","-$1,891","-$1,490","-$3,458","$1,550","$11,221",135,838,64.13%,35.87%
,2022-08-01 0:00:00,UberEats,S1,"$57,342","-$46,496","2,091","$18,504","$80,228","-$13,610","-$2,106","-$1,365","-$3,552","$1,574","$11,002",132,828,63.92%,36.08%
,2022-09-01 0:00:00,UberEats,S1,"$59,464","-$48,044","2,106","$19,028","$83,052","-$13,823","-$2,731","-$1,457","-$3,833","$1,554","$10,859",133,833,63.77%,36.23%
,2022-10-01 0:00:00,UberEats,S1,"$61,301","-$49,432","2,153","$20,318","$86,354","-$14,197","-$2,111","-$1,496","-$4,544","$1,721","$12,564",126,833,63.56%,36.44%
,2022-11-01 0:00:00,UberEats,S1,"$57,990","-$46,958","2,048","$18,812","$81,266","-$13,582","-$1,746","-$1,530","-$4,218","$1,690","$11,619",114,791,63.55%,36.45%
,2022-12-01 0:00:00,UberEats,S1,"$63,928","-$51,789","2,205","$20,878","$89,701","-$13,631","-$2,294","-$1,596","-$5,004","$1,793","$13,179",119,854,64.06%,35.94%
,2023-01-01 0:00:00,UberEats,S1,"$61,876","-$50,009","2,163","$20,273","$86,920","-$12,397","-$2,707","-$1,471","-$5,269","$1,825","$13,324",119,830,66.60%,33.40%
,2023-02-01 0:00:00,UberEats,S1,"$60,159","-$48,565","2,099","$19,556","$84,350","-$12,178","-$3,158",-$764,"-$5,118","$1,755","$11,933",97,802,65.57%,34.43%
,2023-03-01 0:00:00,UberEats,S1,"$70,069","-$57,438","2,423","$22,164","$97,603","-$14,032","-$3,844",-$605,"-$5,757","$1,836","$11,819",135,912,65.42%,34.58%
,2023-04-01 0:00:00,UberEats,S1,"$65,019","-$52,658","2,258","$20,834","$90,859","-$12,999","-$2,779","-$1,392","-$5,366","$1,827","$13,451",118,865,64.75%,35.25%
,2023-05-01 0:00:00,UberEats,S1,"$65,576","-$53,302","2,275","$21,194","$91,784","-$13,105","-$2,428","-$1,369","-$5,451","$2,111","$14,383",130,885,64.91%,35.09%
,2023-06-01 0:00:00,UberEats,S1,"$61,978","-$50,518","2,134","$19,705","$86,486","-$12,264","-$1,795","-$1,236","-$5,000","$2,170","$13,419",128,849,66.48%,33.52%
,2022-06-01 0:00:00,UberEats,S2,"$146,067","-$116,460","5,705","$37,301","$195,007","-$23,217","-$3,852","-$1,470","-$6,683","$2,514","$33,303",170,"1,779",69.68%,30.32%
,2022-07-01 0:00:00,UberEats,S2,"$154,112","-$124,296","5,910","$39,645","$206,045","-$20,979","-$5,114","-$1,435","-$8,055","$2,677","$35,561",175,"1,809",71.97%,28.03%
,2022-08-01 0:00:00,UberEats,S2,"$150,878","-$121,243","5,849","$39,200","$202,164","-$19,673","-$6,450","-$1,253","-$8,337","$2,740","$34,955",161,"1,776",72.28%,27.72%
,2022-09-01 0:00:00,UberEats,S2,"$148,149","-$119,238","5,664","$38,625","$198,609","-$19,034","-$5,942","-$1,197","-$8,549","$2,673","$34,752",149,"1,744",71.03%,28.97%
,2022-10-01 0:00:00,UberEats,S2,"$154,656","-$124,321","5,890","$39,784","$206,713","-$20,041","-$5,800","-$1,305","-$9,161","$2,905","$36,497",153,"1,773",69.57%,30.43%
,2022-11-01 0:00:00,UberEats,S2,"$146,293","-$117,904","5,577","$38,635","$196,643","-$19,511","-$5,045","-$1,411","-$9,123","$2,866","$34,578",142,"1,724",68.74%,31.26%
,2022-12-01 0:00:00,UberEats,S2,"$156,456","-$125,935","5,811","$41,782","$210,747","-$20,412","-$5,711","-$1,587","-$10,667","$3,025","$35,520",146,"1,792",69.44%,30.56%
,2023-01-01 0:00:00,UberEats,S2,"$160,858","-$129,090","6,039","$42,456","$216,248","-$19,389","-$7,294","-$1,841","-$11,581","$3,072","$36,742",159,"1,791",69.92%,30.08%
,2023-02-01 0:00:00,UberEats,S2,"$156,928","-$125,892","5,819","$41,254","$210,766","-$19,192","-$8,353","-$1,246","-$11,609","$2,970","$33,631",140,"1,778",69.82%,30.18%
,2023-03-01 0:00:00,UberEats,S2,"$182,506","-$147,129","6,641","$47,691","$244,632","-$22,028","-$9,998","-$1,428","-$13,779","$3,227","$36,779",169,"1,924",69.77%,30.23%
,2023-04-01 0:00:00,UberEats,S2,"$174,417","-$140,470","6,347","$44,933","$233,181","-$21,485","-$8,847","-$1,660","-$12,791","$3,246","$36,186",163,"1,899",69.68%,30.32%
,2023-05-01 0:00:00,UberEats,S2,"$177,811","-$143,815","6,525","$42,561","$234,330","-$21,479","-$9,640","-$1,631","-$11,203","$3,789","$35,737",176,"1,934",70.66%,29.34%
,2023-06-01 0:00:00,UberEats,S2,"$172,837","-$140,027","6,304","$41,254","$227,659","-$19,756","-$6,047","-$1,802","-$10,668","$3,896","$37,726",188,"1,917",71.25%,28.75%
,2022-06-01 0:00:00,UberEats,S3,"$236,597","-$186,364","8,000","$69,303","$323,548","-$40,012","-$4,917","-$1,799","-$8,442","$3,703","$66,731",209,"2,725",82.33%,17.67%
,2022-07-01 0:00:00,UberEats,S3,"$252,070","-$200,657","8,324","$70,930","$341,858","-$39,268","-$6,931","-$1,783","-$11,207","$3,980","$61,858",215,"2,790",83.38%,16.62%
,2022-08-01 0:00:00,UberEats,S3,"$246,608","-$195,593","8,224","$69,604","$334,603","-$37,209","-$9,401","-$1,466","-$11,488","$4,026","$63,539",190,"2,722",83.31%,16.69%
,2022-09-01 0:00:00,UberEats,S3,"$249,363","-$197,484","8,249","$68,918","$336,870","-$39,741","-$10,412","-$1,598","-$11,320","$3,793","$59,567",192,"2,737",82.59%,17.41%
,2022-10-01 0:00:00,UberEats,S3,"$271,469","-$214,968","8,991","$73,251","$364,981","-$43,484","-$10,062","-$1,703","-$11,925","$4,088","$64,098",198,"2,869",82.07%,17.93%
,2022-11-01 0:00:00,UberEats,S3,"$248,221","-$196,601","8,240","$70,834","$337,612","-$38,160","-$8,635","-$1,705","-$12,467","$4,225","$65,484",172,"2,679",81.74%,18.26%
,2022-12-01 0:00:00,UberEats,S3,"$261,320","-$206,879","8,458","$74,771","$355,626","-$40,203","-$9,374","-$1,744","-$13,976","$4,415","$68,194",167,"2,756",82.10%,17.90%
,2023-01-01 0:00:00,UberEats,S3,"$264,244","-$208,982","8,598","$75,481","$359,457","-$40,048","-$9,959","-$1,547","-$14,922","$4,502","$69,695",175,"2,774",82.92%,17.08%
,2023-02-01 0:00:00,UberEats,S3,"$249,322","-$197,424","8,129","$71,820","$339,714","-$37,606","-$9,527",-$920,"-$14,737","$4,315","$65,258",153,"2,666",82.01%,17.99%
,2023-03-01 0:00:00,UberEats,S3,"$286,701","-$228,025","9,278","$81,473","$389,418","-$42,783","-$10,932",-$729,"-$16,768","$4,587","$72,806",188,"2,914",81.59%,18.41%
,2023-04-01 0:00:00,UberEats,S3,"$275,109","-$219,039","8,842","$77,063","$372,527","-$41,183","-$9,162","-$1,567","-$15,738","$4,539","$70,778",172,"2,848",81.63%,18.37%
,2023-05-01 0:00:00,UberEats,S3,"$275,351","-$219,564","8,967","$77,984","$373,578","-$41,968","-$9,255","-$1,564","-$15,777","$5,219","$71,635",184,"2,885",81.49%,18.51%
,2023-06-01 0:00:00,UberEats,S3,"$265,789","-$212,213","8,603","$74,715","$360,144","-$40,014","-$6,456","-$1,392","-$15,023","$5,449","$69,903",186,"2,805",81.48%,18.52%
,2022-06-01 0:00:00,UberEats,S4,"$521,329","-$435,833","16,634","$136,427","$702,988","-$98,204","-$11,313","-$5,021","-$17,516","$7,633","$98,321",503,"5,439",83.09%,16.91%
,2022-07-01 0:00:00,UberEats,S4,"$525,428","-$444,874","16,709","$135,508","$706,680","-$92,390","-$16,629","-$4,649","-$24,000","$8,587","$86,458",496,"5,301",83.49%,16.51%
,2022-08-01 0:00:00,UberEats,S4,"$527,678","-$444,590","16,808","$134,997","$708,471","-$94,426","-$21,876","-$3,776","-$25,242","$8,589","$81,747",438,"5,323",83.58%,16.42%
,2023-05-01 0:00:00,Postmates,R3,"$2,454","-$1,981",78,$397,"$3,098",-$283,-$399,-$22,-$52,$26,$98,5,28,77.68%,22.32%
,2023-06-01 0:00:00,Postmates,R3,"$2,229","-$1,803",73,$370,"$2,826",-$249,-$256,-$43,-$45,$24,$187,5,28,78.08%,21.92%
,2022-06-01 0:00:00,Postmates,S1,"$16,234","-$13,117",527,"$4,954","$22,468","-$3,220",-$763,-$40,-$549,$398,"$3,704",22,213,76.56%,23.44%
,2022-07-01 0:00:00,Postmates,S1,"$15,974","-$12,930",512,"$4,666","$21,818","-$3,063",-$905,-$39,-$567,$382,"$3,281",19,205,76.74%,23.26%
,2022-08-01 0:00:00,Postmates,S1,"$15,844","-$12,886",512,"$4,497","$21,688","-$3,093","-$1,288",-$20,-$571,$367,"$2,733",19,202,77.76%,22.24%
,2022-09-01 0:00:00,Postmates,S1,"$15,584","-$12,672",497,"$4,213","$21,039","-$3,006","-$1,298",-$13,-$518,$336,"$2,460",17,199,76.92%,23.08%
,2022-10-01 0:00:00,Postmates,S1,"$15,714","-$12,729",495,"$4,279","$21,299","-$3,055","-$1,251",-$31,-$516,$342,"$2,589",16,192,77.25%,22.75%
,2022-11-01 0:00:00,Postmates,S1,"$13,377","-$10,881",427,"$3,817","$18,312","-$2,612",-$586,-$37,-$455,$309,"$2,850",11,168,77.29%,22.71%
,2022-12-01 0:00:00,Postmates,S1,"$14,416","-$11,656",442,"$3,834","$19,351","-$2,553",-$562,-$38,-$440,$282,"$3,078",11,168,78.47%,21.53%
,2023-01-01 0:00:00,Postmates,S1,"$13,117","-$10,598",411,"$3,580","$17,792","-$2,329",-$664,-$67,-$411,$266,"$2,881",12,139,77.73%,22.27%
,2023-02-01 0:00:00,Postmates,S1,"$12,339","-$9,925",386,"$3,385","$16,753","-$2,261",-$563,-$56,-$363,$236,"$2,695",11,136,77.71%,22.29%
,2023-03-01 0:00:00,Postmates,S1,"$14,545","-$11,801",450,"$3,923","$19,610","-$2,589","-$1,071",-$341,-$431,$261,"$2,769",24,159,77.52%,22.48%
,2023-04-01 0:00:00,Postmates,S1,"$12,925","-$10,422",406,"$3,559","$17,532","-$2,362",-$579,-$86,-$379,$227,"$2,888",10,135,76.86%,23.14%
,2023-05-01 0:00:00,Postmates,S1,"$12,726","-$10,279",402,"$3,585","$17,273","-$2,369",-$733,-$71,-$378,$235,"$2,740",12,135,76.71%,23.29%
,2023-06-01 0:00:00,Postmates,S1,"$11,734","-$9,474",373,"$3,417","$16,104","-$2,226",-$520,-$96,-$341,$227,"$2,662",14,130,77.30%,22.70%
,2022-06-01 0:00:00,Postmates,S2,"$8,022","-$6,521",306,"$1,865","$10,523","-$1,127",-$296,-$24,-$126,$83,"$1,739",17,114,72.79%,27.21%
,2022-07-01 0:00:00,Postmates,S2,"$8,058","-$6,596",306,"$1,843","$10,540","-$1,053",-$367,-$30,-$136,$84,"$1,664",17,115,73.25%,26.75%
,2022-08-01 0:00:00,Postmates,S2,"$8,065","-$6,601",308,"$1,762","$10,472","-$1,023",-$555,-$11,-$136,$84,"$1,450",16,110,72.97%,27.03%
,2022-09-01 0:00:00,Postmates,S2,"$7,847","-$6,438",295,"$1,618","$10,093",-$959,-$529,-$12,-$131,$80,"$1,338",13,107,73.27%,26.73%
,2022-10-01 0:00:00,Postmates,S2,"$8,166","-$6,682",302,"$1,680","$10,492",-$996,-$577,-$24,-$141,$83,"$1,366",12,103,71.48%,28.52%
,2022-11-01 0:00:00,Postmates,S2,"$7,837","-$6,421",292,"$1,447","$9,910",-$988,-$668,-$22,-$130,$78,$998,10,101,70.70%,29.30%
,2022-12-01 0:00:00,Postmates,S2,"$8,208","-$6,704",300,"$1,298","$10,162","-$1,014",-$539,-$14,-$117,$74,$996,9,96,71.58%,28.42%
,2023-01-01 0:00:00,Postmates,S2,"$8,338","-$6,770",310,"$1,321","$10,329",-$971,-$726,-$34,-$122,$72,$979,10,87,70.86%,29.14%
,2023-02-01 0:00:00,Postmates,S2,"$7,872","-$6,376",283,"$1,308","$9,812",-$912,-$752,-$19,-$139,$71,$895,8,84,72.11%,27.89%
,2023-03-01 0:00:00,Postmates,S2,"$9,659","-$7,855",337,"$1,559","$11,983","-$1,115",-$922,-$266,-$169,$78,"$1,007",17,99,72.84%,27.16%
,2023-04-01 0:00:00,Postmates,S2,"$8,904","-$7,234",315,"$1,455","$11,067","-$1,084",-$694,-$89,-$155,$73,"$1,096",10,92,72.25%,27.75%
,2023-05-01 0:00:00,Postmates,S2,"$9,372","-$7,618",333,"$1,516","$11,619","-$1,132","-$1,167",-$72,-$163,$84,$751,15,96,72.36%,27.64%
,2023-06-01 0:00:00,Postmates,S2,"$8,733","-$7,103",311,"$1,412","$10,828","-$1,029",-$665,-$133,-$143,$81,"$1,078",15,93,74.10%,25.90%
,2022-06-01 0:00:00,Postmates,S3,"$60,909","-$49,221","1,961","$16,234","$81,688","-$8,466","-$2,285",-$72,"-$1,651",$915,"$15,325",46,717,86.40%,13.60%
,2022-07-01 0:00:00,Postmates,S3,"$63,117","-$51,169","2,002","$16,234","$84,026","-$8,619","-$2,402",-$61,"-$1,664",$873,"$14,286",46,733,86.57%,13.43%
,2022-08-01 0:00:00,Postmates,S3,"$59,351","-$48,182","1,887","$15,065","$78,831","-$8,087","-$3,167",-$40,"-$1,499",$807,"$12,987",41,680,86.68%,13.32%
,2022-09-01 0:00:00,Postmates,S3,"$58,571","-$47,532","1,849","$14,286","$77,143","-$8,334","-$3,089",-$29,"-$1,395",$763,"$11,875",35,669,86.41%,13.59%
,2022-10-01 0:00:00,Postmates,S3,"$60,519","-$48,961","1,898","$14,675","$79,610","-$8,616","-$3,210",-$77,"-$1,436",$796,"$12,131",33,660,86.19%,13.81%
,2022-11-01 0:00:00,Postmates,S3,"$54,286","-$44,026","1,718","$12,964","$71,299","-$7,489","-$2,485",-$61,"-$1,312",$724,"$11,739",25,602,85.78%,14.22%
,2022-12-01 0:00:00,Postmates,S3,"$56,234","-$45,455","1,732","$13,247","$73,766","-$7,834","-$2,404",-$52,"-$1,385",$698,"$12,159",23,587,86.41%,13.59%
,2023-01-01 0:00:00,Postmates,S3,"$52,987","-$42,597","1,641","$12,987","$70,000","-$7,642","-$2,786",-$77,"-$1,371",$690,"$11,570",24,498,85.89%,14.11%
,2023-02-01 0:00:00,Postmates,S3,"$48,831","-$39,351","1,515","$12,117","$64,545","-$7,038","-$2,256",-$63,"-$1,231",$613,"$11,094",20,470,85.59%,14.41%
,2023-03-01 0:00:00,Postmates,S3,"$56,234","-$45,195","1,724","$13,896","$74,286","-$8,044","-$2,986",-$306,"-$1,414",$660,"$12,553",31,507,85.87%,14.13%
,2023-04-01 0:00:00,Postmates,S3,"$52,208","-$41,948","1,605","$13,117","$69,221","-$7,579","-$2,032",-$104,"-$1,331",$606,"$12,709",18,468,85.35%,14.65%
,2023-05-01 0:00:00,Postmates,S3,"$51,688","-$41,688","1,598","$13,377","$68,961","-$7,567","-$2,532",-$90,"-$1,344",$640,"$12,463",23,461,85.29%,14.71%
,2023-06-01 0:00:00,Postmates,S3,"$47,273","-$38,052","1,447","$12,891","$63,636","-$6,906","-$1,720",-$115,"-$1,265",$621,"$12,430",21,433,86.07%,13.93%
,2022-06-01 0:00:00,Postmates,S4,"$44,416","-$37,662","1,315","$10,182","$58,312","-$6,364","-$1,944",-$219,"-$1,154",$620,"$7,413",56,576,88.43%,11.57%
,2022-07-01 0:00:00,Postmates,S4,"$42,338","-$35,974","1,268","$9,545","$55,455","-$6,049","-$2,348",-$165,"-$1,082",$571,"$6,332",55,547,88.07%,11.93%
,2022-08-01 0:00:00,Postmates,S4,"$44,416","-$37,792","1,315","$9,888","$58,052","-$6,468","-$3,581",-$96,"-$1,100",$557,"$5,325",59,561,88.43%,11.57%
,2022-09-01 0:00:00,UberEats,S4,"$532,820","-$447,203","16,643","$137,362","$716,422","-$99,470","-$24,309","-$4,045","-$26,952","$7,983","$76,322",436,"5,299",83.26%,16.74%
,2022-10-01 0:00:00,UberEats,S4,"$575,606","-$482,711","17,882","$146,579","$772,192","-$105,396","-$23,850","-$4,029","-$29,520","$8,686","$85,478",425,"5,448",83.31%,16.69%
,2022-11-01 0:00:00,UberEats,S4,"$537,459","-$451,393","16,834","$139,080","$723,152","-$95,134","-$22,195","-$3,909","-$28,492","$8,805","$87,376",375,"5,233",82.76%,17.24%
,2022-12-01 0:00:00,UberEats,S4,"$570,248","-$478,921","17,419","$148,364","$768,038","-$98,921","-$23,021","-$4,308","-$31,952","$9,372","$92,587",394,"5,472",82.84%,17.16%
,2023-01-01 0:00:00,UberEats,S4,"$559,291","-$469,659","17,255","$145,404","$753,186","-$95,211","-$24,578","-$3,413","-$33,606","$9,632","$91,326",376,"5,340",83.80%,16.20%
,2023-02-01 0:00:00,UberEats,S4,"$535,867","-$438,111","16,571","$139,281","$721,610","-$90,430","-$23,784","-$2,133","-$32,789","$9,198","$98,822",318,"5,128",83.96%,16.04%
,2023-03-01 0:00:00,UberEats,S4,"$615,240","-$505,083","18,949","$156,958","$825,120","-$103,404","-$25,917","-$1,648","-$36,638","$9,774","$109,777",415,"5,673",83.87%,16.13%
,2023-04-01 0:00:00,UberEats,S4,"$572,552","-$470,447","17,686","$144,628","$766,366","-$97,709","-$20,885","-$3,436","-$33,416","$9,478","$104,286",374,"5,429",83.47%,16.53%
,2023-05-01 0:00:00,UberEats,S4,"$591,963","-$485,907","18,186","$147,966","$790,532","-$103,055","-$20,282","-$3,538","-$33,038","$10,762","$109,041",411,"5,643",83.75%,16.25%
,2023-06-01 0:00:00,UberEats,S4,"$554,384","-$456,696","17,062","$137,871","$739,933","-$96,247","-$10,770","-$3,131","-$30,654","$11,225","$101,863",396,"5,372",84.02%,15.98%
,2022-06-01 0:00:00,UberEats,S5,"$344,412","-$282,046","10,962","$79,540","$466,243","-$41,371","-$8,824","-$1,606","-$12,839","$5,089","$71,114",193,"3,354",82.57%,17.43%
,2022-07-01 0:00:00,UberEats,S5,"$348,750","-$287,780","10,985","$76,899","$468,077","-$39,717","-$10,233","-$1,452","-$15,237","$5,443","$64,773",193,"3,310",83.06%,16.94%
,2022-08-01 0:00:00,UberEats,S5,"$342,475","-$281,955","10,789","$75,977","$460,225","-$37,996","-$13,682","-$1,234","-$15,477","$5,342","$62,336",173,"3,252",83.40%,16.60%
,2022-09-01 0:00:00,UberEats,S5,"$332,367","-$273,204","10,270","$74,733","$447,638","-$34,975","-$14,755","-$1,221","-$15,665","$4,929","$59,564",160,"3,135",83.49%,16.51%
,2022-10-01 0:00:00,UberEats,S5,"$359,275","-$295,472","10,981","$80,304","$483,283","-$33,627","-$14,482","-$1,397","-$17,142","$5,272","$63,032",171,"3,244",83.79%,16.21%
,2022-11-01 0:00:00,UberEats,S5,"$340,791","-$267,141","10,414","$69,099","$450,737","-$38,578","-$11,187","-$1,476","-$17,128","$5,356","$74,474",161,"3,114",83.59%,16.41%
,2022-12-01 0:00:00,UberEats,S5,"$342,532","-$269,155","10,043","$73,990","$457,746","-$40,173","-$12,395","-$1,521","-$20,134","$5,587","$69,620",159,"3,177",83.89%,16.11%
,2023-01-01 0:00:00,UberEats,S5,"$357,197","-$280,251","10,800","$76,695","$476,851","-$35,553","-$13,519","-$1,230","-$21,309","$5,757","$79,040",148,"3,138",84.44%,15.56%
,2023-02-01 0:00:00,UberEats,S5,"$335,012","-$262,941","10,228","$72,637","$447,262","-$29,316","-$11,819",-$771,"-$20,604","$5,448","$80,472",131,"3,039",83.61%,16.39%
,2023-03-01 0:00:00,UberEats,S5,"$386,953","-$305,198","11,711","$82,592","$515,616","-$31,878","-$15,228",-$601,"-$23,331","$5,871","$89,390",167,"3,296",83.42%,16.58%
,2023-04-01 0:00:00,UberEats,S5,"$375,382","-$296,251","11,374","$79,304","$499,208","-$33,214","-$15,284","-$1,293","-$21,988","$5,849","$85,058",162,"3,282",82.92%,17.08%
,2023-05-01 0:00:00,UberEats,S5,"$373,355","-$295,538","11,347","$78,718","$495,897","-$33,489","-$16,060","-$1,269","-$21,533","$6,629","$85,392",169,"3,270",83.33%,16.67%
,2023-06-01 0:00:00,UberEats,S5,"$364,862","-$289,699","11,051","$76,551","$484,830","-$32,185","-$7,616","-$1,210","-$20,591","$6,881","$87,434",176,"3,278",83.31%,16.69%
,2022-06-01 0:00:00,UberEats,S6,"$53,998","-$43,759","1,984","$13,674","$72,922","-$8,934","-$1,818","-$1,095","-$2,058","$1,036","$10,565",116,788,67.11%,32.89%
,2022-07-01 0:00:00,UberEats,S6,"$59,526","-$48,854","2,202","$15,628","$80,956","-$9,415","-$2,475","-$1,134","-$3,422","$1,182","$10,095",128,835,67.63%,32.37%
,2022-08-01 0:00:00,UberEats,S6,"$59,122","-$48,345","2,214","$15,611","$80,512","-$9,354","-$2,493","-$1,152","-$3,615","$1,234","$10,218",129,839,66.49%,33.51%
,2022-09-01 0:00:00,UberEats,S6,"$56,498","-$46,310","2,087","$14,987","$77,019","-$8,654","-$1,961",-$995,"-$3,723","$1,218","$10,100",111,794,66.60%,33.40%
,2022-10-01 0:00:00,UberEats,S6,"$54,994","-$45,116","2,000","$14,522","$74,903","-$7,974","-$1,631","-$1,129","-$3,932","$1,334","$9,758",105,767,68.46%,31.54%
,2022-11-01 0:00:00,UberEats,S6,"$56,859","-$46,689","2,057","$15,166","$77,613","-$9,119","-$1,114","-$1,284","-$3,963","$1,296","$10,146",106,776,68.60%,31.40%
,2022-12-01 0:00:00,UberEats,S6,"$60,291","-$49,611","2,117","$16,576","$82,776","-$10,403","-$1,798","-$1,343","-$4,779","$1,380","$9,491",110,812,69.80%,30.20%
,2023-01-01 0:00:00,UberEats,S6,"$60,532","-$49,618","2,178","$16,526","$82,997","-$8,678","-$1,969","-$1,301","-$4,866","$1,386","$12,105",119,804,69.90%,30.10%
,2023-02-01 0:00:00,UberEats,S6,"$62,813","-$51,513","2,223","$17,018","$85,973","-$8,562","-$3,163",-$707,"-$5,106","$1,329","$10,936",100,826,69.60%,30.40%
,2023-03-01 0:00:00,UberEats,S6,"$71,630","-$58,942","2,508","$19,524","$98,050","-$9,949","-$3,538",-$547,"-$6,176","$1,435","$12,172",129,918,69.44%,30.56%
,2023-04-01 0:00:00,UberEats,S6,"$65,900","-$54,329","2,333","$17,338","$89,608","-$9,155","-$2,066","-$1,198","-$5,255","$1,445","$12,217",114,857,69.46%,30.54%
,2023-05-01 0:00:00,UberEats,S6,"$64,842","-$53,511","2,303","$17,023","$88,069","-$8,549","-$1,862","-$1,207","-$4,978","$1,659","$13,496",120,875,69.55%,30.45%
,2023-06-01 0:00:00,UberEats,S6,"$62,615","-$51,704","2,221","$16,212","$84,673","-$8,093","-$1,555","-$1,222","-$4,565","$1,762","$13,425",128,862,70.73%,29.27%
,2022-06-01 0:00:00,UberEats,U1,"$118,481","-$95,337","4,721","$23,966","$151,910","-$16,369","-$6,056","-$1,880","-$3,145","$2,071","$15,197",195,"1,647",60.87%,39.13%
,2022-07-01 0:00:00,UberEats,U1,"$130,805","-$106,473","5,094","$25,261","$166,440","-$17,295","-$7,940","-$1,956","-$3,539","$2,164","$12,308",218,"1,751",63.41%,36.59%
,2022-08-01 0:00:00,UberEats,U1,"$135,128","-$109,358","5,301","$26,288","$172,185","-$17,616","-$8,151","-$2,018","-$3,614","$2,148","$14,346",231,"1,856",64.36%,35.64%
,2022-09-01 0:00:00,UberEats,U1,"$150,208","-$121,925","5,737","$29,717","$191,692","-$19,251","-$9,707","-$2,380","-$4,372","$2,173","$13,446",247,"1,958",65.36%,34.64%
,2022-10-01 0:00:00,UberEats,U1,"$158,667","-$127,832","5,991","$34,534","$205,635","-$20,169","-$9,413","-$2,586","-$6,425","$2,497","$15,998",238,"1,995",65.78%,34.22%
,2022-11-01 0:00:00,UberEats,U1,"$143,318","-$115,427","5,474","$29,287","$183,819","-$20,797","-$6,554","-$2,349","-$5,109","$2,338","$14,078",205,"1,890",64.80%,35.20%
,2022-12-01 0:00:00,UberEats,U1,"$153,403","-$123,818","5,703","$29,534","$194,846","-$21,428","-$7,219","-$2,678","-$5,110","$2,420","$13,885",221,"1,997",65.43%,34.57%
,2023-01-01 0:00:00,UberEats,U1,"$160,443","-$128,946","6,012","$30,838","$203,815","-$20,531","-$8,455","-$2,299","-$5,226","$2,369","$17,786",231,"2,008",66.62%,33.38%
,2022-09-01 0:00:00,Postmates,S4,"$44,156","-$37,532","1,306","$9,419","$57,403","-$6,738","-$3,699",-$57,"-$1,052",$520,"$4,332",44,557,88.01%,11.99%
,2022-10-01 0:00:00,Postmates,S4,"$45,974","-$39,091","1,346","$9,984","$60,000","-$6,987","-$3,337",-$137,"-$1,095",$535,"$5,164",44,545,87.41%,12.59%
,2022-11-01 0:00:00,Postmates,S4,"$39,221","-$33,377","1,151","$9,491","$52,078","-$5,598","-$1,966",-$229,"-$1,167",$523,"$6,598",30,469,87.34%,12.66%
,2022-12-01 0:00:00,Postmates,S4,"$40,130","-$34,156","1,133","$9,785","$53,377","-$5,585","-$1,982",-$145,"-$1,328",$511,"$6,792",26,454,87.99%,12.01%
,2023-01-01 0:00:00,Postmates,S4,"$35,584","-$30,130",989,"$9,297","$47,922","-$5,292","-$2,423",-$299,"-$1,305",$509,"$5,784",32,337,87.63%,12.37%
,2023-02-01 0:00:00,Postmates,S4,"$34,805","-$28,701",986,"$8,240","$45,974","-$5,353","-$2,641",-$387,-$914,$430,"$5,383",33,345,88.14%,11.86%
,2023-03-01 0:00:00,Postmates,S4,"$45,844","-$37,922","1,282","$8,758","$58,571","-$7,085","-$4,618","-$1,468",-$930,$458,"$4,182",72,436,88.24%,11.76%
,2023-04-01 0:00:00,Postmates,S4,"$41,169","-$34,026","1,154","$8,040","$52,597","-$6,562","-$3,149",-$481,-$820,$412,"$4,858",32,380,87.98%,12.02%
,2023-05-01 0:00:00,Postmates,S4,"$41,688","-$34,416","1,187","$8,908","$54,026","-$6,905","-$3,620",-$273,-$821,$432,"$5,183",39,384,87.60%,12.40%
,2023-06-01 0:00:00,Postmates,S4,"$35,844","-$29,610","1,022","$8,596","$47,403","-$5,901","-$2,270",-$337,-$830,$426,"$5,796",39,353,88.16%,11.84%
,2022-06-01 0:00:00,Postmates,S5,"$24,416","-$20,649",708,"$5,704","$33,117","-$1,945",-$900,-$112,-$744,$313,"$4,938",29,329,89.80%,10.20%
,2022-07-01 0:00:00,Postmates,S5,"$23,377","-$19,740",680,"$5,344","$31,558","-$1,836",-$995,-$66,-$699,$303,"$4,492",27,313,89.63%,10.37%
,2022-08-01 0:00:00,Postmates,S5,"$22,727","-$19,221",658,"$5,029","$30,519","-$1,775","-$1,488",-$35,-$663,$284,"$3,772",28,304,89.58%,10.42%
,2022-09-01 0:00:00,Postmates,S5,"$21,558","-$18,312",623,"$4,537","$28,701","-$1,615","-$1,370",-$18,-$594,$263,"$3,372",21,290,89.47%,10.53%
,2022-10-01 0:00:00,Postmates,S5,"$22,727","-$19,221",639,"$4,931","$30,390","-$1,521","-$1,370",-$62,-$649,$275,"$3,580",22,280,89.79%,10.21%
,2022-11-01 0:00:00,Postmates,S5,"$20,779","-$16,753",585,"$3,731","$27,013","-$1,767",-$803,-$50,-$647,$260,"$4,358",17,256,89.88%,10.12%
,2022-12-01 0:00:00,Postmates,S5,"$20,390","-$16,494",554,"$3,534","$26,364","-$1,854",-$734,-$50,-$608,$247,"$3,818",14,244,89.78%,10.22%
,2023-01-01 0:00:00,Postmates,S5,"$18,961","-$15,195",525,"$3,440","$24,675","-$1,678",-$961,-$122,-$517,$227,"$3,635",17,174,88.78%,11.22%
,2023-02-01 0:00:00,Postmates,S5,"$17,532","-$14,026",490,"$3,221","$22,857","-$1,324",-$970,-$107,-$468,$211,"$3,648",16,170,88.57%,11.43%
,2023-03-01 0:00:00,Postmates,S5,"$21,429","-$17,143",586,"$3,902","$27,922","-$1,507","-$1,546",-$411,-$567,$230,"$4,184",26,191,88.81%,11.19%
,2023-04-01 0:00:00,Postmates,S5,"$19,351","-$15,455",533,"$3,708","$25,325","-$1,441","-$1,010",-$134,-$561,$211,"$4,343",14,174,88.19%,11.81%
,2023-05-01 0:00:00,Postmates,S5,"$18,571","-$14,805",514,"$3,648","$24,416","-$1,414","-$1,174",-$87,-$565,$222,"$4,106",14,164,88.87%,11.13%
,2023-06-01 0:00:00,Postmates,S5,"$17,792","-$14,286",495,"$3,409","$23,377","-$1,376",-$764,-$133,-$441,$211,"$4,056",17,167,89.14%,10.86%
,2022-06-01 0:00:00,Postmates,S6,"$17,013","-$14,026",555,"$3,919","$22,727","-$1,995",-$750,-$63,-$528,$330,"$3,616",19,219,81.76%,18.24%
,2022-07-01 0:00:00,Postmates,S6,"$17,273","-$14,286",562,"$3,899","$22,987","-$2,052",-$879,-$34,-$546,$307,"$3,232",21,221,81.43%,18.57%
,2022-08-01 0:00:00,Postmates,S6,"$16,623","-$13,636",535,"$3,569","$21,818","-$1,902","-$1,236",-$19,-$514,$287,"$2,668",18,209,81.80%,18.20%
,2022-09-01 0:00:00,Postmates,S6,"$15,714","-$12,987",498,"$3,137","$20,390","-$1,690","-$1,347",-$6,-$479,$271,"$2,136",14,200,82.42%,17.58%
,2022-10-01 0:00:00,Postmates,S6,"$15,065","-$12,466",473,"$2,966","$19,481","-$1,471","-$1,037",-$13,-$437,$267,"$2,151",12,189,83.47%,16.53%
,2022-11-01 0:00:00,Postmates,S6,"$14,416","-$11,992",453,"$3,086","$19,091","-$1,500",-$558,-$18,-$436,$251,"$2,694",9,176,83.07%,16.93%
,2022-12-01 0:00:00,Postmates,S6,"$14,675","-$12,226",448,"$3,069","$19,221","-$1,551",-$518,-$12,-$426,$235,"$2,785",10,177,83.58%,16.42%
,2023-01-01 0:00:00,Postmates,S6,"$13,766","-$11,358",428,"$2,907","$18,052","-$1,389",-$666,-$23,-$376,$217,"$2,775",10,146,82.64%,17.36%
,2023-02-01 0:00:00,Postmates,S6,"$12,688","-$10,451",397,"$2,722","$16,753","-$1,234",-$517,-$32,-$341,$193,"$2,636",9,139,82.54%,17.46%
,2023-03-01 0:00:00,Postmates,S6,"$14,805","-$12,232",455,"$3,175","$19,481","-$1,519",-$744,-$98,-$400,$207,"$2,978",13,152,82.40%,17.60%
,2023-04-01 0:00:00,Postmates,S6,"$13,506","-$11,145",417,"$2,945","$17,792","-$1,411",-$502,-$35,-$357,$193,"$2,969",8,137,81.85%,18.15%
,2023-05-01 0:00:00,Postmates,S6,"$13,117","-$10,895",407,"$2,900","$17,403","-$1,374",-$580,-$34,-$358,$200,"$2,919",9,132,82.25%,17.75%
,2023-06-01 0:00:00,Postmates,S6,"$12,212","-$10,098",382,"$2,755","$16,104","-$1,273",-$412,-$49,-$309,$195,"$2,881",10,127,83.19%,16.81%
,2022-06-01 0:00:00,Postmates,U1,"$2,162","-$1,773",77,$443,"$2,778",-$219,-$140,-$42,-$35,$29,$344,11,41,68.21%,31.79%
,2022-07-01 0:00:00,Postmates,U1,"$2,475","-$2,035",85,$495,"$3,166",-$250,-$253,-$29,-$42,$30,$243,12,44,68.84%,31.16%
,2022-08-01 0:00:00,Postmates,U1,"$2,948","-$2,412",97,$548,"$3,732",-$285,-$440,-$22,-$47,$31,$152,14,51,72.17%,27.83%
,2022-09-01 0:00:00,Postmates,U1,"$3,274","-$2,687",109,$589,"$4,121",-$316,-$502,-$15,-$56,$35,$88,12,54,71.50%,28.50%
,2022-10-01 0:00:00,Postmates,U1,"$3,560","-$2,900",118,$661,"$4,501",-$357,-$503,-$41,-$63,$33,$104,13,55,69.89%,30.11%
,2022-11-01 0:00:00,Postmates,U1,"$3,667","-$2,978",119,$603,"$4,559",-$418,-$679,-$53,-$71,$35,-$143,10,52,71.19%,28.81%
,2022-12-01 0:00:00,Postmates,U1,"$3,524","-$2,878",115,$489,"$4,286",-$416,-$481,-$62,-$55,$33,-$88,9,49,69.39%,30.61%
,2023-01-01 0:00:00,Postmates,U1,"$3,900","-$3,159",126,$540,"$4,743",-$428,-$698,-$61,-$64,$35,-$174,10,48,70.66%,29.34%
,2023-02-01 0:00:00,UberEats,U1,"$175,131","-$141,204","6,489","$34,603","$223,421","-$26,124","-$11,972","-$1,656","-$6,739","$2,412","$16,466",222,"2,114",64.05%,35.95%
,2023-03-01 0:00:00,UberEats,U1,"$198,858","-$160,952","7,345","$39,098","$253,411","-$30,462","-$12,220","-$1,268","-$8,100","$2,579","$19,537",260,"2,288",63.21%,36.79%
,2023-04-01 0:00:00,UberEats,U1,"$182,601","-$148,071","6,908","$35,891","$232,636","-$26,255","-$7,822","-$1,604","-$6,857","$2,589","$24,909",207,"2,165",62.37%,37.63%
,2023-05-01 0:00:00,UberEats,U1,"$161,319","-$130,650","6,179","$31,439","$205,385","-$22,643","-$4,934","-$1,547","-$5,252","$2,803","$25,693",200,"2,070",62.69%,37.31%
,2023-06-01 0:00:00,UberEats,U1,"$145,385","-$118,204","5,388","$26,703","$183,218","-$19,221","-$3,266","-$1,401","-$4,040","$2,812","$24,921",197,"1,822",64.27%,35.73%
,2022-06-01 0:00:00,UberEats,V1,"$18,993","-$15,251",659,"$5,731","$26,143","-$3,837",-$356,-$261,-$548,$269,"$4,703",25,259,63.80%,36.20%
,2022-07-01 0:00:00,UberEats,V1,"$20,058","-$16,268",691,"$6,109","$27,668","-$3,797",-$445,-$270,-$872,$307,"$4,708",27,271,64.82%,35.18%
,2022-08-01 0:00:00,UberEats,V1,"$19,862","-$16,045",697,"$6,085","$27,422","-$3,723",-$480,-$256,-$902,$316,"$4,839",28,271,65.27%,34.73%
,2022-09-01 0:00:00,UberEats,V1,"$20,454","-$16,456",707,"$6,254","$28,228","-$3,963",-$673,-$247,-$959,$321,"$4,682",26,271,65.13%,34.87%
,2022-10-01 0:00:00,UberEats,V1,"$21,460","-$17,269",742,"$6,491","$29,551","-$4,191",-$487,-$245,"-$1,040",$368,"$5,010",26,273,64.05%,35.95%
,2022-11-01 0:00:00,UberEats,V1,"$20,445","-$16,515",705,"$6,349","$28,321","-$3,955",-$369,-$243,"-$1,088",$380,"$5,029",23,266,63.32%,36.68%
,2022-12-01 0:00:00,UberEats,V1,"$22,064","-$17,801",748,"$6,909","$30,597","-$4,229",-$476,-$266,"-$1,276",$409,"$5,269",26,280,63.79%,36.21%
,2023-01-01 0:00:00,UberEats,V1,"$21,459","-$17,287",744,"$6,795","$29,833","-$4,064",-$567,-$256,"-$1,325",$421,"$5,271",25,275,64.42%,35.58%
,2023-02-01 0:00:00,UberEats,V1,"$20,512","-$16,506",707,"$6,448","$28,463","-$3,806",-$704,-$137,"-$1,310",$417,"$4,817",21,267,64.14%,35.86%
,2023-03-01 0:00:00,UberEats,V1,"$23,424","-$19,011",803,"$7,169","$32,308","-$4,172",-$782,-$110,"-$1,448",$445,"$5,314",27,292,64.73%,35.27%
,2023-04-01 0:00:00,UberEats,V1,"$22,675","-$18,399",770,"$6,957","$31,292","-$4,097",-$623,-$249,"-$1,426",$456,"$5,270",25,288,64.96%,35.04%
,2023-05-01 0:00:00,UberEats,V1,"$23,516","-$19,082",800,"$7,237","$32,466","-$4,256",-$611,-$246,"-$1,478",$535,"$5,689",28,298,65.30%,34.70%
,2023-06-01 0:00:00,UberEats,V1,"$22,640","-$18,421",767,"$6,897","$31,200","-$3,993",-$347,-$227,"-$1,386",$557,"$5,566",28,290,65.31%,34.69%
,2022-06-01 0:00:00,UberEats,W1,"$734,751","-$594,857","25,084","$169,492","$962,888","-$83,225","-$16,566","-$4,213","-$38,316","$10,596","$157,578",439,"7,034",80.09%,19.91%
,2022-07-01 0:00:00,UberEats,W1,"$763,293","-$623,955","25,769","$176,413","$1,001,767","-$80,956","-$18,874","-$4,572","-$42,344","$11,245","$158,152",484,"7,131",80.50%,19.50%
,2022-08-01 0:00:00,UberEats,W1,"$746,923","-$609,227","25,417","$173,742","$981,305","-$77,772","-$25,211","-$3,801","-$42,930","$11,121","$152,857",435,"7,058",80.76%,19.24%
,2022-09-01 0:00:00,UberEats,W1,"$739,105","-$601,753","24,795","$172,211","$971,528","-$73,912","-$26,833","-$3,182","-$44,437","$10,125","$147,842",378,"6,876",81.21%,18.79%
,2022-10-01 0:00:00,UberEats,W1,"$801,552","-$652,703","26,286","$179,162","$1,045,824","-$75,639","-$40,746","-$3,594","-$48,730","$11,050","$133,446",391,"7,119",80.66%,19.34%
,2022-11-01 0:00:00,UberEats,W1,"$751,521","-$612,660","24,702","$174,358","$987,229","-$79,017","-$31,631","-$3,724","-$48,310","$11,490","$133,646",354,"6,858",80.49%,19.51%
,2022-12-01 0:00:00,UberEats,W1,"$814,492","-$664,035","25,920","$191,808","$1,072,348","-$89,689","-$34,077","-$4,390","-$55,340","$12,337","$150,095",384,"7,198",81.14%,18.86%
,2023-01-01 0:00:00,UberEats,W1,"$814,518","-$664,246","26,527","$189,370","$1,070,148","-$78,027","-$36,175","-$4,075","-$56,691","$12,559","$160,601",381,"7,087",81.41%,18.59%
,2023-02-01 0:00:00,UberEats,W1,"$784,129","-$640,735","25,410","$184,651","$1,032,223","-$69,298","-$39,439","-$2,725","-$57,561","$11,913","$145,900",342,"6,951",81.07%,18.93%
,2023-03-01 0:00:00,UberEats,W1,"$919,893","-$755,805","30,028","$187,708","$1,181,395","-$89,299","-$47,182","-$2,979","-$53,690","$12,607","$145,690",432,"7,673",80.83%,19.17%
,2023-04-01 0:00:00,UberEats,W1,"$854,922","-$697,625","27,729","$175,899","$1,099,040","-$96,340","-$37,325","-$3,518","-$50,808","$12,478","$145,981",399,"7,391",79.78%,20.22%
,2023-05-01 0:00:00,UberEats,W1,"$854,851","-$693,181","27,909","$171,049","$1,094,470","-$97,220","-$42,408","-$3,618","-$46,118","$14,015","$155,316",428,"7,510",79.75%,20.25%
,2023-06-01 0:00:00,UberEats,W1,"$821,577","-$665,889","26,903","$163,169","$1,051,853","-$93,169","-$17,761","-$3,863","-$42,044","$14,368","$166,610",465,"7,379",80.12%,19.88%
,2022-06-01 0:00:00,UberEats,W2,"$11,899","-$9,450",449,"$3,185","$16,095","-$2,712",-$296,-$182,-$551,$308,"$2,192",19,165,68.99%,31.01%
,2022-07-01 0:00:00,UberEats,W2,"$13,160","-$10,521",490,"$3,713","$18,011","-$2,808",-$277,-$178,-$839,$339,"$2,500",20,180,69.28%,30.72%
,2022-08-01 0:00:00,UberEats,W2,"$12,327","-$9,814",470,"$3,527","$16,937","-$2,645",-$297,-$147,-$853,$341,"$2,387",18,166,69.74%,30.26%
,2022-09-01 0:00:00,UberEats,W2,"$11,636","-$9,276",439,"$3,342","$16,002","-$2,447",-$378,-$152,-$872,$329,"$2,146",17,157,67.65%,32.35%
,2022-10-01 0:00:00,UberEats,W2,"$11,543","-$9,163",431,"$3,537","$16,112","-$2,345",-$334,-$135,"-$1,047",$360,"$2,422",15,150,66.78%,33.22%
,2022-11-01 0:00:00,UberEats,W2,"$10,698","-$8,529",404,"$3,204","$14,851","-$2,194",-$171,-$163,-$960,$351,"$2,316",14,145,64.89%,35.11%
,2022-12-01 0:00:00,UberEats,W2,"$11,204","-$8,936",418,"$3,372","$15,568","-$2,285",-$219,-$182,"-$1,015",$349,"$2,327",15,147,66.11%,33.89%
,2023-01-01 0:00:00,UberEats,W2,"$11,456","-$9,090",432,"$3,440","$15,912","-$2,283",-$307,-$158,"-$1,053",$353,"$2,476",16,148,68.04%,31.96%
,2023-02-01 0:00:00,UberEats,W2,"$10,957","-$8,709",406,"$3,217","$15,094","-$2,151",-$386,-$84,-$985,$338,"$2,216",13,144,67.55%,32.45%
,2023-03-01 0:00:00,UberEats,W2,"$13,363","-$10,655",485,"$3,866","$18,396","-$2,650",-$724,-$51,"-$1,212",$356,"$2,261",17,168,67.91%,32.09%
,2023-04-01 0:00:00,UberEats,W2,"$12,891","-$10,277",462,"$3,762","$17,774","-$2,437",-$679,-$147,"-$1,249",$359,"$2,298",17,166,66.82%,33.18%
,2023-05-01 0:00:00,UberEats,W2,"$13,099","-$10,476",467,"$3,862","$18,070","-$2,285",-$562,-$170,"-$1,286",$423,"$2,717",19,171,68.60%,31.40%
,2023-06-01 0:00:00,UberEats,W2,"$12,930","-$10,367",462,"$3,822","$17,893","-$2,338",-$410,-$166,"-$1,235",$441,"$2,667",21,171,68.52%,31.48%
,2023-02-01 0:00:00,Postmates,U1,"$4,192","-$3,381",134,$622,"$5,140",-$550,-$753,-$96,-$97,$39,-$178,10,51,71.30%,28.70%
,2023-03-01 0:00:00,Postmates,U1,"$5,765","-$4,682",178,$819,"$7,028",-$728,"-$1,073",-$493,-$126,$46,-$255,23,69,71.20%,28.80%
,2023-04-01 0:00:00,Postmates,U1,"$5,453","-$4,416",171,$771,"$6,641",-$646,-$925,-$226,-$113,$46,-$69,13,64,72.09%,27.91%
,2023-05-01 0:00:00,Postmates,U1,"$5,323","-$4,302",166,$745,"$6,478",-$633,"-$1,204",-$142,-$101,$62,-$346,15,64,72.41%,27.59%
,2023-06-01 0:00:00,Postmates,U1,"$4,254","-$3,448",132,$576,"$5,148",-$495,-$674,-$219,-$64,$48,$15,15,55,72.70%,27.30%
,2022-06-01 0:00:00,Postmates,V1,"$13,377","-$10,766",453,"$3,284","$17,662","-$2,381",-$480,-$19,-$457,$253,"$2,559",11,162,70.72%,29.28%
,2022-07-01 0:00:00,Postmates,V1,"$13,377","-$10,888",451,"$3,469","$17,922","-$2,399",-$557,-$10,-$452,$238,"$2,550",10,156,70.31%,29.69%
,2022-08-01 0:00:00,Postmates,V1,"$12,987","-$10,541",431,"$3,658","$17,662","-$2,262",-$766,-$3,-$430,$224,"$2,656",8,149,71.75%,28.25%
,2022-09-01 0:00:00,Postmates,V1,"$12,678","-$10,274",416,"$3,428","$17,013","-$2,262",-$770,-$12,-$405,$219,"$2,363",7,147,70.43%,29.57%
,2022-10-01 0:00:00,Postmates,V1,"$12,575","-$10,182",415,"$3,490","$17,013","-$2,278",-$733,-$16,-$392,$225,"$2,441",7,141,70.23%,29.77%
,2022-11-01 0:00:00,Postmates,V1,"$11,339","-$9,193",372,"$3,390","$15,584","-$1,979",-$327,-$17,-$369,$205,"$2,849",5,130,69.21%,30.79%
,2022-12-01 0:00:00,Postmates,V1,"$12,179","-$9,872",384,"$3,382","$16,494","-$2,093",-$440,-$14,-$364,$198,"$2,736",6,131,71.26%,28.74%
,2023-01-01 0:00:00,Postmates,V1,"$11,320","-$9,156",365,"$3,142","$15,325","-$1,990",-$457,-$13,-$330,$189,"$2,555",5,118,71.19%,28.81%
,2023-02-01 0:00:00,Postmates,V1,"$10,096","-$8,173",326,"$2,795","$13,636","-$1,747",-$418,-$10,-$272,$169,"$2,270",4,110,70.95%,29.05%
,2023-03-01 0:00:00,Postmates,V1,"$11,690","-$9,498",372,"$3,208","$15,714","-$1,969",-$520,-$55,-$322,$190,"$2,624",6,119,71.28%,28.72%
,2023-04-01 0:00:00,Postmates,V1,"$10,805","-$8,765",344,"$3,031","$14,675","-$1,860",-$354,-$17,-$299,$170,"$2,605",4,111,71.74%,28.26%
,2023-05-01 0:00:00,Postmates,V1,"$10,860","-$8,820",345,"$3,089","$14,805","-$1,863",-$448,-$16,-$293,$174,"$2,621",5,112,71.91%,28.09%
,2023-06-01 0:00:00,Postmates,V1,"$10,242","-$8,329",320,"$3,036","$14,026","-$1,741",-$226,-$10,-$288,$168,"$2,687",4,106,73.29%,26.71%
,2022-06-01 0:00:00,Postmates,W1,"$32,727","-$27,403","1,044","$6,229","$41,818","-$2,804","-$1,119",-$108,-$804,$317,"$6,114",45,453,86.10%,13.90%
,2022-07-01 0:00:00,Postmates,W1,"$32,597","-$27,273","1,044","$6,051","$41,429","-$2,855","-$1,446",-$116,-$756,$315,"$5,449",51,446,85.79%,14.21%
,2022-08-01 0:00:00,Postmates,W1,"$31,558","-$26,364","1,012","$5,638","$39,870","-$2,727","-$2,127",-$74,-$707,$297,"$4,464",51,422,85.91%,14.09%
,2022-09-01 0:00:00,Postmates,W1,"$31,299","-$26,104",989,"$5,147","$39,091","-$2,522","-$1,924",-$34,-$682,$280,"$4,153",38,419,86.18%,13.82%
,2022-10-01 0:00:00,Postmates,W1,"$31,299","-$26,234",968,"$5,259","$39,221","-$2,272","-$1,883",-$116,-$733,$286,"$4,087",37,403,85.59%,14.41%
,2022-11-01 0:00:00,Postmates,W1,"$28,961","-$24,156",887,"$4,878","$36,234","-$2,120","-$1,692",-$112,-$660,$269,"$4,043",28,361,85.55%,14.45%
,2022-12-01 0:00:00,Postmates,W1,"$29,870","-$24,935",894,"$5,225","$37,662","-$2,505","-$1,507",-$79,-$754,$265,"$4,477",26,347,85.87%,14.13%
,2023-01-01 0:00:00,Postmates,W1,"$27,273","-$22,468",830,"$5,092","$34,675","-$2,252","-$1,883",-$163,-$733,$263,"$4,158",29,261,84.64%,15.36%
,2023-02-01 0:00:00,Postmates,W1,"$25,844","-$21,429",794,"$4,926","$32,987","-$2,117","-$1,762",-$181,-$744,$244,"$3,760",26,256,84.51%,15.49%
,2023-03-01 0:00:00,Postmates,W1,"$30,909","-$25,584",921,"$5,884","$39,351","-$2,672","-$2,631",-$749,-$993,$303,"$3,996",47,286,84.76%,15.24%
,2023-04-01 0:00:00,Postmates,W1,"$26,494","-$21,818",791,"$5,248","$34,026","-$2,634","-$1,658",-$234,-$889,$266,"$4,408",23,246,84.11%,15.89%
,2023-05-01 0:00:00,Postmates,W1,"$25,714","-$20,909",771,"$5,002","$32,857","-$2,681","-$2,002",-$139,-$718,$275,"$4,368",26,238,84.27%,15.73%
,2023-06-01 0:00:00,Postmates,W1,"$23,896","-$19,481",721,"$4,859","$30,779","-$2,462","-$1,463",-$238,-$591,$260,"$4,585",30,236,84.94%,15.06%
,2022-06-01 0:00:00,Postmates,W2,"$1,161",-$951,45,$255,"$1,509",-$238,-$49,-$5,-$16,$14,$156,3,20,69.99%,30.01%
,2022-07-01 0:00:00,Postmates,W2,"$1,306","-$1,065",48,$275,"$1,686",-$254,-$66,-$5,-$18,$13,$168,3,21,71.19%,28.81%
,2022-08-01 0:00:00,Postmates,W2,"$1,202",-$983,45,$246,"$1,545",-$236,-$89,-$1,-$19,$13,$115,3,19,69.99%,30.01%
,2022-09-01 0:00:00,Postmates,W2,"$1,164",-$953,43,$224,"$1,483",-$223,-$97,-$1,-$16,$11,$92,2,19,70.69%,29.31%
,2022-10-01 0:00:00,Postmates,W2,"$1,128",-$916,43,$230,"$1,450",-$226,-$84,-$2,-$17,$11,$107,2,17,69.22%,30.78%
,2022-11-01 0:00:00,Postmates,W2,"$1,016",-$826,39,$186,"$1,284",-$202,-$111,-$4,-$13,$11,$45,1,15,66.04%,33.96%
,2022-12-01 0:00:00,Postmates,W2,"$1,060",-$863,41,$169,"$1,312",-$216,-$89,-$3,-$13,$10,$37,1,15,66.26%,33.74%
,2023-01-01 0:00:00,Postmates,W2,"$1,042",-$841,41,$174,"$1,299",-$220,-$110,-$3,-$11,$9,$32,1,13,67.76%,32.24%
,2023-02-01 0:00:00,Postmates,W2,$996,-$802,37,$170,"$1,244",-$201,-$105,-$3,-$15,$10,$40,1,12,68.29%,31.71%
,2023-03-01 0:00:00,Postmates,W2,"$1,166",-$946,43,$200,"$1,459",-$248,-$101,-$16,-$17,$11,$57,2,14,67.85%,32.15%
,2023-04-01 0:00:00,Postmates,W2,"$1,112",-$900,41,$190,"$1,389",-$231,-$78,-$4,-$17,$9,$76,1,13,68.22%,31.78%
,2023-05-01 0:00:00,Postmates,W2,"$1,090",-$887,41,$188,"$1,363",-$216,-$88,-$2,-$15,$10,$81,2,13,68.73%,31.27%
,2023-06-01 0:00:00,Postmates,W2,"$1,066",-$868,39,$183,"$1,333",-$216,-$59,-$7,-$16,$10,$86,2,13,68.35%,31.65%